text,label
escort sir thomas more visualize of seborrhoeic keratoses escort dermoscopy visualize of seborrhoeic keratoses,Seborrheic Keratoses
affected role with bark of colouring material appear to follow at item lay on the line of developing lichen simplex and nodular prurigo with scratching and rubbing .,Eczema
"Acute dermatitis is red ( erythematous ) , weeping/crusted ( exudative ) and whitethorn feature bleb ( cyst operating theater bleb ) .",Atopic Dermatitis
"Seborrhoeic keratoses can spring up on whatever area of hide , cut through or bring out , with the exception of palms and colloidal solution .",Seborrheic Keratoses
"Cutaneous viral verruca make a heavily , keratinous surface .",Viral Infections
"in skin of colour , the plaques are typically thickheaded with a thomas more articulate silver scale and urge .",Psoriasis Lichen Planus
BCC is rattling rarely a threat to life time .,Basal Cell Carcinoma
The dispersion of lesions make up typically asymmetrical .,Fungal Infections
"The main feature are : Slowly growing plaque beaver state nodule struggle coloured , pink beaver state pigment Varies inch sizing from a few millimetres to respective centimetres inch diam Spontaneous shed blood beaver state ulceration .",Basal Cell Carcinoma
witness to a greater extent fancy of seborrhoeic keratoses witness dermoscopy fancy of seborrhoeic keratoses,Seborrheic Keratoses
Patients with hide of color in appear to be astatine especial risk of developing lichen simplex and noduled prurigo with engrave and rubbing .,Atopic Dermatitis
bantam red or black dots seeable hoosier state the wart are papillary capillaries .,Viral Infections
angstrom unit lesion counterpane knocked out from the centre work a ring-shape with central hypopigmentation and a peripheral scaled red brim ( ringworm ) .,Fungal Infections
"Melanocytic naevi change widely in clinical , dermatoscopic and histologic appearing .",Melanocytic Nevi
"cutaneal viral verruca have a hard , keratinous come out .",Viral Infections
"Melanocytic naevi alter wide in clinical , dermatoscopic and histological appearing .",Melanocytic Nevi
They differ in appearing depending along the body land site .,Melanocytic Nevi
"Perifollicular and extensor , sooner than flexural , patterns may too comprise thomas more common in patients of african pedigree .",Eczema
Seborrhoeic keratoses have adenine highly varying appearance .,Benign Keratosis-like Lesions
They do non arise from mucose membranes .,Benign Keratosis-like Lesions
Patients with shinny of colorize appear to constitute at particular put on the line of recrudesce lichen simplex and nodular prurigo with excise and rubbing .,Eczema
"There may be areas of arrested development that make up the colour of pattern scrape , oregon white and scarred .",Melanoma
Light-skinned individuals run to have light-coloured naevi and dark-skinned individuals run to have colored brownish operating theater disgraceful naevi .,Melanocytic Nevi
"Perifollicular and extensor muscle , kind of than flexural , patterns may also be more common inwards patient of african stock .",Atopic Dermatitis
Other character of psoriasis show variable quantity rates in dissimilar skin character .,Psoriasis Lichen Planus
Seborrhoeic keratoses have amp highly variable show .,Benign Keratosis-like Lesions
"Cutaneous viral verruca give a hard , keratinous coat .",Viral Infections
Melanomas that are absent paint are called amelanotic malignant melanoma .,Melanoma
Auspitz polarity refers to nail bleeding upon removal of the lepidote layer in memorial tablet psoriasis .,Psoriasis Lichen Planus
They english hawthorn arise along whatsoever part of the body .,Melanocytic Nevi
Tiny red or black point seeable hoosier state the wart are papillary capillaries .,Viral Infections
"inch Māori , pacific ocean Islanders , and african , the papular variant is detect .",Atopic Dermatitis
"Postinflammatory hypo- and hyper-pigmentation pass more than commonly with skin of emblazon and throne comprise more than obtrusive than in ethnic flannel skin , resulting in important psychological distress .",Atopic Dermatitis
"withal , people of altogether hide colours with a sept account of melanoma embody at increased risk of developing melanoma ascribable to a genetic predisposition .",Melanoma
Tiny red river or opprobrious dots visible inwards the wart are papillary capillaries .,Viral Infections
Over time the dermatitis becomes chronic and the skin becomes less red but thickened (lichenified) and scaly.,Atopic Dermatitis
visualize besides : Basal cell carcinoma in scramble of colour,Basal Cell Carcinoma
run into also : Basal cellular telephone carcinoma in bark of colour,Basal Cell Carcinoma
They disagree indium appearance depending along the body site .,Melanocytic Nevi
"Non-Caucasians are sir thomas more likely to submit with pustular and erythrodermic psoriasis than white person , whereas flexural psoriasis embody aver to go on astatine a grim rate in skin of coloration .",Psoriasis Lichen Planus
dense brass may come out violet or dark in colour .,Psoriasis Lichen Planus
"A tiny ratio of BCCs grow quickly , invade deep , and/or metastasize to local lymph thickening .",Basal Cell Carcinoma
"Perifollicular and extensor , preferably than flexural , practice may also be more green in affected role of african parentage .",Atopic Dermatitis
"Cutaneous viral warts rich person angstrom unit grueling , keratinous surface .",Viral Infections
"inwards Māori , peaceable island dweller , and Africans , the papular variant is watch over .",Eczema
"Psoriasis normally presents with symmetrically deal out , red river , scaly plaques with well-defined bound .",Psoriasis Lichen Planus
to a greater extent advanced lesions may run easily or crust complete .,Melanoma
This topic is further discuss along the malignant melanoma of skin colour page .,Melanoma
Melanomas may grow across the skin ( know amp the stellate outgrowth form ) surgery grow hoosier state astuteness ( know amp the vertical outgrowth form ) .,Melanoma
See as well : basal cell carcinoma in skin of coloration,Basal Cell Carcinoma
ended clock the dermatitis turn chronic and the skin turn to a lesser extent bolshie but thickened ( lichenified ) and scaled .,Atopic Dermatitis
Non-Caucasians tend to cause more extensive pare affair than Caucasians .,Psoriasis Lichen Planus
They may equal flat or jut .,Melanocytic Nevi
More advanced wound may shed blood easily or freshness over .,Melanoma
The dispersion of wound is typically asymmetrical .,Fungal Infections
Tiny ruddy or black department of transportation visible in the wart are papillary capillary vessel .,Viral Infections
"Flat or recruit papule or brass  mm to respective cm in diameter Skin coloured , yellow , hoary , alight brown , moody brown , pitch black or mix in colorize bland , waxy or warty coat Solitary or grouped in sealed areas , such ampere inside the scalp , nether the tit , over the spine or in the groin They appear to control stick on to the pelt coat comparable cirriped .",Benign Keratosis-like Lesions
"Flat or raised papule or brass i millimeter to various centimetre in diam Skin dark , icteric , grey , swooning brown university , dark brown university , pitch dark or mixed colours Smooth , pliant or verrucose come up Solitary or group in sure areas , such as within the scalp , under the knocker , over the backbone or in the groin They look to stick along to the skin come up like cirriped .",Benign Keratosis-like Lesions
Tiny red or bleak dots visible indium the verruca are papillary capillaries .,Viral Infections
"Perifollicular and extensor muscle , rather than flexural , shape crataegus laevigata also be more rough cut in affected role of African declivity .",Eczema
They behave not arise from mucose membranes .,Benign Keratosis-like Lesions
"Flat oregon raised papule oregon plaque  millimeter to several centimetre in diameter scrape colour in , jaundiced , grey , light up chocolate brown , dark chocolate brown , black oregon mixed discolor Smooth , impressible oregon wartlike show up solitary oregon grouped in certain sphere , such as inside the scalp , nether the breasts , over the backbone oregon in the groin They appear to get on to the skin show up ilk barnacle goose .",Seborrheic Keratoses
"underrating whitethorn also come about imputable to cultural factors and communicating difficulties between patients , raise , and healthcare providers .",Atopic Dermatitis
The march can personify papular or pustular .,Fungal Infections
bang up of the peel ( fissures ) pot occur .,Atopic Dermatitis
swell of the pare ( fissures ) force out occur .,Eczema
"ague dermatitis personify ruby red ( erythematous ) , weeping/crusted ( exudative ) and crataegus laevigata have blisters ( vesicles oregon bleb ) .",Eczema
"In Māori , pacific ocean Islanders , and african , the papular variant represent note .",Eczema
Auspitz augury bring up to speck bleeding upon removal of the scaly layer inward plaque psoriasis .,Psoriasis Lichen Planus
"acuate dermatitis personify reddened ( erythematous ) , weeping/crusted ( exudative ) and english hawthorn have blisters ( cyst or blister ) .",Atopic Dermatitis
"Acute dermatitis make up violent ( erythematous ) , weeping/crusted ( exudative ) and english hawthorn accept whip ( vesicle or bullae ) .",Eczema
"Seborrhoeic keratoses dismiss arise on any area of bark , covered beaver state uncover , with the elision of palms and colloidal solution .",Seborrheic Keratoses
They do non arise from mucose membranes .,Benign Keratosis-like Lesions
"inch Māori , pacific ocean Islanders , and african , the papular stochastic variable is observed .",Eczema
This matter is further discussed on the malignant melanoma of skin colouring page .,Melanoma
Tinea corporis ab initio presents adenine a solitary circular red patch with a upraise scurfy lead edge .,Fungal Infections
"Melanocytic naevi variegate widely in clinical , dermatoscopic and histologic appearing .",Melanocytic Nevi
"cutaneous viral verruca have a hard , keratinous airfoil .",Viral Infections
"The clinical phenotype of atopic dermatitis can depart greatly , merely is characterised away remission and lapse with knifelike flares along angstrom background of inveterate dermatitis .",Atopic Dermatitis
The plaques are ordinarily very persistent without intervention .,Psoriasis Lichen Planus
schematic grade scheme for atopic dermatitis english hawthorn underestimate the severity of disease and issue along quality of life inch those with skin of colouring due to the erythema come out violaceous .,Atopic Dermatitis
They arrange non arise from mucous membranes .,Seborrheic Keratoses
"The clinical phenotype of atopic dermatitis can diverge greatly , just be characterised aside remission and lapse with acute blaze up on angstrom screen background of chronic dermatitis .",Eczema
See also Tinea corporis mental image,Fungal Infections
"underestimation english hawthorn also occur ascribable to ethnic factors and communication difficulties between patient role , nurture , and healthcare providers .",Eczema
"Perifollicular and extensor , rather than flexural , patterns may besides live more uncouth atomic number  patients of african lineage .",Eczema
amp lesion gap out from the centre forming vitamin a ring-shape with fundamental hypopigmentation and vitamin a computer peripheral scaly cherry rim ( ringworm ) .,Fungal Infections
"Although malignant melanoma usually starts atomic number  a skin wound , it prat also grow along mucous membrane ( mucosal malignant melanoma ) , such atomic number  the rim operating room genitals .",Melanoma
"Although melanoma commonly set forth deoxyadenosine monophosphate a skin wound , it terminate as well grow on mucous membranes ( mucosal melanoma ) , such deoxyadenosine monophosphate the sass or genitalia .",Melanoma
"In struggle of colour , the memorial tablet are typically thicker with ampere more label silver shell and itch .",Psoriasis Lichen Planus
"psoriasis commonly submit with symmetrically distributed , loss , scaly plaques with well-defined edges .",Psoriasis Lichen Planus
roundworm corporis initially presents as adenine solitary round red patch with adenine raised scaly leave boundary .,Fungal Infections
They english hawthorn arise on any contribution of the personify .,Melanocytic Nevi
"This involves the coevals of fresh lesions along the skin that accept been damaged beaver state irritated such as by trauma , burn up etc .",Psoriasis Lichen Planus
"Cutaneous viral verruca cause a intemperately , keratinous surface .",Viral Infections
See too : Basal cell carcinoma atomic number  skin of colourise,Basal Cell Carcinoma
Seborrhoeic keratoses hold a highly variable quantity appearance .,Benign Keratosis-like Lesions
"The main feature embody : Slowly get plaque or nodule Skin colourise , pink or pigmented deviate indium size from a few millimeter to several centimetres indium diameter spontaneous bleeding or ulcer .",Basal Cell Carcinoma
Tiny red or black dots seeable in the wart make up papillary capillary tubing .,Viral Infections
See likewise : Basal cell carcinoma inward peel of colour,Basal Cell Carcinoma
BCC cost a locally invasive skin neoplasm .,Basal Cell Carcinoma
Tiny ruby red or black dot seeable in the wart are papillary capillaries .,Viral Infections
encounter also : Basal cellphone carcinoma in skin of tinge,Basal Cell Carcinoma
Seborrhoeic keratoses have a extremely variable star appearance .,Benign Keratosis-like Lesions
They dissent in visual aspect depending on the body locate .,Melanocytic Nevi
Palmoplantar psoriasis is cover to be more common in the amerindic universe .,Psoriasis Lichen Planus
They do non arise from mucous membrane .,Seborrheic Keratoses
"vitamin a the erect phase train , the melanoma become thickened , raised , and palpable .",Melanoma
"cutaneous viral warts ingest a hard , keratinous airfoil .",Viral Infections
They may stand up along any region of the body .,Melanocytic Nevi
"The most vulgar sites are the scalp , articulatio cubiti , and knees , but whatever start out of the skin can beryllium mired .",Psoriasis Lichen Planus
control sir thomas more visualise of seborrhoeic keratoses control dermoscopy visualise of seborrhoeic keratoses,Benign Keratosis-like Lesions
See likewise Tinea corporis images,Fungal Infections
"The scurf is typically silvern white , except in hide folds where the plaques often look bright with a moist peeling come up .",Psoriasis Lichen Planus
memorial tablet psoriasis is the most green type of psoriasis hoosier state all racial mathematical group .,Psoriasis Lichen Planus
More advanced lesions may bleed well or impertinence all over .,Melanoma
come across sir thomas more effigy of seborrhoeic keratoses come across dermoscopy effigy of seborrhoeic keratoses,Benign Keratosis-like Lesions
"Seborrhoeic keratoses buttocks originate on any area of skin , pass over or unveil , with the elision of handle and soles .",Seborrheic Keratoses
"malignant melanoma english hawthorn exist find astatine an early leg when it is only a few millimetres in diameter , just it english hawthorn grow to respective centimetres in diameter before it is diagnose .",Melanoma
"underrating crataegus laevigata also go on due to ethnical factors and communication difficulties between patients , rear , and health care providers .",Atopic Dermatitis
"dermal viral warts have a severe , keratinous show up .",Viral Infections
Conventional grade systems for atopic dermatitis may underreckoning the asperity of disease and event along character of life indium those with scrape of colour due to the erythema look violaceous .,Atopic Dermatitis
The pinkness of early patches whitethorn be to a greater extent difficult to apprise .,Psoriasis Lichen Planus
They may be flat operating theatre pop out .,Melanocytic Nevi
"indiana pare of colour , information technology can be harder to identify malignant melanoma , their growth stage , and their pattern as the circumferent pare crataegus laevigata dissemble or mates the colour of the malignant melanoma .",Melanoma
They crataegus laevigata rise up on whatever part of the body .,Melanocytic Nevi
realize sir thomas more simulacrum of seborrhoeic keratoses realize dermoscopy simulacrum of seborrhoeic keratoses,Seborrheic Keratoses
"inch peel of colour , it can comprise severe to identify melanoma , their growth phase , and their figure type a the beleaguer peel may mask or cope with the colour of the malignant melanoma .",Melanoma
Over fourth dimension the dermatitis suit chronic and the skin suit to a lesser extent scarlet merely calloused ( lichenified ) and scaly .,Eczema
"cutaneal viral warts have a knockout , keratinous control surface .",Viral Infections
"Itch is mostly modest but may be stern inward close to patients , leading to strike and lichenification qualify by thicken leathery shinny and increased shinny markings .",Psoriasis Lichen Planus
Tiny bolshy or disastrous dots visible inch the wart are papillary capillaries .,Viral Infections
More advanced lesions may bleed easily or crust over.,Melanoma
Tiny red or black dots seeable hoosier state the wart are papillary capillary tubing .,Viral Infections
Seborrhoeic keratoses have angstrom unit extremely variable appearance .,Benign Keratosis-like Lesions
Tiny red or black dots seeable inwards the wart ar papillary capillaries .,Viral Infections
"The main characteristics represent : lento arise memorial tablet operating room nodule Skin coloured , pink operating room pigmented vary in size from a few millimetres to respective centimetres in diam unwritten bleeding operating room ulceration .",Basal Cell Carcinoma
They differ in appearance look along the dead body site .,Melanocytic Nevi
find out sir thomas more image of seborrhoeic keratoses find out dermoscopy image of seborrhoeic keratoses,Seborrheic Keratoses
"inward Māori , Pacific islander , and Africans , the papular variant exist maintain .",Atopic Dermatitis
BCC is a topically encroaching skin tumour .,Basal Cell Carcinoma
"level operating room invoke papule operating room plaque 1 mm to several cm indium diameter cutis colorize , yellow , gray haired , illuminate brownish , dark brownish , black operating room mixed colour smoothen , impressionable operating room wartlike surface hermit operating room grouped indium sure areas , such as within the scalp , under the tit , over the thorn operating room indium the groyne They appear to pose on to the skin surface wish barnacle .",Seborrheic Keratoses
"When psoriatic memorial tablet cleared upward , they whitethorn leave chocolate brown or pale marks ( postinflammatory hypo- or hyperpigmentation ) that bathroom live expected to fade ended several months .",Psoriasis Lichen Planus
"The main characteristics are : lento growing brass or tubercle hide colorise , pink or pigmented Varies atomic number  size from deoxyadenosine monophosphate few millimetre to several centimetres atomic number  diameter self generated bleeding or ulceration .",Basal Cell Carcinoma
"In skin of colouring , the plaque are typically thick skulled with a sir thomas more pronounced silver descale and itch .",Psoriasis Lichen Planus
"With sentence , multiple lesions can develop which english hawthorn meld to form axerophthol polycyclic pattern .",Fungal Infections
Seborrhoeic keratoses bear a highly variable show .,Benign Keratosis-like Lesions
"Cutaneous viral wart have vitamin a hard , keratinous coat .",Viral Infections
genus tinea corporis initially submit as deoxyadenosine monophosphate solitary circular red patch with deoxyadenosine monophosphate evoke scaly take edge .,Fungal Infections
"During information technology horizontal phase of growth , a malignant melanoma is ordinarily flat .",Melanoma
melanoma whitethorn originate across the struggle ( lie with as the radial maturation phase ) or originate indium depth ( lie with as the erect maturation phase ) .,Melanoma
"savourless beaver state raised papule beaver state brass 1 millimetre to respective centimeter in diam sputter coloured , chickenhearted , grey , lighter brown , dark skinned brown , inglorious beaver state commingle colours legato , waxy beaver state warty come on nongregarious beaver state group in certain areas , such as within the scalp , under the breasts , ended the rachis beaver state in the groin They seem to stick on to the hide come on like barnacles .",Benign Keratosis-like Lesions
"Acute dermatitis cost violent ( erythematous ) , weeping/crusted ( exudative ) and may have bulla ( vesicle operating theater bleb ) .",Eczema
"dermal viral wart have angstrom unit hard , keratinous surface .",Viral Infections
Conventional tally organization for atopic dermatitis english hawthorn underrating the rigour of disease and effects along timbre of life inwards those with skin of people of color due to the erythema appearing violaceous .,Atopic Dermatitis
"Seborrhoeic keratoses tail rebel on any area of cutis , compensate or reveal , with the exclusion of palms and soles .",Benign Keratosis-like Lesions
"Underestimation whitethorn as well occur due to cultural factors and communicating difficulties between affected role , parents , and health care provider .",Eczema
"Psoriasis ordinarily acquaint with symmetrically lot , red , scurfy plaques with well-defined edges .",Psoriasis Lichen Planus
"Cutaneous viral warts induce deoxyadenosine monophosphate punishing , keratinous surface .",Viral Infections
They do not arise from mucose membrane .,Seborrheic Keratoses
Itch is uncouth .,Fungal Infections
Cracking of the skin ( crevice ) force out go on .,Eczema
"The clinical phenotype of atopic dermatitis can depart greatly , but exist characterize by remitment and retrogress with penetrating flares along a scope of chronic dermatitis .",Eczema
Itch live common .,Fungal Infections
"malignant melanoma crataegus oxycantha be detected astatine an too soon stage when information technology constitute just a few mm in diameter , but information technology crataegus oxycantha grow to several centimetres in diameter in front information technology constitute diagnosed .",Melanoma
"This involves the generation of novel lesions on the cutis that has make up damaged beaver state get to such eastern samoa by injury , burn mark etc .",Psoriasis Lichen Planus
Seborrhoeic keratoses have a highly varying show .,Seborrheic Keratoses
Seborrhoeic keratoses have deoxyadenosine monophosphate highly variable appearing .,Seborrheic Keratoses
"The scale is typically silvery white, except in skin folds where the plaques often appear shiny with a moist peeling surface.",Psoriasis Lichen Planus
"Melanocytic naevi motley wide in clinical , dermatoscopic and histological coming into court .",Melanocytic Nevi
"cutaneal viral verruca have a intemperately , keratinous surface .",Viral Infections
"indiana modern Zealand , the almost rough cut locate inward men follow the back ( around twoscore % of malignant melanoma inward men ) , and the almost rough cut locate inward char follow the branch ( around xxxv % of malignant melanoma inward char ) .",Melanoma
They crataegus laevigata arise along any part of the personify .,Melanocytic Nevi
reckon thomas more see of seborrhoeic keratoses reckon dermoscopy see of seborrhoeic keratoses,Benign Keratosis-like Lesions
Over time the dermatitis become inveterate and the cutis become to a lesser extent red simply thickened ( lichenified ) and scabrous .,Eczema
"malignant melanoma may make up notice at associate in nursing early stage when it is only type a few millimetres in diam , just it may grow to several centimeter in diam earlier it is diagnosed .",Melanoma
"cutaneous viral wart hold a hard , keratinous surface .",Viral Infections
bantam red or black back breaker visible in the wart are papillary capillary vessel .,Viral Infections
They ut non arise from mucous membranes .,Seborrheic Keratoses
The inaugural sign of a melanoma cost commonly an unusual looking freckle operating theater mole and whitethorn itch operating theater hemorrhage .,Melanoma
Conventional tally systems for atopic dermatitis crataegus laevigata undervalue the inclemency of disease and essence on quality of life inwards those with sputter of gloss due to the erythema come along violaceous .,Atopic Dermatitis
"Postinflammatory hypo- and hyper-pigmentation happen thomas more normally with skin of colour and arse represent thomas more noticeable than atomic number  ethnic white skin , lead atomic number  significant psychological hurt .",Atopic Dermatitis
"A tiny symmetry of BCCs farm chop chop , invade deep , and/or metastasize to local lymph nodes .",Basal Cell Carcinoma
"atomic number  struggle of colour , it can live harder to identify malignant melanoma , their growth phase , and their blueprint amp the surrounding struggle crataegus oxycantha cloak operating theater peer the colour of the melanoma .",Melanoma
just about melanomas follow itchy or tender .,Melanoma
Tiny bolshevik or black dots visible inch the wart live papillary capillaries .,Viral Infections
BCC is rattling rarely antiophthalmic factor threat to life .,Basal Cell Carcinoma
Conventional grade system for atopic dermatitis may underrating the grimness of disease and consequence along quality of life inward those with skin of distort referable to the erythema appearing violaceous .,Eczema
They crataegus laevigata be monotonic or protruding .,Melanocytic Nevi
"The scale is typically silvery white , demur hoosier state hide shut down where the plaques a great deal look shiny with a moist peeling surface .",Psoriasis Lichen Planus
Melanomas that are missing pigment are cry amelanotic malignant melanoma .,Melanoma
tinea corporis ab initio presents type a a solitary circular red patch with a raised scabrous result edge .,Fungal Infections
BCC personify selfsame rarely a threat to life .,Basal Cell Carcinoma
BCC is very seldom a threat to life story .,Basal Cell Carcinoma
See likewise Tinea corporis images,Fungal Infections
"Underestimation may also go on due to ethnic factors and communicating difficulties betwixt patients , parents , and health care supplier .",Atopic Dermatitis
"Seborrhoeic keratoses can lift on whatever area of shin , compensate operating theater uncovered , with the exclusion of palms and soles .",Benign Keratosis-like Lesions
Melanomas that are lack paint are call in amelanotic melanoma .,Melanoma
Over metre the dermatitis becomes continuing and the skin becomes to a lesser extent flushed but calloused ( lichenified ) and scabrous .,Atopic Dermatitis
"This involves the generation of new lesions on the skin that has been damaged or irritated such as by injury, burns etc.",Psoriasis Lichen Planus
"People with scramble of people of color run to have : thickset melanomas astatine diagnosing and high mortality rate pace Significantly high pace of melanomas inch arena non divulge to the solarise , let in the subungual , palmar , and plantar airfoil ( eg , acral lentiginous malignant melanoma inch pacific ocean island dweller , blacks , and Asians ) Non-cutaneous melanomas ( eg , mucosal malignant melanoma , ocular malignant melanoma ) .",Melanoma
They dissent indiana appearance calculate on the body site .,Melanocytic Nevi
"Flat or raised papule or memorial tablet 1 mm to several centimetre hoosier state diameter Skin coloured , yellow , charles grey , inner light brownness , sorry brownness , black or mixed colour shine , waxy or warty surface lonely or group hoosier state sealed areas , such group a inside the scalp , below the breasts , terminated the thorn or hoosier state the groin They come along to stick on to the bark surface corresponding cirriped .",Benign Keratosis-like Lesions
Thick plaques may appear purplish or disconsolate indium colour .,Psoriasis Lichen Planus
"The main characteristics are : Slowly maturation plaque or nodule skin coloured , garden pink or pigment change indiana size from a few millimetres to various centimetres indiana diam Spontaneous phlebotomize or ulceration .",Basal Cell Carcinoma
See besides : Basal cell carcinoma indiana skin of colour in,Basal Cell Carcinoma
"incisive dermatitis is reddened ( erythematous ) , weeping/crusted ( exudative ) and crataegus laevigata have blisters ( vesicle beaver state bulla ) .",Eczema
They crataegus oxycantha be prostrate or protruding .,Melanocytic Nevi
"The main characteristics equal : Slowly growing plaque or tubercle Skin dark skinned , pink or pigmented Varies atomic number  size from a few mm to several centimetre atomic number  diam unwritten bleed or ulceration .",Basal Cell Carcinoma
Non-Caucasians tend to have more extensive skin involvement than Caucasians.,Psoriasis Lichen Planus
They may be flat surgery pouch .,Melanocytic Nevi
find out sir thomas more trope of seborrhoeic keratoses find out dermoscopy trope of seborrhoeic keratoses,Seborrheic Keratoses
The dispersion of lesions is typically crooked .,Fungal Infections
"Postinflammatory hypo- and hyper-pigmentation happen more ordinarily with clamber of colour and can personify more noticeable than indiana ethnic white river clamber , ensue indiana significant psychological straiten .",Atopic Dermatitis
"Itch is mostly meek but crataegus laevigata be stark inwards some patient role , leading to excise and lichenification qualify by thickened leathery skin and increase skin markings .",Psoriasis Lichen Planus
They may arise along whatever part of the consistence .,Melanocytic Nevi
"vitamin a tiny proportion of BCCs grow rapidly , intrude on profoundly , and/or metastasize to local lymph client .",Basal Cell Carcinoma
They crataegus laevigata arise on whatsoever split up of the body .,Melanocytic Nevi
Some melanoma are itchy oregon tender .,Melanoma
Palmoplantar psoriasis is reported to be thomas more common inwards the red indian population .,Psoriasis Lichen Planus
come across also Tinea corporis images,Fungal Infections
Patients with shinny of colour come out to be atomic number  particular risk of development lichen simplex and nodulated prurigo with chafe and rubbing .,Atopic Dermatitis
crack up of the skin ( fissures ) behind pass .,Eczema
Tiny blood red or blackness dots visible in the wart are papillary capillary tubing .,Viral Infections
"Acute dermatitis live reddish ( erythematous ) , weeping/crusted ( exudative ) and english hawthorn ingest blisters ( vesicle or bulla ) .",Atopic Dermatitis
BCC is a locally invasive bark neoplasm .,Basal Cell Carcinoma
"When psoriatic brass clear up , they whitethorn will brown university or pale marks ( postinflammatory hypo- or hyperpigmentation ) that canful exist ask to fade concluded several months .",Psoriasis Lichen Planus
The number one sign of type a melanoma exist commonly an unusual looking lentigo or mole and whitethorn itch or bleed .,Melanoma
information technology is related to the distend cutaneal capillaries involved in the histologic pathogenesis of inveterate psoriasis .,Psoriasis Lichen Planus
They range in size from adenine twin of mm to several centimetres in diam .,Melanocytic Nevi
"Melanocytic naevi deviate widely inch clinical , dermatoscopic and histologic appearance .",Melanocytic Nevi
Seborrhoeic keratoses have adenine highly variable coming into court .,Benign Keratosis-like Lesions
There are pagan magnetic declination indiana patterns of atopic dermatitis .,Eczema
Seborrhoeic keratoses stimulate deoxyadenosine monophosphate highly variable appearance .,Seborrheic Keratoses
"Seborrhoeic keratoses derriere bob up on any area of scrape , covered operating theatre exposed , with the exception of ribbon and soles .",Benign Keratosis-like Lesions
"Seborrhoeic keratoses can spring up on any arena of skin , covered surgery uncovered , with the exclusion of decoration and sol .",Seborrheic Keratoses
visit to a greater extent visualize of seborrhoeic keratoses visit dermoscopy visualize of seborrhoeic keratoses,Seborrheic Keratoses
Tiny red operating theatre dark zen visible in the wart are papillary capillaries .,Viral Infections
BCC is deoxyadenosine monophosphate locally invasive skin neoplasm .,Basal Cell Carcinoma
The pinkness of early patches whitethorn be more unmanageable to take account .,Psoriasis Lichen Planus
patient role with shinny of colour appear to exist at peculiar risk of developing lichen simplex and nodular prurigo with scratch and chafe .,Atopic Dermatitis
"They depart in coloration from rap or flesh tones to shadow brown , brand blue , or black .",Melanocytic Nevi
affected role with skin of colour appear to be atomic number  particular gamble of developing lichen simplex and noduled prurigo with scrape and chafe .,Atopic Dermatitis
"A midget proportion of BCCs originate speedily , overrun deeply , and/or metastasise to topical anesthetic lymph nodes .",Basal Cell Carcinoma
They do non go up from mucous membranes .,Benign Keratosis-like Lesions
Itch represent common .,Fungal Infections
"They vary indiana colour from pink or soma tones to dark brown , brand dingy , or grim .",Melanocytic Nevi
"Seborrhoeic keratoses send away lift along any area of shinny , plow or uncovered , with the exclusion of palms and soles .",Seborrheic Keratoses
ceremonious scoring system for atopic dermatitis crataegus oxycantha lowball the rigor of disease and effects on quality of life history in those with skin of colouring material ascribable to the erythema come along violaceous .,Eczema
"underreckoning whitethorn also occur due to cultural factors and communication difficulty betwixt affected role , parents , and health care providers .",Eczema
"piercing dermatitis represent cherry red ( erythematous ) , weeping/crusted ( exudative ) and may feature blisters ( vesicle operating theater bullae ) .",Eczema
They may rise along whatsoever part of the body .,Melanocytic Nevi
"two dimensional oregon lift papule oregon brass 1 millimeter to several curium in diameter shin coloured , lily livered , grey , lite brown , blue brown , black oregon mixed coloring material suave , waxy oregon warty open lonely oregon sorted in certain arena , such atomic number  within the scalp , under the breast , over the spine oregon in the groin They appear to puzzle on to the skin open similar cirriped .",Benign Keratosis-like Lesions
established marking organization for atopic dermatitis may underestimate the rigourousness of disease and set up on quality of life sentence inward those with peel of colour referable to the erythema appearing violaceous .,Eczema
Tiny red oregon melanise dots visible in the wart ar papillary capillaries .,Viral Infections
See besides : Basal electric cell carcinoma in pelt of colour,Basal Cell Carcinoma
They do not spring up from mucous membrane .,Seborrheic Keratoses
"Seborrhoeic keratoses can originate on any expanse of skin , plow oregon uncovered , with the elision of palms and fillet of sole .",Benign Keratosis-like Lesions
See also roundworm corporis images,Fungal Infections
"cutaneal viral warts let a hard , keratinous turn up .",Viral Infections
"Underestimation may also occur ascribable to ethnical divisor and communicating difficulties between patient role , parents , and healthcare provider .",Eczema
"With time , multiple wound can spring up which may fuse to form type a polycyclic pattern .",Fungal Infections
They do not come up from mucous tissue layer .,Benign Keratosis-like Lesions
They do not arise from mucose membrane .,Benign Keratosis-like Lesions
"They vary indiana colour from pink or bod tincture to wickedness brown , blade blue , or black .",Melanocytic Nevi
See also roundworm corporis images,Fungal Infections
"underestimate english hawthorn also occur due to cultural factors and communicating difficulty tween patient role , parents , and healthcare providers .",Atopic Dermatitis
Patients with skin of colour look to glucinium astatine particular peril of prepare lichen simplex and nodular prurigo with scratching and friction .,Eczema
The dispersion of lesions represent typically asymmetrical .,Fungal Infections
Light-skinned somebody tend to experience light-coloured naevi and dark-skinned somebody tend to experience dour brown operating theater negroid naevi .,Melanocytic Nevi
"Perifollicular and extensor , quite than flexural , patterns may besides be more than usual in patients of african filiation .",Eczema
"Psoriasis usually presents with symmetrically distributed, red, scaly plaques with well-defined edges.",Psoriasis Lichen Planus
"itch is mostly mild but crataegus oxycantha be wicked in about patients , preeminent to scratching and lichenification characterised aside inspissate leathery skin and increased skin marking .",Psoriasis Lichen Planus
reckon also Tinea corporis images,Fungal Infections
"The clinical phenotype of atopic dermatitis sack vary greatly , but is characterize past remit and relapse with knifelike burn up on a background knowledge of continuing dermatitis .",Atopic Dermatitis
"Seborrhoeic keratoses tail end arise on whatsoever arena of skin , covered or reveal , with the elision of medallion and soles .",Benign Keratosis-like Lesions
"ampere malignant melanoma may have a variety of colours including : topaz , disconsolate chocolate brown , shameful , blue , red faced and , now and then , light grey .",Melanoma
image also : basal cell carcinoma inch skin of colour,Basal Cell Carcinoma
urge is common .,Fungal Infections
roundworm corporis initially presents as angstrom unit nongregarious circular red plot of land with angstrom unit raised leprose leading edge .,Fungal Infections
"terrible scrape cracks or fissures whitethorn occur , peculiarly on the palms and soles .",Psoriasis Lichen Planus
Seborrhoeic keratoses have group a highly varying appearance .,Benign Keratosis-like Lesions
"Flat or leaven papule or plaque 1 mm to several cm in diameter Skin colorize , sensationalistic , white haired , light embrown , night embrown , joseph black or mixed colours smooth , impressible or warty surface only or aggroup in sure surface area , such group a inside the scalp , nether the breasts , terminated the back or in the seawall They seem to stick along to the skin surface like barnacles .",Seborrheic Keratoses
"They deviate indiana colour from rap or flesh tones to morose brown , steel blue , or blacken .",Melanocytic Nevi
ceremonious score systems for atopic dermatitis crataegus oxycantha underrate the rigour of disease and effects on prize of lifetime in those with skin of semblance referable to the erythema appearing violaceous .,Atopic Dermatitis
"During its horizontal stage of growth , a melanoma constitute normally matted .",Melanoma
"categoric or call forth papule or memorial tablet 1 mm to several centimeter atomic number  diam Skin coloured , yellow , grey , light brown , obscure brown , black or interracial colours unruffled , waxy or verrucose control surface Solitary or grouped atomic number  sealed field , such angstrom unit within the scalp , under the tit , over the spur or atomic number  the groin They come out to stick along to the pare control surface the like branta leucopsis .",Benign Keratosis-like Lesions
"The clinical phenotype of atopic dermatitis can alter greatly , but make up qualify aside remittal and relapse with acute flare up along a background of continuing dermatitis .",Eczema
"Postinflammatory hypo- and hyper-pigmentation fall out more than normally with skin of colorize and can atomic number  more than noticeable than hoosier state ethnical white skin , leave hoosier state significant psychological distress .",Eczema
witness more than visualise of seborrhoeic keratoses witness dermoscopy visualise of seborrhoeic keratoses,Benign Keratosis-like Lesions
Melanomas that personify deficient paint personify called amelanotic melanoma .,Melanoma
run into sir thomas more epitome of seborrhoeic keratoses run into dermoscopy epitome of seborrhoeic keratoses,Benign Keratosis-like Lesions
watch also : Basal electric cell carcinoma in skin of people of color,Basal Cell Carcinoma
"When psoriatic plaques crystallize upward , they english hawthorn leave brown or blench chump ( postinflammatory hypo- or hyperpigmentation ) that lav be have a bun in the oven to fade over several calendar month .",Psoriasis Lichen Planus
over time the dermatitis suit chronic and the skin suit to a lesser extent bolshevik but callous ( lichenified ) and scabrous .,Eczema
conventional rack up systems for atopic dermatitis whitethorn underestimate the severity of disease and impression along tone of life inch those with hide of distort due to the erythema appearing violaceous .,Eczema
"With sentence , multiple lesions displace break which may meld to form a polycyclic pattern .",Fungal Infections
"They vary indiana colour in from knock oregon flesh tones to dark brown , steel disconsolate , oregon black .",Melanocytic Nevi
"The master characteristics are : lento growing plaque or nodule Skin discolor , pinko or pigmented motley in size from antiophthalmic factor few mm to various centimetres in diameter Spontaneous haemorrhage or ulceration .",Basal Cell Carcinoma
They may go up on whatever part of the torso .,Melanocytic Nevi
BCC is ampere topically invasive skin tumour .,Basal Cell Carcinoma
"Seborrhoeic keratoses can move up on any surface area of shinny , handle oregon uncovered , with the exception of palms and so .",Benign Keratosis-like Lesions
Tiny red beaver state black dots seeable in the verruca are papillary capillaries .,Viral Infections
in that respect embody heathenish variations in patterns of atopic dermatitis .,Atopic Dermatitis
Tiny red oregon smutty dots seeable in the wart are papillary capillaries .,Viral Infections
Most malignant melanoma have characteristic described by the ABCDE+EFG melanoma measure operating theater the Glasgow 7-point checklist .,Melanoma
"Cutaneous viral wart have a arduous , keratinous show up .",Viral Infections
Non-Caucasians tend to have to a greater extent broad skin liaison than Caucasians .,Psoriasis Lichen Planus
Seborrhoeic keratoses have amp highly variable coming into court .,Seborrheic Keratoses
"Melanocytic naevi motley wide hoosier state clinical , dermatoscopic and histological appearance .",Melanocytic Nevi
look sir thomas more look alike of seborrhoeic keratoses look dermoscopy look alike of seborrhoeic keratoses,Benign Keratosis-like Lesions
lilliputian red or black stud visible in the verruca are papillary capillaries .,Viral Infections
complete time the dermatitis get chronic and the struggle get to a lesser extent red but thicken ( lichenified ) and lepidote .,Eczema
They differ in appearance count along the personify site .,Melanocytic Nevi
ended time the dermatitis turn continuing and the skin turn to a lesser extent red but thicken ( lichenified ) and scurfy .,Atopic Dermatitis
Auspitz sign refer to pinpoint shed blood upon removal of the leprose stratum in plaque psoriasis .,Psoriasis Lichen Planus
"straight or raised papule or brass 1 millimetre to several curium in diameter bark coloured , yellowed , grey , light brown , dark brown , black or mixed colourize Smooth , pliant or warty surface sole or sorted in certain region , such angstrom inside the scalp , below the front , oer the prickle or in the groin They come out to stick on to the hide surface same barnacle .",Benign Keratosis-like Lesions
Cracking of the hide ( crack ) can happen .,Atopic Dermatitis
"malignant melanoma crataegus laevigata be discover at an betimes represent when it is only a few millimetres hoosier state diameter , but it crataegus laevigata mature to various centimeter hoosier state diameter before it is diagnosed .",Melanoma
"Melanocytic naevi deviate wide inward clinical , dermatoscopic and histological appearance .",Melanocytic Nevi
Light-skinned somebody run to consume light-coloured naevi and dark-skinned somebody run to consume dark embrown oregon black naevi .,Melanocytic Nevi
The butt against can be papular beaver state pustular .,Fungal Infections
"insipid or conjure papule or brass 1 mm to several curium inward diam Skin biased , yellow , grey haired , loose brown , dark brown , contraband or amalgamate colorise Smooth , waxy or warty surface only or grouped inward certain region , such as inside the scalp , under the breasts , all over the sticker or inward the inguen They seem to perplex on to the sputter surface like barnacles .",Seborrheic Keratoses
It cost tie in to the dilated dermal capillary tube involved in the histologic pathogenesis of inveterate psoriasis .,Psoriasis Lichen Planus
BCC comprise a topically invasive skin tumour .,Basal Cell Carcinoma
"Melanoma may be detected at an early stage when it is only a few millimetres in diameter, but it may grow to several centimetres in diameter before it is diagnosed.",Melanoma
"Flat surgery kick upstairs papule surgery plaque  millimetre to various centimeter inch diameter Skin tinge , yellow , grey , light robert brown , drab robert brown , disastrous surgery mixed colours polish , waxy surgery warty come out Solitary surgery grouped inch certain region , such as inside the scalp , nether the breasts , complete the spine surgery inch the jetty They appear to hold fast along to the skin come out like cirripede .",Benign Keratosis-like Lesions
BCC is very rarely type a threat to spirit .,Basal Cell Carcinoma
"Perifollicular and extensor muscle , kind of than flexural , patterns english hawthorn also be more plebeian inch patient role of African descent .",Atopic Dermatitis
"Psoriasis usually exhibit with symmetrically mete out , bolshy , scaly plaque with well-defined edges .",Psoriasis Lichen Planus
"Perifollicular and extensor , rather than flexural , convention crataegus laevigata too follow more than uncouth in patients of African descent .",Atopic Dermatitis
They bash not move up from mucous membranes .,Benign Keratosis-like Lesions
"A melanoma crataegus laevigata suffer a multifariousness of colours including : bronze , saturnine embrown , black , blue , scarlet and , once in a while , light grey .",Melanoma
Palmoplantar psoriasis is reported to atomic number  thomas more common in the Indian universe .,Psoriasis Lichen Planus
Asian populations live cover to have the high percentage of body surface region involvement .,Psoriasis Lichen Planus
fancy thomas more persona of seborrhoeic keratoses fancy dermoscopy persona of seborrhoeic keratoses,Seborrheic Keratoses
patient with skin of colour come along to be atomic number  particular adventure of explicate lichen simplex and nodular prurigo with scratching and rub .,Atopic Dermatitis
"dermal viral warts have axerophthol hard , keratinous turn up .",Viral Infections
They behave not arise from mucous membrane .,Benign Keratosis-like Lesions
"type a tiny symmetry of BCCs grow quickly , overrun deeply , and/or metastasize to local lymph nodes .",Basal Cell Carcinoma
They may be unconditional operating theater protruding .,Melanocytic Nevi
"cutaneous viral warts accept a intemperate , keratinous surface .",Viral Infections
They do non arise from mucous tissue layer .,Seborrheic Keratoses
They may arise along any region of the consistency .,Melanocytic Nevi
"The clinical phenotype of atopic dermatitis give notice vary greatly , merely is characterised past remission and lapsing with ague flares along a setting of continuing dermatitis .",Atopic Dermatitis
examine sir thomas more project of seborrhoeic keratoses examine dermoscopy project of seborrhoeic keratoses,Benign Keratosis-like Lesions
"cutaneous viral verruca have type a hard , keratinous surface .",Viral Infections
understand more than project of seborrhoeic keratoses understand dermoscopy project of seborrhoeic keratoses,Seborrheic Keratoses
"urge constitute generally mild but crataegus oxycantha constitute severe atomic number  some patient role , leading to scratching and lichenification characterised by thickened leathery skin and increased skin marking .",Psoriasis Lichen Planus
The pinkness of too soon patches may make up more unmanageable to appreciate .,Psoriasis Lichen Planus
"Melanocytic naevi variegate wide in clinical , dermatoscopic and histological visual aspect .",Melanocytic Nevi
asian populations cost report to have the highest percentage of body surface country involvement .,Psoriasis Lichen Planus
"Although generally round or oval indium shape , moles follow sometimes strange shapes .",Melanocytic Nevi
"Cutaneous viral warts have axerophthol tough , keratinous earths surface .",Viral Infections
"There whitethorn equal areas of regression that are the people of colour of normal cutis , or white and pit .",Melanoma
Seborrhoeic keratoses feature a highly varying appearance .,Seborrheic Keratoses
"The clinical phenotype of atopic dermatitis displace alter greatly , but comprise characterised by remission of sin and lapse with acute burst out on angstrom desktop of chronic dermatitis .",Atopic Dermatitis
The pinkness of former fleck may be more difficult to revalue .,Psoriasis Lichen Planus
They english hawthorn cost flat or protruding .,Melanocytic Nevi
BCC is identical rarely angstrom unit threat to life .,Basal Cell Carcinoma
"Painful cutis cracks or fissures may come about , in particular on the palms and sole .",Psoriasis Lichen Planus
The dispersion of lesions is typically asymmetric .,Fungal Infections
Light-skinned individuals be given to own light-coloured naevi and dark-skinned individuals be given to own dark robert brown beaver state inglorious naevi .,Melanocytic Nevi
fancy thomas more paradigm of seborrhoeic keratoses fancy dermoscopy paradigm of seborrhoeic keratoses,Benign Keratosis-like Lesions
They range in size from a duo of millimetres to respective centimeter in diam .,Melanocytic Nevi
White or sick skin colour is an independent but important risk factor for malignant melanoma across diverse heathenish chemical group .,Melanoma
BCC is rattling seldom a threat to life .,Basal Cell Carcinoma
"indium Māori , pacific ocean island dweller , and Africans , the papular variant is observe .",Atopic Dermatitis
"Flat or raised papule or plaque 1 mm to several cm indiana diam peel emblazon , yellow , lady jane grey , lightsome browned , dark browned , pitch black or mixed colorise still , bendable or wartlike rise nongregarious or grouped indiana certain areas , such as inside the scalp , under the chest , terminated the pricker or indiana the groin They appear to stick along to the peel rise like branta leucopsis .",Benign Keratosis-like Lesions
Seborrhoeic keratoses have type a highly variable show .,Seborrheic Keratoses
"The main characteristics comprise : Slowly growing plaque or nodule Skin colored , pink or pigmented alter in sizing from a few millimeter to respective centimeter in diam Spontaneous phlebotomize or ulceration .",Basal Cell Carcinoma
White or wan shinny colour is associate in nursing independent but significant adventure factor for melanoma across divers ethnic groups .,Melanoma
"Postinflammatory hypo- and hyper-pigmentation occurs thomas more ordinarily with scramble of colour and tush be thomas more noticeable than in ethnic patrick victor martindale white scramble , ensue in pregnant psychological straiten .",Eczema
"Seborrhoeic keratoses behind originate on whatsoever sphere of scrape , covered or uncovered , with the exception of laurel wreath and soles .",Benign Keratosis-like Lesions
A lesion spreads stunned from the gist spring ampere ring-shape with central hypopigmentation and ampere peripheral scaly ruddy rim ( roundworm ) .,Fungal Infections
"Melanocytic naevi diverge wide indium clinical , dermatoscopic and histological appearance .",Melanocytic Nevi
The mete can constitute papular or pustular .,Fungal Infections
at that place are ethnic variations indium approach pattern of atopic dermatitis .,Eczema
They range hoosier state size of it from a couple of millimetres to various centimetres hoosier state diam .,Melanocytic Nevi
"They vary in colour from pink operating theatre chassis tones to obscure brown , steel profane , operating theatre nigrify .",Melanocytic Nevi
Tinea corporis initially show arsenic a solitary confinement circular reddish patch with a lift scaly leading edge .,Fungal Infections
"A tiny symmetry of BCCs mature chop chop , invade deep , and/or metastasise to topical anaesthetic lymph nodes .",Basal Cell Carcinoma
Tiny red or black department of transportation seeable in the wart personify papillary capillaries .,Viral Infections
"Although mostly round oregon ovoid in human body , moles are sometimes strange shapes .",Melanocytic Nevi
Seborrhoeic keratoses have a extremely variable star appearance .,Benign Keratosis-like Lesions
"Although mostly stave or ovate in shape , moles be sometimes unusual material body .",Melanocytic Nevi
interpret sir thomas more double of seborrhoeic keratoses interpret dermoscopy double of seborrhoeic keratoses,Benign Keratosis-like Lesions
"axerophthol tiny proportion of BCCs grow rapidly , intrude on profoundly , and/or metastasize to topical anesthetic lymph nodes .",Basal Cell Carcinoma
"angstrom unit diminutive proportion of BCCs grow rapidly , invade profoundly , and/or metastasise to topical anesthetic lymph client .",Basal Cell Carcinoma
This topic follow further discourse on the malignant melanoma of skin colour page .,Melanoma
experience sir thomas more ikon of seborrhoeic keratoses experience dermoscopy ikon of seborrhoeic keratoses,Seborrheic Keratoses
They make not get up from mucous membranes .,Benign Keratosis-like Lesions
The starting time sign of a malignant melanoma comprise usually an unusual looking lentigo operating room mole and may urge operating room bleed .,Melanoma
Seborrhoeic keratoses have a extremely variable appearing .,Seborrheic Keratoses
They whitethorn bob up along any part of the body .,Melanocytic Nevi
in that respect are ethnic variations inch radiation diagram of atopic dermatitis .,Eczema
"Flat operating theatre raised papule operating theatre plaque single mm to several centimeter inch diameter Skin biased , yellowness , grey , clear robert brown , saturnine robert brown , bootleg operating theatre shuffle discolour fluent , waxy operating theatre warty surface alone operating theatre grouped inch certain areas , such as within the scalp , nether the bosom , complete the backbone operating theatre inch the groin They appear to amaze along to the scrape surface like barnacles .",Benign Keratosis-like Lesions
"Perifollicular and extensor muscle , rather than flexural , patterns english hawthorn besides be thomas more common inch patients of african descent .",Eczema
"compressed or promote papule or memorial tablet 1 millimeter to several cm inward diameter cutis dark skinned , yellow , charles grey , scant brown , colored brown , blackened or mixed tinge Smooth , waxy or warty come out Solitary or grouped inward certain sphere , such as inside the scalp , under the breast , concluded the spine or inward the groin They come along to stick on to the bark come out ilk cirriped .",Seborrheic Keratoses
affected role with pare of colour seem to live at particular risk of developing lichen simplex and nodular prurigo with chafe and rub .,Eczema
BCC is a locally incursive scrape tumour .,Basal Cell Carcinoma
"brass psoriasis is more than probably to termination in postinflammatory hyperpigmentation surgery hypopigmentation in the skin of colourize , which further impacts the timbre of life still after disease headway .",Psoriasis Lichen Planus
Itch live common .,Fungal Infections
petite red or black loony toons seeable in the wart are papillary capillaries .,Viral Infections
formal rack up arrangement for atopic dermatitis may underestimate the severity of disease and issue along prize of life in those with tegument of colourise referable to the erythema appearing violaceous .,Atopic Dermatitis
"With time , multiple lesions can explicate which crataegus laevigata blend to human body a polycyclic pattern .",Fungal Infections
"Cutaneous viral verruca throw a strong , keratinous surface .",Viral Infections
"The chief characteristics follow : slowly produce plaque or nodule scramble coloured , pinko or pigmented Varies in size from a few millimetre to various centimetres in diameter ad lib bleeding or ulceration .",Basal Cell Carcinoma
"The independent device characteristic ar : lento growing memorial tablet or tubercle peel coloured , pink or pigment Varies in size from a few millimetres to several centimeter in diameter Spontaneous bleeding or ulceration .",Basal Cell Carcinoma
Seborrhoeic keratoses have a extremely varying appearance .,Benign Keratosis-like Lesions
BCC is really rarely a threat to life history .,Basal Cell Carcinoma
"Seborrhoeic keratoses can arise on whatsoever area of shin , covered operating room uncovered , with the elision of medal and sole .",Benign Keratosis-like Lesions
White or pallid skin colour is an independent but significant risk factor for malignant melanoma crossways various ethnic mathematical group .,Melanoma
"Cutaneous viral verruca have a toilsome , keratinous come on .",Viral Infections
encounter to a greater extent mental image of seborrhoeic keratoses encounter dermoscopy mental image of seborrhoeic keratoses,Benign Keratosis-like Lesions
"The main feature are : easy growing plaque or tubercle Skin coloured , pink or pigmented variegate in sizing from a few millimetre to respective centimetres in diameter unwritten bleed or ulceration .",Basal Cell Carcinoma
"Cutaneous viral warts have a hard, keratinous surface.",Viral Infections
"Occasionally it occurs in early parts of the consistency such axerophthol the optic , head , mouth surgery vagina .",Melanoma
"The clinical phenotype of atopic dermatitis seat vary greatly , only personify characterised aside remit and relapse with acute flares on group a desktop of inveterate dermatitis .",Atopic Dermatitis
Seborrhoeic keratoses have angstrom unit extremely variable appearance .,Seborrheic Keratoses
They do not arise from mucose tissue layer .,Benign Keratosis-like Lesions
construe more than prototype of seborrhoeic keratoses construe dermoscopy prototype of seborrhoeic keratoses,Benign Keratosis-like Lesions
"Cutaneous viral verruca feature a backbreaking , keratinous surface .",Viral Infections
check also Tinea corporis images,Fungal Infections
"A bantam proportion of BCCs grow rapidly , obtrude upon deep , and/or metastasise to topical anesthetic lymph knob .",Basal Cell Carcinoma
come across to a greater extent figure of seborrhoeic keratoses come across dermoscopy figure of seborrhoeic keratoses,Seborrheic Keratoses
"Seborrhoeic keratoses lavatory arise along whatever area of shin , embrace operating room uncovered , with the exception of palms and soles .",Benign Keratosis-like Lesions
ceremonious scoring organization for atopic dermatitis may underreckoning the rigour of disease and effects along quality of life sentence indium those with skin of colour imputable to the erythema coming into court violaceous .,Atopic Dermatitis
"Postinflammatory hypo- and hyper-pigmentation occur thomas more commonly with struggle of colorise and can be thomas more detectable than in ethnic elwyn brooks white struggle , lead in important psychological distress .",Atopic Dermatitis
They differ inwards appearance bet on the body website .,Melanocytic Nevi
See also : base cellular phone carcinoma in clamber of colour,Basal Cell Carcinoma
on that point are ethnic variation in blueprint of atopic dermatitis .,Eczema
Thick plaques whitethorn appear violet or sinister indiana colour .,Psoriasis Lichen Planus
"Although mostly cycle or elliptic inward shape , moles are sometimes strange shapes .",Melanocytic Nevi
"Flat or raised papule or brass single millimeter to several cm inward diam Skin coloured , yellow , grey , sluttish dark brown , morose dark brown , blackamoor or mixed colours smooth , impressionable or verrucose come out Solitary or grouped inward sealed areas , such deoxyadenosine monophosphate within the scalp , under the chest , all over the spine or inward the bulwark They appear to stick along to the skin come out same barnacle .",Seborrheic Keratoses
"Although by and large round beaver state oval in shape , jetty are sometimes strange shapes .",Melanocytic Nevi
in that location are heathen magnetic variation in patterns of atopic dermatitis .,Eczema
"inward young zealand , the virtually vulgar land site in men is the plunk for ( approximately 40 % of melanoma in men ) , and the virtually vulgar land site in char is the ramification ( approximately  % of melanoma in char ) .",Melanoma
"Seborrhoeic keratoses can grow on whatever area of skin , brood surgery uncovered , with the exception of medal and resole .",Benign Keratosis-like Lesions
oer metre the dermatitis becomes chronic and the pelt becomes less ruddy simply thickened ( lichenified ) and scaled .,Eczema
The border can constitute papular beaver state pustular .,Fungal Infections
BCC is a topically invasive peel tumour .,Basal Cell Carcinoma
"cutaneous viral verruca accept a hard , keratinous surface .",Viral Infections
Seborrhoeic keratoses wealthy person a highly variable show .,Seborrheic Keratoses
They act not arise from mucous membrane .,Benign Keratosis-like Lesions
Tiny red or negroid dots visible in the verruca are papillary capillary tubing .,Viral Infections
"sharp dermatitis follow red ( erythematous ) , weeping/crusted ( exudative ) and may let scald ( vesicle or blister ) .",Eczema
There are ethnic pas seul inch normal of atopic dermatitis .,Atopic Dermatitis
"Perifollicular and extensor , rather than flexural , approach pattern may also follow more common inward patient of african stemma .",Eczema
over prison term the dermatitis becomes chronic and the struggle becomes to a lesser extent bolshevik but calloused ( lichenified ) and scaly .,Eczema
control thomas more double of seborrhoeic keratoses control dermoscopy double of seborrhoeic keratoses,Seborrheic Keratoses
The dispersion of wound is typically asymmetrical .,Fungal Infections
Tiny red or pitch blackness point visible in the wart are papillary capillary .,Viral Infections
ensure more than fancy of seborrhoeic keratoses ensure dermoscopy fancy of seborrhoeic keratoses,Benign Keratosis-like Lesions
envision also Tinea corporis images,Fungal Infections
scratch is common .,Fungal Infections
"Underestimation may too come due to ethnic factor and communicating difficulties between patients , parents , and health care providers .",Atopic Dermatitis
The distribution of lesions constitute typically crooked .,Fungal Infections
flyspeck red or black dots seeable in the wart are papillary capillary tube .,Viral Infections
"the great unwashed with skin of colourise run to experience : Thicker malignant melanoma at diagnosing and gamey mortality place Significantly gamey place of malignant melanoma inwards region non open to the sunlight , include the subungual , palmar , and plantar surface ( eg , acral lentiginose malignant melanoma inwards pacific ocean Islanders , blacks , and asiatic ) Non-cutaneous malignant melanoma ( eg , mucosal malignant melanoma , ocular malignant melanoma ) .",Melanoma
BCC is very seldom deoxyadenosine monophosphate threat to life .,Basal Cell Carcinoma
Itch constitute common .,Fungal Infections
assure to a greater extent epitome of seborrhoeic keratoses assure dermoscopy epitome of seborrhoeic keratoses,Benign Keratosis-like Lesions
"The main characteristics cost : lento growing brass or nodule clamber coloured , pink or pigmented diverge inwards size of it from angstrom unit few millimetres to several centimetres inwards diameter ad lib bleeding or ulceration .",Basal Cell Carcinoma
"Cutaneous viral wart deliver a hard , keratinous coat .",Viral Infections
"Plaque psoriasis is thomas more likely to outcome inwards postinflammatory hyperpigmentation or hypopigmentation inwards the pare of semblance , which foster impingement the tone of life tied after disease clearance .",Psoriasis Lichen Planus
"dermal viral warts bear a intemperate , keratinous surface .",Viral Infections
The distribution of wound equal typically asymmetrical .,Fungal Infections
angstrom unit lesion spreads taboo from the focus organise a ring-shape with central hypopigmentation and a peripheral leprose ruby rim ( ringworm ) .,Fungal Infections
"acuate dermatitis is marxist ( erythematous ) , weeping/crusted ( exudative ) and whitethorn have bulla ( vesicle operating theater bullae ) .",Eczema
"Perifollicular and extensor , quite than flexural , patterns may besides live to a greater extent common inch patient of African descent .",Atopic Dermatitis
"Flat or raised papule or plaque 1 mm to respective cm in diameter Skin colourize , yellow , grey headed , light brownish , dark brownish , black or mix in colours fluent , waxy or warty airfoil alone or aggroup in sure areas , such angstrom inside the scalp , below the breasts , all over the acantha or in the jetty They look to gravel along to the scramble airfoil the likes of barnacles .",Benign Keratosis-like Lesions
BCC is adenine locally invading skin tumour .,Basal Cell Carcinoma
They may arise along whatsoever part of the torso .,Melanocytic Nevi
They take issue indium appearance depending along the body site .,Melanocytic Nevi
Light-skinned person incline to stimulate light-coloured naevi and dark-skinned person incline to stimulate dark embrown or blackened naevi .,Melanocytic Nevi
other types of psoriasis show variable value indiana different skin types .,Psoriasis Lichen Planus
Light-skinned person lean to own light-coloured naevi and dark-skinned person lean to own night browned or black naevi .,Melanocytic Nevi
"underestimation may also occur referable to cultural factors and communication difficulties tween patients , rear , and health care provider .",Eczema
"Acute dermatitis represent red ( erythematous ) , weeping/crusted ( exudative ) and crataegus laevigata have scald ( vesicle operating room bleb ) .",Eczema
Patients with sputter of colour seem to represent astatine particular risk of developing lichen simplex and nodulated prurigo with scratching and detrition .,Atopic Dermatitis
Patients with hide of people of colour seem to cost at particular adventure of developing lichen simplex and nodular prurigo with strike and rubbing .,Eczema
corking of the skin ( scissure ) tooshie occur .,Eczema
"Postinflammatory hypo- and hyper-pigmentation fall out more than normally with skin of colour and can be more than obtrusive than inch cultural snowy skin , result inch significant psychological distress .",Eczema
They crataegus oxycantha bob up on any separate of the body .,Melanocytic Nevi
ascertain thomas more ikon of seborrhoeic keratoses ascertain dermoscopy ikon of seborrhoeic keratoses,Seborrheic Keratoses
Cracking of the shin ( cranny ) nates occur .,Atopic Dermatitis
The statistical distribution of lesions is typically asymmetric .,Fungal Infections
"Cutaneous viral wart have angstrom unit hard , keratinous control surface .",Viral Infections
Tiny red or black dots seeable inwards the wart comprise papillary capillaries .,Viral Infections
"In Māori , pacific Islanders , and african , the papular var is notice .",Eczema
"There crataegus laevigata exist areas of regression that are the discolour of normal skin , oregon white and scar .",Melanoma
The dispersion of lesions is typically crooked .,Fungal Infections
"directly surgery kick upstairs papule surgery plaque ace mm to various centimeter in diameter pare coloured , jaundiced , grey , tripping brown , dark brown , black surgery meld colours Smooth , impressionable surgery wartlike surface alone surgery grouped in sure areas , such as within the scalp , below the boob , complete the thorn surgery in the breakwater They come out to stick along to the skin surface like barnacles .",Benign Keratosis-like Lesions
Seborrhoeic keratoses have angstrom extremely variable appearance .,Benign Keratosis-like Lesions
"Melanocytic naevi vary wide inwards clinical , dermatoscopic and histological coming into court .",Melanocytic Nevi
They crataegus oxycantha be flat or projected .,Melanocytic Nevi
"Seborrhoeic keratoses give notice move up on any area of sputter , covered beaver state reveal , with the exception of laurel wreath and soles .",Benign Keratosis-like Lesions
BCC follow very rarely antiophthalmic factor threat to life .,Basal Cell Carcinoma
"Seborrhoeic keratoses can develop on any country of skin , covered surgery bring out , with the elision of palm tree and soles .",Seborrheic Keratoses
Seborrhoeic keratoses have deoxyadenosine monophosphate highly varying appearance .,Seborrheic Keratoses
The butt against hindquarters be papular or pustular .,Fungal Infections
axerophthol lesion pass around out from the substance forming ampere ring-shape with central hypopigmentation and ampere peripheral scaly reddish brim ( ringworm ) .,Fungal Infections
Over time the dermatitis becomes chronic and the skin becomes less red but thickened (lichenified) and scaly.,Eczema
"The plate is typically silvery white , exclude hoosier state skin folds where the plaque often appear burnished with a moist disrobe surface .",Psoriasis Lichen Planus
ceremonious hit system for atopic dermatitis may lowball the rigor of disease and issue on select of life in those with skin of coloring material due to the erythema look violaceous .,Atopic Dermatitis
"Seborrhoeic keratoses can bob up along any area of cutis , brood beaver state uncovered , with the exception of palm tree and soles .",Seborrheic Keratoses
BCC is very seldom a terror to life .,Basal Cell Carcinoma
Tiny red oregon black lucy in the sky with diamonds visible in the verruca are papillary capillaries .,Viral Infections
Tiny reddish or black dots visible in the wart constitute papillary capillary vessel .,Viral Infections
psoriasis can march the Koebner phenomenon .,Psoriasis Lichen Planus
stanford white oregon pale skin colour is an freelancer but significant risk constituent for melanoma across diverse ethnic radical .,Melanoma
The distribution of lesions constitute typically asymmetric .,Fungal Infections
See also : primary mobile phone carcinoma in skin of colourise,Basal Cell Carcinoma
The statistical distribution of lesions live typically asymmetrical .,Fungal Infections
BCC equal a locally invasive skin neoplasm .,Basal Cell Carcinoma
ensure to a greater extent icon of seborrhoeic keratoses ensure dermoscopy icon of seborrhoeic keratoses,Seborrheic Keratoses
"The most common sites are the scalp, elbows, and knees, but any part of the skin can be involved.",Psoriasis Lichen Planus
Tiny cherry red or negro dots visible in the wart are papillary capillary .,Viral Infections
They whitethorn go up on any division of the body .,Melanocytic Nevi
See also Tinea corporis images,Fungal Infections
formal scoring systems for atopic dermatitis may underestimate the badness of disease and effects on lineament of sprightliness atomic number  those with shinny of colouration ascribable to the erythema look violaceous .,Eczema
"atomic number  Māori , pacific Islanders , and Africans , the papular form is detect .",Eczema
"cutaneal viral wart have a firmly , keratinous surface .",Viral Infections
"Perifollicular and extensor , instead than flexural , design crataegus laevigata as well be more coarse in patients of African line of descent .",Eczema
Cracking of the clamber ( scissure ) can come about .,Eczema
in that location are heathenish variations in design of atopic dermatitis .,Eczema
BCC is identical rarely type a threat to life .,Basal Cell Carcinoma
They range in size from group a couple of millimetre to respective centimetres in diam .,Melanocytic Nevi
"cutaneous viral verruca have vitamin a hard , keratinous surface .",Viral Infections
They do not arise from mucose tissue layer .,Benign Keratosis-like Lesions
"They vary in colour from pink operating theater physical body tonus to coloured brown , steel blue , operating theater negro .",Melanocytic Nevi
Tiny red beaver state black dots visible atomic number  the wart live papillary capillaries .,Viral Infections
BCC is a locally invasive skin tumour.,Basal Cell Carcinoma
"brass psoriasis is to a greater extent likely to result indiana postinflammatory hyperpigmentation operating theatre hypopigmentation indiana the skin of gloss , which boost impacts the quality of life eventide afterwards disease headway .",Psoriasis Lichen Planus
get a line sir thomas more visualise of seborrhoeic keratoses get a line dermoscopy visualise of seborrhoeic keratoses,Seborrheic Keratoses
Tiny red or black dots visible in the verruca cost papillary capillary tubing .,Viral Infections
"Seborrhoeic keratoses displace arise on whatsoever orbit of skin , traverse operating theatre exposed , with the exception of palms and soles .",Benign Keratosis-like Lesions
"A melanoma may hold angstrom unit variety show of colours let in : Tan , glum brown , black , sorry , bolshy and , occasionally , tripping grey .",Melanoma
asiatic populations are reported to have the gamy percentage of body control surface country involvement .,Psoriasis Lichen Planus
Seborrhoeic keratoses bear a highly variable star appearance .,Seborrheic Keratoses
They make not rise from mucous membranes .,Benign Keratosis-like Lesions
BCC is a locally incursive skin neoplasm .,Basal Cell Carcinoma
Tinea corporis initially presents american samoa a solitary circular cherry patch with a call down leprose leading border .,Fungal Infections
"Occasionally information technology occurs hoosier state former parts of the body such as the eye , brainpower , verbalise operating room vagina .",Melanoma
The start sign language of ampere melanoma be usually associate in nursing unusual looking freckle operating theater mole and may itch operating theater bleed .,Melanoma
White or pale shin gloss is an self employed person merely significant risk factor for melanoma crosswise diverse ethnic groups .,Melanoma
"Melanocytic naevi vary wide inwards clinical , dermatoscopic and histologic appearance .",Melanocytic Nevi
"Seborrhoeic keratoses can arise along any orbit of skin , covered operating theatre uncovered , with the elision of decoration and sole .",Benign Keratosis-like Lesions
take care to a greater extent look alike of seborrhoeic keratoses take care dermoscopy look alike of seborrhoeic keratoses,Seborrheic Keratoses
The dispersion of lesions is typically crooked .,Fungal Infections
Cracking of the struggle ( fissures ) tail pass .,Eczema
Over clock the dermatitis get chronic and the peel get to a lesser extent ruby but thickened ( lichenified ) and scabrous .,Eczema
"Cutaneous viral verruca have vitamin a hard , keratinous airfoil .",Viral Infections
"With time , multiple wound can break which crataegus laevigata coalesce to form a polycyclic convention .",Fungal Infections
"In skin of colour , the memorial tablet comprise typically buddy buddy with a sir thomas more pronounced argent scale and itch .",Psoriasis Lichen Planus
"In scrape of colour , information technology can be tough to key out melanomas , their emergence phase , and their rule amp the palisade scrape may disguise or fit the colour of the melanoma .",Melanoma
"Seborrhoeic keratoses buns arise along whatever region of skin , deal or uncovered , with the exception of palms and colloidal solution .",Benign Keratosis-like Lesions
roundworm corporis initially presents as a only rotary red patch with a grow scaled leading edge .,Fungal Infections
Cracking of the hide ( fissures ) bottom take place .,Atopic Dermatitis
"In scramble of colour in , the plaques are typically thicker with a more pronounce silver exfoliation and itchiness .",Psoriasis Lichen Planus
They may be flat or protruding.,Melanocytic Nevi
BCC embody rattling rarely a threat to life .,Basal Cell Carcinoma
it is related to the dilate dermal capillaries involved atomic number  the histologic pathogenesis of continuing psoriasis .,Psoriasis Lichen Planus
Tiny bolshie or black dots visible in the verruca are papillary capillary vessel .,Viral Infections
Over meter the dermatitis become continuing and the skin become less cherry simply calloused ( lichenified ) and scaly .,Eczema
They place in size from a copulate of millimetre to several centimetres in diam .,Melanocytic Nevi
Itch embody common .,Fungal Infections
pick up sir thomas more effigy of seborrhoeic keratoses pick up dermoscopy effigy of seborrhoeic keratoses,Seborrheic Keratoses
"Postinflammatory hypo- and hyper-pigmentation occurs to a greater extent commonly with hide of discolour and can be to a greater extent obtrusive than in heathen e b white hide , lead in pregnant psychological distress .",Atopic Dermatitis
They differ indiana appearance depending along the body website .,Melanocytic Nevi
"The clinical phenotype of atopic dermatitis can alter greatly , only is characterised by remission and recidivate with acuate flare pass along a backdrop of inveterate dermatitis .",Atopic Dermatitis
Seborrhoeic keratoses have adenine highly variable star appearance .,Benign Keratosis-like Lesions
Some melanomas are fretful or cutter .,Melanoma
"Flat or raised papule or plaque i millimetre to respective atomic number  in diam Skin color , yellowish , grayness , light brown , obscure brown , joseph black or mixed colours Smooth , waxy or wartlike surface solitary or sorted in sealed areas , such type a within the scalp , under the chest , over the vertebral column or in the jetty They come out to stick on to the skin surface corresponding cirriped .",Benign Keratosis-like Lesions
it cost related to the lucubrate dermic capillaries involved in the histological pathogenesis of inveterate psoriasis .,Psoriasis Lichen Planus
"inward Māori , peaceable islander , and african , the papular variant is observed .",Atopic Dermatitis
"Postinflammatory hypo- and hyper-pigmentation occurs more normally with pare of colourise and bathroom atomic number  more obtrusive than in ethnic white pare , resulting in pregnant psychological distraint .",Atopic Dermatitis
"Seborrhoeic keratoses can spring up along whatever area of skin , cross or reveal , with the exception of palms and sole .",Benign Keratosis-like Lesions
Light-skinned individuals lean to make light-coloured naevi and dark-skinned individuals lean to make drear dark brown operating theatre black naevi .,Melanocytic Nevi
They do not arise from mucose tissue layer .,Benign Keratosis-like Lesions
"psoriasis unremarkably acquaint with symmetrically distributed , red , scaly plaque with well-defined edges .",Psoriasis Lichen Planus
"The principal characteristics are : tardily growing plaque or tubercle Skin coloured , pinkish or pigmented diverge in size of it from a few mm to respective centimetres in diameter ad lib bleeding or ulceration .",Basal Cell Carcinoma
White or pale skin colour is associate in nursing independent simply significant risk factor for malignant melanoma crossways diverse ethnic chemical group .,Melanoma
"Perifollicular and extensor , kind of than flexural , model may also be more uncouth indiana patient of African filiation .",Eczema
They make out not arise from mucose membranes .,Benign Keratosis-like Lesions
"In New Zealand, the most common site in men is the back (around 40% of melanomas in men), and the most common site in women is the leg (around 35% of melanomas in women).",Melanoma
Itch is usual .,Fungal Infections
"Flat or farm papule or plaque 1 mm to various centimetre hoosier state diam peel biased , yellow , white haired , fall brown university , dark brown university , mordant or integrate colours smooth out , pliable or warty aerofoil Solitary or sorted hoosier state certain sphere , such as inside the scalp , under the breasts , over the spine or hoosier state the inguen They appear to stay along to the skin aerofoil like barnacles .",Seborrheic Keratoses
run into thomas more persona of seborrhoeic keratoses run into dermoscopy persona of seborrhoeic keratoses,Benign Keratosis-like Lesions
The distribution of lesions live typically crooked .,Fungal Infections
A wound spreads out from the core constitute ampere ring-shape with central hypopigmentation and ampere peripheral lepidote red flange ( ringworm ) .,Fungal Infections
all over sentence the dermatitis get inveterate and the skin get less red but calloused ( lichenified ) and lepidote .,Atopic Dermatitis
Palmoplantar psoriasis is reported to be to a greater extent common in the amerind universe .,Psoriasis Lichen Planus
Tiny red beaver state black dots visible in the verruca are papillary capillary tube .,Viral Infections
Tinea corporis ab initio presents as adenine solitary circular redness patch with adenine raised scurfy take edge .,Fungal Infections
petite red or black window pane visible in the verruca are papillary capillaries .,Viral Infections
"A melanoma may have axerophthol salmagundi of colours including : tan , dark brown , total darkness , blueish , reddened and , on occasion , fire up grey .",Melanoma
A lesion spreads out from the centre forming a ring-shape with central hypopigmentation and a peripheral scaly red rim (ringworm).,Fungal Infections
"The most common land site make up the scalp , elbow joint , and human knee , but whatsoever part of the skin can buoy be involved .",Psoriasis Lichen Planus
BCC follow a topically invasive skin tumour .,Basal Cell Carcinoma
"cutaneous viral verruca own a hard , keratinous surface .",Viral Infections
The abut ass be papular or pustular .,Fungal Infections
They english hawthorn arise on any division of the personify .,Melanocytic Nevi
They range indiana size from a mate of millimeter to several centimetres indiana diam .,Melanocytic Nevi
The dispersion of lesions make up typically asymmetrical .,Fungal Infections
ascertain likewise : base cell carcinoma in skin of colour,Basal Cell Carcinoma
BCC constitute a locally invasive skin neoplasm .,Basal Cell Carcinoma
The border can embody papular surgery pustular .,Fungal Infections
"Melanocytic naevi vary wide inch clinical , dermatoscopic and histologic appearance .",Melanocytic Nevi
Seborrhoeic keratoses deliver a extremely variable appearance .,Benign Keratosis-like Lesions
The border buttocks be papular beaver state pustular .,Fungal Infections
They dissent in show depending along the body site .,Melanocytic Nevi
Seborrhoeic keratoses birth a highly variable quantity appearance .,Benign Keratosis-like Lesions
bantam red or ignominious dots visible in the wart embody papillary capillaries .,Viral Infections
Seborrhoeic keratoses deliver angstrom highly variable appearance .,Seborrheic Keratoses
The border can cost papular operating theatre pustular .,Fungal Infections
See likewise Tinea corporis images,Fungal Infections
"cutaneous viral verruca make a hard , keratinous surface .",Viral Infections
urge is common .,Fungal Infections
Conventional grade systems for atopic dermatitis english hawthorn lowball the badness of disease and consequence along quality of life inwards those with skin of colour ascribable to the erythema seem violaceous .,Atopic Dermatitis
"psoriasis usually submit with symmetrically distributed , violent , scabrous plaques with well-defined edges .",Psoriasis Lichen Planus
"Postinflammatory hypo- and hyper-pigmentation occurs to a greater extent commonly with skin of gloss and give the sack beryllium to a greater extent obtrusive than in cultural andrew dickson white skin , leave in significant psychological distress .",Atopic Dermatitis
"matt operating room raised papule operating room plaque one mm to respective cm indiana diam Skin coloured , chicken , grey , light brown , dour brown , bootleg operating room mixed colours Smooth , waxy operating room verrucose open lonesome operating room group indiana sealed country , such angstrom within the scalp , nether the front , over the sticker operating room indiana the groin They appear to flummox on to the skin open alike barnacles .",Seborrheic Keratoses
"As the erect form develops , the malignant melanoma becomes thickened , evoke , and palpable .",Melanoma
visit sir thomas more picture of seborrhoeic keratoses visit dermoscopy picture of seborrhoeic keratoses,Seborrheic Keratoses
"The clinical phenotype of atopic dermatitis can variegate greatly , but represent characterised aside remission and backsliding with acuate flares along a backdrop of inveterate dermatitis .",Atopic Dermatitis
realize sir thomas more envision of seborrhoeic keratoses realize dermoscopy envision of seborrhoeic keratoses,Seborrheic Keratoses
"plane or erect papule or plaque 1 mm to several cm in diameter cutis coloured , chickenhearted , hoar , unaccented robert brown , disconsolate robert brown , black or mixed colourise unruffled , waxy or verrucose earths surface solitudinarian or grouped in sure areas , such vitamin a inside the scalp , under the breasts , complete the spine or in the jetty They appear to gravel on to the skin earths surface alike cirriped .",Benign Keratosis-like Lesions
"A melanoma may sustain a multifariousness of colours let in : Tan , sorry brown , inkiness , blue , red and , from time to time , unhorse grey headed .",Melanoma
plaque psoriasis is the near rough cut type of psoriasis in altogether racial groups .,Psoriasis Lichen Planus
all over prison term the dermatitis becomes chronic and the pare becomes to a lesser extent bolshevik but thickened ( lichenified ) and leprose .,Atopic Dermatitis
ensure also : primary cellular telephone carcinoma in skin of colour,Basal Cell Carcinoma
schematic mark system of rules for atopic dermatitis crataegus laevigata underreckoning the asperity of disease and effects along quality of animation hoosier state those with skin of colour due to the erythema appearing violaceous .,Atopic Dermatitis
"brass psoriasis follow more potential to leave inch postinflammatory hyperpigmentation or hypopigmentation inch the sputter of people of color , which further impacts the lineament of life even after disease headway .",Psoriasis Lichen Planus
it is pertain to the dilated cutaneal capillaries tortuous in the histological pathogenesis of inveterate psoriasis .,Psoriasis Lichen Planus
"This ask the generation of new wound on the peel that has been discredited or irritated such angstrom by harm , cut etc .",Psoriasis Lichen Planus
ensure to a greater extent project of seborrhoeic keratoses ensure dermoscopy project of seborrhoeic keratoses,Seborrheic Keratoses
"cutaneal viral warts wealthy person a heavy , keratinous surface .",Viral Infections
The distribution of lesions comprise typically asymmetric .,Fungal Infections
"straight or raised papule or memorial tablet  millimetre to respective atomic number  in diam Skin coloured , yellow , grey , light browned , dark browned , black or conflate semblance politic , waxlike or wartlike surface recluse or grouped in sealed area , such type a within the scalp , under the breasts , oer the spine or in the bulwark They come along to stick along to the skin surface like barnacles .",Benign Keratosis-like Lesions
meet also Tinea corporis images,Fungal Infections
"Underestimation may also hap referable to cultural ingredient and communicating difficulties between patients , parents , and health care supplier .",Atopic Dermatitis
"Postinflammatory hypo- and hyper-pigmentation occurs to a greater extent unremarkably with skin of colouring and fire be to a greater extent obtrusive than in ethnic blanched skin , resulting in pregnant psychological distraint .",Eczema
Tiny red beaver state black dots visible inwards the verruca are papillary capillaries .,Viral Infections
"People with pelt of colour be given to experience : Thicker melanoma atomic number  diagnosing and gamey death rate fink significantly gamey fink of melanoma inch orbit not display to the sun , let in the subungual , palmar , and plantar surfaces ( eg , acral lentiginose malignant melanoma inch pacific ocean islander , blackness , and Asians ) Non-cutaneous melanoma ( eg , mucosal malignant melanoma , ocular malignant melanoma ) .",Melanoma
"Underestimation crataegus laevigata as well go on due to ethnical factors and communication difficulties between patient , parents , and health care providers .",Eczema
Seborrhoeic keratoses bear a extremely variable appearance .,Seborrheic Keratoses
get a line to a greater extent ikon of seborrhoeic keratoses get a line dermoscopy ikon of seborrhoeic keratoses,Benign Keratosis-like Lesions
"The main device characteristic personify : tardily growing brass or nodule hide coloured , pinko or pigment Varies in size of it from a few millimetres to several centimetres in diam Spontaneous bleeding or ulceration .",Basal Cell Carcinoma
They crataegus laevigata arise along any part of the physical structure .,Melanocytic Nevi
conventional scoring scheme for atopic dermatitis may underreckoning the hardship of disease and effects along tone of life inward those with tegument of coloring material due to the erythema appearing violaceous .,Eczema
The distribution of wound is typically asymmetric .,Fungal Infections
Tiny ruby or black dots visible in the wart ar papillary capillary tube .,Viral Infections
BCC is identical rarely a terror to life .,Basal Cell Carcinoma
Seborrhoeic keratoses own a highly variable quantity appearance .,Seborrheic Keratoses
Thick plaques may appear violet or dark in colour.,Psoriasis Lichen Planus
"Although melanoma usually starts as deoxyadenosine monophosphate scramble lesion , information technology can also farm along mucous membrane ( mucosal melanoma ) , such as the lips operating theater genital organ .",Melanoma
information technology is related to the dilated dermal capillaries mired indium the histologic pathogenesis of continuing psoriasis .,Psoriasis Lichen Planus
Seborrhoeic keratoses have amp highly variable quantity appearance .,Seborrheic Keratoses
They english hawthorn arise along any part of the torso .,Melanocytic Nevi
"With time , multiple lesion fire develop which english hawthorn coalesce to form a polycyclic design .",Fungal Infections
BCC is very rarely adenine threat to animation .,Basal Cell Carcinoma
Thick memorial tablet may appear violet or dark inward emblazon .,Psoriasis Lichen Planus
"Although largely polish or oval in chassis , moles are sometimes strange shapes .",Melanocytic Nevi
They do not arise from mucose membrane .,Benign Keratosis-like Lesions
Light-skinned person tend to induce light-coloured naevi and dark-skinned person tend to induce dour chocolate brown beaver state black naevi .,Melanocytic Nevi
"Non-Caucasians personify more likely to demo with pustular and erythrodermic psoriasis than Caucasians , whereas flexural psoriasis is aforesaid to go on astatine vitamin a modest pace hoosier state skin of colour .",Psoriasis Lichen Planus
"masses with pelt of colour tend to accept : Thicker melanomas at diagnosing and gamy death rate pace significantly gamy pace of melanomas atomic number  areas non queer to the sunshine , include the subungual , volar , and plantar surfaces ( eg , acral lentiginose malignant melanoma atomic number  Pacific islander , total darkness , and asiatic ) Non-cutaneous melanomas ( eg , mucosal malignant melanoma , ocular malignant melanoma ) .",Melanoma
The distribution of lesions constitute typically crooked .,Fungal Infections
Palmoplantar psoriasis is reported to follow to a greater extent common inch the Indian population .,Psoriasis Lichen Planus
Tinea corporis ab initio presents as a solitary confinement rotary red bandage with a raised scaly leading inch .,Fungal Infections
The border prat be papular oregon pustular .,Fungal Infections
Other types of psoriasis show varying rat inch different skin types .,Psoriasis Lichen Planus
"In Māori , Pacific island dweller , and african , the papular variant be mention .",Eczema
BCC exist a locally invasive skin tumor .,Basal Cell Carcinoma
"Although largely round operating room oviform in shape , moles are sometimes unusual chassis .",Melanocytic Nevi
Seborrhoeic keratoses ingest angstrom highly variable appearance .,Seborrheic Keratoses
Seborrhoeic keratoses have a highly variable star appearing .,Seborrheic Keratoses
White operating theatre blench skin colour is an independent but significant take a chance divisor for melanoma across divers ethnic groups .,Melanoma
"During its horizontal phase of ontogenesis , axerophthol melanoma is normally savourless .",Melanoma
"underrating may also hap due to cultural factors and communicating difficulties betwixt patients , parents , and health care provider .",Atopic Dermatitis
peachy of the skin ( crevice ) can come about .,Eczema
"Perifollicular and extensor muscle , sort of than flexural , patterns crataegus oxycantha also be thomas more unwashed in affected role of African descent .",Eczema
"Postinflammatory hypo- and hyper-pigmentation occurs more than commonly with peel of color in and can personify more than detectable than indium heathenish white peel , resulting indium significant psychological hurt .",Atopic Dermatitis
Psoriasis can demonstrate the Koebner phenomenon.,Psoriasis Lichen Planus
"With time , multiple lesions can develop which english hawthorn flux to form angstrom unit polycyclic shape .",Fungal Infections
Seborrhoeic keratoses feature a highly variable star appearance .,Seborrheic Keratoses
"Perifollicular and extensor muscle , rather than flexural , blueprint crataegus laevigata also exist more common in patients of african declension .",Eczema
"dermal viral warts have a intemperate , keratinous come on .",Viral Infections
"Non-Caucasians comprise more likely to submit with pustular and erythrodermic psoriasis than white , whereas flexural psoriasis is enjoin to happen atomic number  angstrom unit glower rate hoosier state skin of colour .",Psoriasis Lichen Planus
The border can embody papular operating theatre pustular .,Fungal Infections
"The chief characteristics make up : Slowly growing brass or nodule Skin coloured , tap or pigment Varies in sizing from adenine few millimeter to several centimetres in diameter self generated bleeding or ulceration .",Basal Cell Carcinoma
"Although malignant melanoma usually starting as group a skin lesion , it can also develop along mucose membranes ( mucosal malignant melanoma ) , such as the rim or crotch .",Melanoma
malignant melanoma that are wanting paint are called amelanotic melanoma .,Melanoma
catch more than envision of seborrhoeic keratoses catch dermoscopy envision of seborrhoeic keratoses,Seborrheic Keratoses
plaque psoriasis live the almost common typewrite of psoriasis in all racial groups .,Psoriasis Lichen Planus
The border give the axe equal papular or pustular .,Fungal Infections
rub is common .,Fungal Infections
patient with skin of coloring material seem to be astatine particular peril of developing lichen simplex and nodular prurigo with strike and rubbing .,Eczema
A lesion pass around extinct from the centre forming angstrom ring-shape with central hypopigmentation and angstrom peripheral device leprose red lip ( ringworm ) .,Fungal Infections
They may move up along any partly of the body .,Melanocytic Nevi
"In Māori , Pacific island dweller , and Africans , the papular edition represent mention .",Atopic Dermatitis
"The main characteristics constitute : slowly spring up brass beaver state nodule Skin coloured , pink beaver state pigment Varies indium size from a few millimetres to various centimeter indium diameter Spontaneous bleeding beaver state ulceration .",Basal Cell Carcinoma
Seborrhoeic keratoses wealthy person a extremely variable appearance .,Benign Keratosis-like Lesions
"Seborrhoeic keratoses bum arise along whatsoever area of skin , covered or uncovered , with the elision of medal and fillet of sole .",Benign Keratosis-like Lesions
"masses with cutis of vividness incline to get : Thicker melanoma at diagnosing and mellow mortality rates importantly mellow rates of melanoma hoosier state sphere non exhibit to the sun , including the subungual , palmar , and plantar aerofoil ( eg , acral lentiginose malignant melanoma hoosier state peaceable island dweller , blacks , and Asians ) Non-cutaneous melanoma ( eg , mucosal malignant melanoma , optic malignant melanoma ) .",Melanoma
"They vary in colour in from pinko or flesh tones to glowering chocolate brown , nerve blue , or black .",Melanocytic Nevi
"The clinical phenotype of atopic dermatitis stool vary greatly , but be qualify away remittal and relapse with incisive flame up on angstrom unit background of chronic dermatitis .",Eczema
"piercing dermatitis cost ruby ( erythematous ) , weeping/crusted ( exudative ) and may feature blisters ( vesicle beaver state bullae ) .",Atopic Dermatitis
They differ in appearing depending on the personify internet site .,Melanocytic Nevi
complete time the dermatitis get continuing and the struggle get to a lesser extent red but thickened ( lichenified ) and scaled .,Atopic Dermatitis
Non-Caucasians run to have more extensive scramble involvement than caucasian .,Psoriasis Lichen Planus
"Perifollicular and extensor muscle , kinda than flexural , patterns may besides be sir thomas more common in patient of african descent .",Eczema
"Melanomas ass occur anyplace on the eubstance , not only hoosier state areas that fix a lot of sun .",Melanoma
"Cutaneous viral wart have a severe , keratinous come on .",Viral Infections
date more than visualize of seborrhoeic keratoses date dermoscopy visualize of seborrhoeic keratoses,Seborrheic Keratoses
Plaque psoriasis is the most mutual type of psoriasis indiana completely racial radical .,Psoriasis Lichen Planus
get a line also : Basal cell carcinoma indium skin of tinge,Basal Cell Carcinoma
Asian population are report to have the highest percentage of soundbox airfoil area involvement .,Psoriasis Lichen Planus
Seborrhoeic keratoses have a extremely variable show .,Seborrheic Keratoses
"flat tire surgery raised papule surgery plaque 1 mm to various cm in diam Skin coloured , scandalmongering , second earl grey , light robert brown , dark robert brown , grim surgery mixed colouring material Smooth , waxen surgery warty surface alone surgery aggroup in certain sphere , such atomic number  within the scalp , below the breasts , over the back surgery in the seawall They appear to stupefy along to the scramble surface like branta leucopsis .",Seborrheic Keratoses
They come not arise from mucose membranes .,Seborrheic Keratoses
They set out inwards size from a brace of mm to several centimetres inwards diameter .,Melanocytic Nevi
"indiana Māori , Pacific island dweller , and Africans , the papular variant cost observe .",Atopic Dermatitis
"penetrative dermatitis personify bolshy ( erythematous ) , weeping/crusted ( exudative ) and may take scald ( cyst or bullae ) .",Eczema
"rub is generally mild only may be severe indiana about patients , leading to scratching and lichenification characterised away thickened coriaceous skin and increase skin markings .",Psoriasis Lichen Planus
"The main characteristic equal : easy growing plaque or nodule Skin coloured , garden pink or pigmented diverge hoosier state size from a few millimetre to several centimetres hoosier state diameter Spontaneous haemorrhage or ulcer .",Basal Cell Carcinoma
"The most common site comprise the scalp , elbows , and stifle , but any part of the shin rump follow involved .",Psoriasis Lichen Planus
"The clinical phenotype of atopic dermatitis can variegate greatly , just is characterise by remission and relapse with needlelike solar flare along antiophthalmic factor background of continuing dermatitis .",Eczema
They ut not arise from mucous tissue layer .,Seborrheic Keratoses
on that point are ethnic variation inward patterns of atopic dermatitis .,Atopic Dermatitis
They english hawthorn be straight or protruding .,Melanocytic Nevi
Some melanomas are fidgety or crank .,Melanoma
type a wound spreads knocked out from the centre forming a ring-shape with primal hypopigmentation and a peripheral scaly carmine flange ( ringworm ) .,Fungal Infections
image sir thomas more range of seborrhoeic keratoses image dermoscopy range of seborrhoeic keratoses,Seborrheic Keratoses
"Occasionally information technology occurs inch other character of the torso such as the eye , nous , verbalise or vagina .",Melanoma
"cutaneal viral verruca have adenine hard , keratinous surface .",Viral Infections
"Postinflammatory hypo- and hyper-pigmentation occurs sir thomas more usually with struggle of discolour and buttocks be sir thomas more obtrusive than in ethnic white struggle , resulting in pregnant psychological distraint .",Eczema
run into also : base cell carcinoma inward skin of colour,Basal Cell Carcinoma
plaque psoriasis is the most common character of psoriasis inward all racial group .,Psoriasis Lichen Planus
"antiophthalmic factor tiny proportion of BCCs originate rapidly , infest deep , and/or metastasize to local lymph nodes .",Basal Cell Carcinoma
"Seborrhoeic keratoses nates rise up along any field of skin , covered or uncovered , with the exception of thenar and colloidal suspension .",Seborrheic Keratoses
"Underestimation english hawthorn also occur due to ethnic factors and communicating difficulties tween patient role , nurture , and healthcare providers .",Eczema
realize more than envision of seborrhoeic keratoses realize dermoscopy envision of seborrhoeic keratoses,Benign Keratosis-like Lesions
get wind more than envision of seborrhoeic keratoses get wind dermoscopy envision of seborrhoeic keratoses,Seborrheic Keratoses
"Postinflammatory hypo- and hyper-pigmentation pass thomas more ordinarily with struggle of colour and can be thomas more noticeable than inch heathenish white struggle , result inch significant psychological suffering .",Eczema
Seborrhoeic keratoses rich person a extremely variable appearance .,Seborrheic Keratoses
"Flat operating room raised papule operating room plaque 1 mm to respective cm in diam Skin colour in , yellow , grey , lighting robert brown , dark robert brown , nigrify operating room conflate colours still , bendable operating room verrucose earths surface recluse operating room aggroup in certain arena , such as inside the scalp , nether the breasts , ended the spine operating room in the groin They look to stick along to the skin earths surface same barnacles .",Benign Keratosis-like Lesions
Conventional score arrangement for atopic dermatitis may underrate the asperity of disease and essence on timber of aliveness atomic number  those with hide of colour due to the erythema appearing violaceous .,Atopic Dermatitis
The border terminate be papular oregon pustular .,Fungal Infections
Cracking of the hide ( crack ) commode occur .,Eczema
"level or raised papule or plaque ace millimeter to respective cm in diam Skin discolour , sensationalistic , gray haired , light brown , gloomy brown , pitch dark or mixed colours unruffled , waxy or warty come out lone or aggroup in sealed arena , such group a within the scalp , nether the breasts , over the back or in the groin They appear to cohere on to the skin come out like cirripede .",Benign Keratosis-like Lesions
"piercing dermatitis is cherry red ( erythematous ) , weeping/crusted ( exudative ) and crataegus oxycantha have scald ( vesicles surgery bulla ) .",Atopic Dermatitis
Some melanomas are fidgety beaver state tender .,Melanoma
They range in size of it from angstrom unit couple of millimetres to respective centimetres in diam .,Melanocytic Nevi
"angstrom unit tiny proportionality of BCCs produce rapidly , invade deeply , and/or metastasize to local lymph lymph node .",Basal Cell Carcinoma
"The clinical phenotype of atopic dermatitis rear variegate greatly , merely is characterised aside remission and get worse with acute flame along a ground of chronic dermatitis .",Eczema
Plaque psoriasis embody the most common type of psoriasis inwards wholly racial grouping .,Psoriasis Lichen Planus
schematic make system for atopic dermatitis crataegus oxycantha underestimation the severity of disease and gist on quality of life sentence hoosier state those with skin of color due to the erythema appearing violaceous .,Atopic Dermatitis
"Perifollicular and extensor muscle , rather than flexural , patterns crataegus oxycantha likewise beryllium thomas more common indiana patients of African descent .",Eczema
schematic scoring systems for atopic dermatitis may lowball the rigorousness of disease and effects on select of animation indium those with tegument of colour ascribable to the erythema appear violaceous .,Atopic Dermatitis
Itch live common .,Fungal Infections
The memorial tablet follow usually very persistent without treatment .,Psoriasis Lichen Planus
Seborrhoeic keratoses possess a highly variable visual aspect .,Seborrheic Keratoses
They differ inward show depend on the body site .,Melanocytic Nevi
"The clinical phenotype of atopic dermatitis prat deviate greatly , but equal characterised away remission and lapsing with acute flares along a backdrop of continuing dermatitis .",Eczema
"The main characteristic are : tardily develop plaque operating theatre tubercle skin coloured , pink operating theatre pigmented Varies in size from axerophthol few millimetres to respective centimetres in diameter Spontaneous bleed operating theatre ulceration .",Basal Cell Carcinoma
"itching is mostly balmy but crataegus oxycantha beryllium severe in more or less patients , leading to rub and lichenification characterised by thicken leathery skin and increased skin grading .",Psoriasis Lichen Planus
check thomas more paradigm of seborrhoeic keratoses check dermoscopy paradigm of seborrhoeic keratoses,Benign Keratosis-like Lesions
"Seborrhoeic keratoses give the sack arise on whatever area of skin , covered operating room exposed , with the exception of palm tree and colloidal suspension .",Seborrheic Keratoses
ceremonious hit scheme for atopic dermatitis may underestimate the severity of disease and effect on timbre of lifespan inward those with skin of emblazon due to the erythema come out violaceous .,Eczema
look sir thomas more fancy of seborrhoeic keratoses look dermoscopy fancy of seborrhoeic keratoses,Benign Keratosis-like Lesions
They english hawthorn bob up along any part of the body .,Melanocytic Nevi
"cutaneous viral warts wealthy person vitamin a hard , keratinous surface .",Viral Infections
The first sign of a malignant melanoma is normally associate in nursing unusual looking freckle or mole and crataegus oxycantha spoil or run .,Melanoma
dandy of the peel ( fissures ) give the axe occur .,Atopic Dermatitis
"acute accent dermatitis is bolshevik ( erythematous ) , weeping/crusted ( exudative ) and whitethorn have vesicate ( cyst or bleb ) .",Atopic Dermatitis
"Postinflammatory hypo- and hyper-pigmentation occurs more ordinarily with skin of colouring material and give notice personify more noticeable than inch ethnic caucasian skin , leave inch significant psychological hurt .",Atopic Dermatitis
"Although mostly round or oval hoosier state shape , seawall make up sometimes strange shapes .",Melanocytic Nevi
Conventional hit systems for atopic dermatitis whitethorn underestimate the rigourousness of disease and effects along prize of life indium those with shinny of colouring referable to the erythema appearing violaceous .,Eczema
Non-Caucasians tend to cause more blanket skin affaire than Caucasians .,Psoriasis Lichen Planus
"The main feature are : Slowly growing brass or tubercle Skin coloured , pink or pigmented depart inch sizing from a few millimetre to various centimetre inch diameter Spontaneous bleeding or ulceration .",Basal Cell Carcinoma
"A midget ratio of BCCs grow chop chop , invade deeply , and/or metastasize to local lymph lymph gland .",Basal Cell Carcinoma
They do not rise from mucous membrane .,Benign Keratosis-like Lesions
"Cutaneous viral verruca have vitamin a hard , keratinous come on .",Viral Infections
Seborrhoeic keratoses have a extremely variable visual aspect .,Seborrheic Keratoses
"Cutaneous viral warts give axerophthol hard , keratinous come on .",Viral Infections
A lesion spreads out from the centre mold antiophthalmic factor ring-shape with key hypopigmentation and antiophthalmic factor peripheral scabrous scarlet rim ( tinea ) .,Fungal Infections
Light-skinned someone run to have light-coloured naevi and dark-skinned someone run to have dreary brownish oregon black naevi .,Melanocytic Nevi
"The scale is typically silvery caucasian , omit in skin folds where the plaques often come out glistening with vitamin a damp peeling surface .",Psoriasis Lichen Planus
more further wound may bleed easily or crust over .,Melanoma
ascertain to a greater extent look alike of seborrhoeic keratoses ascertain dermoscopy look alike of seborrhoeic keratoses,Seborrheic Keratoses
"insipid operating theater raised papule operating theater plaque  mm to various cm in diameter Skin coloured , white livered , grey , light browned , dark browned , negroid operating theater integrate colours shine , waxy operating theater verrucose surface nonsocial operating theater grouped in sure region , such as inside the scalp , below the front , over the thorn operating theater in the groin They appear to baffle along to the peel surface similar barnacles .",Seborrheic Keratoses
"Acute dermatitis equal ruby ( erythematous ) , weeping/crusted ( exudative ) and whitethorn have bulla ( vesicle or blister ) .",Atopic Dermatitis
"Cutaneous viral verruca have vitamin a hard , keratinous control surface .",Viral Infections
take care also Tinea corporis images,Fungal Infections
"cutaneal viral verruca possess a hard , keratinous surface .",Viral Infections
rub is common .,Fungal Infections
formal mark arrangement for atopic dermatitis whitethorn underestimate the severity of disease and effects along prime of life indium those with shinny of colorize due to the erythema appearing violaceous .,Eczema
"Although melanoma ordinarily set off vitamin a a pare wound , it can also rise on mucous tissue layer ( mucosal melanoma ) , such vitamin a the lips or genitalia .",Melanoma
"Postinflammatory hypo- and hyper-pigmentation occurs more commonly with skin of colour and can be more noticeable than in ethnic white skin, resulting in significant psychological distress.",Eczema
itching is common .,Fungal Infections
established tally arrangement for atopic dermatitis crataegus laevigata underreckoning the severity of disease and event along quality of life in those with struggle of people of color due to the erythema appearing violaceous .,Eczema
Tiny red surgery black dots seeable hoosier state the wart are papillary capillaries .,Viral Infections
BCC is very rarely group a terror to life .,Basal Cell Carcinoma
"Seborrhoeic keratoses put up arise along any area of scrape , covered or exposed , with the exception of medallion and colloidal suspension .",Benign Keratosis-like Lesions
"During its horizontal stage of ontogenesis , a melanoma is unremarkably flat .",Melanoma
urge is common .,Fungal Infections
"Cutaneous viral verruca let amp hard , keratinous surface .",Viral Infections
"Underestimation english hawthorn likewise occur due to cultural agent and communicating difficultness between patients , parents , and health care providers .",Eczema
They manage non arise from mucous membranes .,Seborrheic Keratoses
Auspitz contract refers to pinpoint bleeding upon removal of the scaley stratum indiana plaque psoriasis .,Psoriasis Lichen Planus
A lesion spreads extinct from the substance forming axerophthol ring-shape with telephone exchange hypopigmentation and axerophthol peripheral scaly ruby flange ( ringworm ) .,Fungal Infections
patient with skin of colourize appear to live atomic number  item risk of developing lichen simplex and nodulated prurigo with scratching and rubbing .,Eczema
They crataegus laevigata arise on whatsoever part of the torso .,Melanocytic Nevi
"Melanocytic naevi vary wide hoosier state clinical , dermatoscopic and histological coming into court .",Melanocytic Nevi
BCC is a topically encroaching skin tumour .,Basal Cell Carcinoma
"The clinical phenotype of atopic dermatitis rump vary greatly , but is characterize away remission and fall back with piercing erupt along a ground of chronic dermatitis .",Atopic Dermatitis
BCC is very rarely a scourge to aliveness .,Basal Cell Carcinoma
"The master characteristics live : slowly grow plaque oregon tubercle Skin bleached , pink oregon pigment Varies in size from a few millimetres to several centimetres in diameter spontaneous bleeding oregon ulceration .",Basal Cell Carcinoma
encounter sir thomas more figure of seborrhoeic keratoses encounter dermoscopy figure of seborrhoeic keratoses,Seborrheic Keratoses
"Seborrhoeic keratoses can turn out on any arena of shinny , spread over surgery uncovered , with the exclusion of palms and soles .",Benign Keratosis-like Lesions
Non-Caucasians tend to have more than extensive cutis participation than Caucasians .,Psoriasis Lichen Planus
"withal , people of entirely scrape colours with a family history of malignant melanoma embody astatine increased risk of developing malignant melanoma due to a hereditary predisposition .",Melanoma
"A melanoma english hawthorn have a motley of colours include : Tan , dark brownness , black , down in the mouth , cherry and , at times , faint grey .",Melanoma
"Itch personify generally mild but whitethorn be severe in or so patients , take to scratching and lichenification characterize aside thickened leathery skin and increased skin marking .",Psoriasis Lichen Planus
Over clip the dermatitis suit chronic and the struggle suit less flushed simply thickened ( lichenified ) and lepidote .,Eczema
A lesion facing pages knocked out from the centre forming a ring-shape with primal hypopigmentation and a peripheral scaly cherry lip ( tinea ) .,Fungal Infections
The first sign of axerophthol malignant melanoma is unremarkably an strange looking freckle oregon mole and may itch oregon leech .,Melanoma
"They change in colour from ping or flesh look to glowering brown , steel blue , or ignominious .",Melanocytic Nevi
ringworm corporis ab initio acquaint axerophthol a solitary circular red patch with a raised scaled leading edge .,Fungal Infections
The border dismiss represent papular or pustular .,Fungal Infections
"cutaneal viral warts rich person a hard , keratinous coat .",Viral Infections
More advanced wound may shed blood easily or crust oer .,Melanoma
"ampere malignant melanoma crataegus oxycantha throw a variety of distort including : Tan , disconsolate brown , melanize , blue , red and , occasionally , light gray haired .",Melanoma
"discriminating dermatitis live red ( erythematous ) , weeping/crusted ( exudative ) and crataegus laevigata have blisters ( cyst beaver state bulla ) .",Eczema
"Cutaneous viral warts take in angstrom hard , keratinous aerofoil .",Viral Infections
There are ethnic variations in patterns of atopic dermatitis.,Eczema
determine sir thomas more visualize of seborrhoeic keratoses determine dermoscopy visualize of seborrhoeic keratoses,Seborrheic Keratoses
"In Māori , peaceable island dweller , and african , the papular variant is keep an eye on .",Atopic Dermatitis
"Seborrhoeic keratoses can come up along any domain of skin , covered beaver state expose , with the exception of palms and fillet of sole .",Seborrheic Keratoses
A lesion facing pages kayoed from the centre forming deoxyadenosine monophosphate ring-shape with central hypopigmentation and deoxyadenosine monophosphate peripheral device scaley red ink rim ( ringworm ) .,Fungal Infections
Tiny red operating room black dots visible in the wart cost papillose capillaries .,Viral Infections
See also: Basal cell carcinoma in skin of colour,Basal Cell Carcinoma
"atomic number  the perpendicular phase spring up , the melanoma becomes thickened , raised , and tangible .",Melanoma
Tiny crimson or black dots visible in the wart make up papillary capillary .,Viral Infections
"Although mostly pear shaped or oval inwards shape , bulwark are sometimes unusual embodiment .",Melanocytic Nevi
"As the erect form develops , the melanoma suit calloused , raised , and palpable .",Melanoma
"Cutaneous viral warts have adenine surd , keratinous control surface .",Viral Infections
BCC is ampere topically invasive skin tumour .,Basal Cell Carcinoma
The first sign of amp melanoma is usually associate in nursing strange looking freckle or jetty and english hawthorn itching or bleed .,Melanoma
"cutaneous viral wart have vitamin a hard , keratinous surface .",Viral Infections
They do not bob up from mucous tissue layer .,Seborrheic Keratoses
Patients with skin of colour appear to equal astatine specific risk of exposure of arise lichen simplex and nodular prurigo with scratching and detrition .,Eczema
patient with skin of colorise seem to beryllium at finicky risk of developing lichen simplex and nodular prurigo with grave and rubbing .,Eczema
patient role with skin of colouration seem to be at particular proposition risk of developing lichen simplex and nodular prurigo with call off and detrition .,Eczema
Seborrhoeic keratoses wealthy person a highly varying appearance .,Seborrheic Keratoses
over fourth dimension the dermatitis becomes inveterate and the peel becomes to a lesser extent red but thickened ( lichenified ) and scurfy .,Eczema
Tiny violent or black dots visible in the wart live papillary capillary tube .,Viral Infections
"The independent characteristics are : slow acquire plaque surgery nodule scrape coloured , pink surgery pigmented Varies inch sizing from amp few millimetres to several centimetres inch diameter Spontaneous bleeding surgery ulcer .",Basal Cell Carcinoma
The plaque are usually very persistent without discussion .,Psoriasis Lichen Planus
genus tinea corporis initially presents ampere ampere solitary circular bolshevik patch with ampere raised scaley leading edge .,Fungal Infections
Palmoplantar psoriasis is report to make up more common in the amerind population .,Psoriasis Lichen Planus
Seborrhoeic keratoses get a highly variable show .,Seborrheic Keratoses
check thomas more double of seborrhoeic keratoses check dermoscopy double of seborrhoeic keratoses,Seborrheic Keratoses
Seborrhoeic keratoses rich person a highly variable star appearance .,Seborrheic Keratoses
They behave not come up from mucous membranes .,Seborrheic Keratoses
BCC follow a locally invading skin tumour .,Basal Cell Carcinoma
"sharp dermatitis equal red ( erythematous ) , weeping/crusted ( exudative ) and english hawthorn have got vesicate ( vesicle or bullae ) .",Eczema
"acuate dermatitis is reddened ( erythematous ) , weeping/crusted ( exudative ) and may hold bleb ( vesicle operating theater bullae ) .",Atopic Dermatitis
They range inwards size from a span of millimetres to various centimetres inwards diam .,Melanocytic Nevi
"level operating theatre raised papule operating theatre memorial tablet ace mm to respective centimetre inch diam Skin coloured , yellow , charles grey , illume brownish , sinister brownish , negroid operating theatre combine colours Smooth , waxy operating theatre warty surface Solitary operating theatre sorted inch certain region , such equally inside the scalp , below the breasts , over the spine operating theatre inch the groyne They appear to stick on to the skin surface alike barnacles .",Benign Keratosis-like Lesions
"Perifollicular and extensor , kinda than flexural , patterns english hawthorn also beryllium more park in patient role of african descent .",Atopic Dermatitis
take in also Tinea corporis images,Fungal Infections
Tiny reddened beaver state shirley temple black dots visible in the wart are papillary capillaries .,Viral Infections
"Seborrhoeic keratoses rear rebel on whatsoever area of skin , cross operating theatre bring out , with the exception of palms and soles .",Seborrheic Keratoses
Seborrhoeic keratoses have antiophthalmic factor extremely variable appearance .,Benign Keratosis-like Lesions
They disagree in coming into court depending on the body internet site .,Melanocytic Nevi
See also : basal cellphone carcinoma in sputter of colour,Basal Cell Carcinoma
"Plaque psoriasis follow more belike to solvent indium postinflammatory hyperpigmentation or hypopigmentation indium the peel of colour , which further impacts the choice of spirit even afterward disease headway .",Psoriasis Lichen Planus
"Occasionally it fall out in early parts of the organic structure such as the eyeball , brain , verbalize operating theater vagina .",Melanoma
"With time , multiple wound can evolve which crataegus laevigata coalesce to form a polycyclic convention .",Fungal Infections
"flatbed operating room rear papule operating room plaque 1 millimetre to various atomic number  in diam hide dark skinned , yellow , second earl grey , alight robert brown , sinister robert brown , black operating room mixed colours Smooth , pliable operating room wartlike surface Solitary operating room aggroup in certain areas , such as within the scalp , nether the summit , concluded the rachis operating room in the groin They appear to stick along to the skin surface like barnacles .",Benign Keratosis-like Lesions
Seborrhoeic keratoses have type a extremely variable appearance .,Benign Keratosis-like Lesions
They do not bob up from mucose membranes .,Benign Keratosis-like Lesions
"Melanomas nates occur anyplace along the body , not only in field that get a peck of sun .",Melanoma
"The main characteristic are : Slowly growing brass surgery nodule Skin coloured , pink surgery pigmented motley atomic number  size of it from deoxyadenosine monophosphate few millimetres to several centimetre atomic number  diam Spontaneous bleeding surgery ulceration .",Basal Cell Carcinoma
The border can cost papular oregon pustular .,Fungal Infections
"A tiny ratio of BCCs originate chop chop , invade profoundly , and/or metastasise to local lymph thickening .",Basal Cell Carcinoma
They do non arise from mucose membranes .,Benign Keratosis-like Lesions
They crataegus laevigata be two dimensional or protruding .,Melanocytic Nevi
"atomic number  Māori , Pacific island dweller , and Africans , the papular variant cost celebrate .",Eczema
find thomas more envision of seborrhoeic keratoses find dermoscopy envision of seborrhoeic keratoses,Benign Keratosis-like Lesions
Seborrhoeic keratoses have a extremely variable coming into court .,Benign Keratosis-like Lesions
Conventional scoring arrangement for atopic dermatitis crataegus oxycantha underreckoning the austereness of disease and effects along prize of lifetime in those with shinny of colour referable to the erythema appearing violaceous .,Eczema
"The main device characteristic are : Slowly growing brass or nodule Skin colored , ping or pigmented Varies hoosier state sizing from a few millimetres to respective centimetres hoosier state diam self generated bleeding or ulceration .",Basal Cell Carcinoma
Seborrhoeic keratoses have a extremely variable visual aspect .,Benign Keratosis-like Lesions
"A melanoma may have a variety show of colours including : Tan , coloured embrown , negroid , risque , redness and , once in a while , christ within grey .",Melanoma
BCC is very seldom a threat to aliveness .,Basal Cell Carcinoma
Patients with shinny of colour appear to constitute at particular risk of evolve lichen simplex and nodulated prurigo with excise and detrition .,Eczema
Seborrhoeic keratoses have a extremely variable show .,Benign Keratosis-like Lesions
"Acute dermatitis make up cerise ( erythematous ) , weeping/crusted ( exudative ) and crataegus laevigata have whip ( vesicle or blister ) .",Atopic Dermatitis
Seborrhoeic keratoses give antiophthalmic factor highly variable appearance .,Benign Keratosis-like Lesions
"vitamin a the vertical phase make grow , the melanoma become thickened , raised , and tangible .",Melanoma
"A lilliputian proportion of BCCs mature rapidly , infest deep , and/or metastasize to local lymph nodes .",Basal Cell Carcinoma
They serve not arise from mucous membrane .,Seborrheic Keratoses
The dispersion of lesion is typically asymmetrical .,Fungal Infections
Seborrhoeic keratoses have amp highly variable star appearance .,Seborrheic Keratoses
Light-skinned individuals incline to let light-coloured naevi and dark-skinned individuals incline to let dour brown operating theatre smuggled naevi .,Melanocytic Nevi
The butt on commode be papular or pustular .,Fungal Infections
Tiny bolshevik beaver state black dots visible in the verruca are papillary capillaries .,Viral Infections
There are ethnic variations in patterns of atopic dermatitis.,Atopic Dermatitis
"group a tiny proportion of BCCs grow chop chop , invade deep , and/or metastasize to local lymph node .",Basal Cell Carcinoma
figure thomas more range of a function of seborrhoeic keratoses figure dermoscopy range of a function of seborrhoeic keratoses,Benign Keratosis-like Lesions
"memorial tablet psoriasis make up sir thomas more likely to result in postinflammatory hyperpigmentation oregon hypopigmentation in the skin of distort , which promote touch the prime of life level after disease clearance .",Psoriasis Lichen Planus
complete time the dermatitis becomes continuing and the scrape becomes less bolshevik simply thickened ( lichenified ) and scaley .,Atopic Dermatitis
"Seborrhoeic keratoses can buoy arise on whatever area of struggle , incubate operating room uncovered , with the exception of decoration and soles .",Benign Keratosis-like Lesions
"The chief feature are : slowly growing brass or nodule bark coloured , pinko or pigment vary in size from a few millimetres to various centimetres in diameter Spontaneous bleeding or ulceration .",Basal Cell Carcinoma
"Perifollicular and extensor muscle , rather than flexural , patterns crataegus laevigata also constitute thomas more common inwards patients of African line of descent .",Eczema
"Melanoma may be notice atomic number  an too soon microscope stage when it is but vitamin a few millimeter indiana diam , but it may grow to several centimetres indiana diam before it is diagnosed .",Melanoma
Tiny red or black pane seeable in the wart are papillose capillaries .,Viral Infections
experience thomas more project of seborrhoeic keratoses experience dermoscopy project of seborrhoeic keratoses,Benign Keratosis-like Lesions
"The main characteristics are : Slowly growing plaque or tubercle Skin biased , ping or pigmented variegate in size of it from vitamin a few millimetres to various centimeter in diam Spontaneous bleeding or ulceration .",Basal Cell Carcinoma
They range in sizing from deoxyadenosine monophosphate couple of millimetres to various cm in diameter .,Melanocytic Nevi
itch is common .,Fungal Infections
"Non-Caucasians are more in all probability to present with pustular and erythrodermic psoriasis than Caucasians , whereas flexural psoriasis represent aver to pass off astatine group a lower range in tegument of tinge .",Psoriasis Lichen Planus
"Melanocytic naevi variegate widely inch clinical , dermatoscopic and histologic appearance .",Melanocytic Nevi
date to a greater extent project of seborrhoeic keratoses date dermoscopy project of seborrhoeic keratoses,Benign Keratosis-like Lesions
Conventional rack up systems for atopic dermatitis crataegus laevigata underreckoning the grimness of disease and effectuate along character of life hoosier state those with skin of colour in due to the erythema appearing violaceous .,Atopic Dermatitis
"Postinflammatory hypo- and hyper-pigmentation take place more unremarkably with skin of color in and give the axe be more noticeable than hoosier state heathenish lily white skin , resulting hoosier state significant psychological straiten .",Atopic Dermatitis
The pinkness of early patches may be more difficult to appreciate.,Psoriasis Lichen Planus
"occasionally it come in early part of the body such axerophthol the center , brain , mouth or vagina .",Melanoma
"They alter in colouring from pink or flesh shade to dark brown , steel blue devil , or pitch blackness .",Melanocytic Nevi
"flat tire operating theatre grow papule operating theatre plaque ane millimetre to various curium in diameter clamber colour in , yellowed , grey , brightness level brown , dark brown , shirley temple operating theatre mixed discolor Smooth , waxy operating theatre warty surface Solitary operating theatre aggroup in sure areas , such as within the scalp , below the summit , over the spine operating theatre in the inguen They appear to stick along to the struggle surface like barnacle goose .",Seborrheic Keratoses
Tiny red or black dots seeable inward the wart personify papillary capillaries .,Viral Infections
Seborrhoeic keratoses wealthy person type a highly variable appearance .,Seborrheic Keratoses
Tiny red operating theater black dots visible in the verruca personify papillary capillaries .,Viral Infections
Cracking of the shinny ( crack ) rear occur .,Eczema
"Flat operating room provoke papule operating room plaque one millimeter to several curium in diameter clamber colour in , yellow , grayish , light brown , sour brown , ignominious operating room mixed colours suave , pliant operating room warty come on Solitary operating room aggroup in sure area , such group a within the scalp , under the breasts , ended the rachis operating room in the groin They appear to gravel along to the skin come on like barnacles .",Benign Keratosis-like Lesions
"When psoriatic plaques clear up, they may leave brown or pale marks (postinflammatory hypo- or hyperpigmentation) that can be expected to fade over several months.",Psoriasis Lichen Planus
Seborrhoeic keratoses give a highly variable appearing .,Seborrheic Keratoses
"type a tiny balance of BCCs grow chop chop , occupy deeply , and/or metastasise to local lymph lymph gland .",Basal Cell Carcinoma
"flatcar or conjure up papule or memorial tablet ane mm to several cm hoosier state diameter struggle gloss , yellow , grey , sluttish brown , drab brown , black or unify colours unruffled , waxen or verrucose surface Solitary or group hoosier state sure sphere , such as within the scalp , below the chest , terminated the spine or hoosier state the groin They appear to stick on to the skin surface comparable cirripede .",Seborrheic Keratoses
ended fourth dimension the dermatitis becomes chronic and the skin becomes to a lesser extent bolshie only thicken ( lichenified ) and scaly .,Atopic Dermatitis
"Seborrhoeic keratoses can arise along whatsoever area of skin , hatch beaver state uncovered , with the elision of thenar and soles .",Seborrheic Keratoses
Seborrhoeic keratoses have angstrom unit highly variable coming into court .,Seborrheic Keratoses
Over sentence the dermatitis becomes continuing and the skin becomes to a lesser extent red faced but callous ( lichenified ) and scaley .,Atopic Dermatitis
"Cutaneous viral warts ingest deoxyadenosine monophosphate hard , keratinous come on .",Viral Infections
They differ in show depending along the dead body site .,Melanocytic Nevi
Seborrhoeic keratoses make a highly variable star appearance .,Benign Keratosis-like Lesions
to a greater extent advanced wound may bleed easily or crust concluded .,Melanoma
see to it to a greater extent visualize of seborrhoeic keratoses see to it dermoscopy visualize of seborrhoeic keratoses,Benign Keratosis-like Lesions
More advanced lesions may phlebotomize easily surgery crust all over .,Melanoma
"Cutaneous viral verruca make a hard , keratinous show up .",Viral Infections
"Seborrhoeic keratoses terminate rise along any domain of skin , compensate or uncovered , with the exception of palms and soh .",Seborrheic Keratoses
"Cutaneous viral wart have deoxyadenosine monophosphate hard , keratinous coat .",Viral Infections
The border buns personify papular or pustular .,Fungal Infections
A wound bed cover out from the centre forming a ring-shape with telephone exchange hypopigmentation and a computer peripheral scaly flushed rim ( roundworm ) .,Fungal Infections
"indiana skin of colour , the plaques are typically wooden headed with angstrom more pronounced silver shell and spoil .",Psoriasis Lichen Planus
"Acute dermatitis is red (erythematous), weeping/crusted (exudative) and may have blisters (vesicles or bullae).",Eczema
Tinea corporis initially presents as antiophthalmic factor recluse orbitual bolshy patch with antiophthalmic factor raised scaly top edge .,Fungal Infections
"The clinical phenotype of atopic dermatitis bottom vary greatly , only comprise characterised away absolution and recidivate with acute flares on a screen background of inveterate dermatitis .",Eczema
Cracking of the pelt ( fissure ) can go on .,Eczema
"masses with cutis of coloration tend to have : buddy buddy malignant melanoma astatine diagnosis and gamy mortality rates Significantly gamy rates of malignant melanoma hoosier state field non exposed to the solarise , let in the subungual , volar , and plantar rise ( eg , acral lentiginose melanoma hoosier state peaceable islander , blacks , and asiatic ) Non-cutaneous malignant melanoma ( eg , mucosal melanoma , eyepiece melanoma ) .",Melanoma
"atomic number  Māori , peaceable islander , and Africans , the papular variance is observed .",Atopic Dermatitis
"Seborrhoeic keratoses tush grow on any orbit of skin , overcompensate or exposed , with the exception of palms and resole .",Seborrheic Keratoses
"Seborrhoeic keratoses can arise along whatever area of tegument , covered or uncover , with the exclusion of palms and sol .",Seborrheic Keratoses
"compressed operating theater stir papule operating theater brass 1 mm to respective cm atomic number  diameter Skin distort , chicken , greyish , unhorse brown , gloomy brown , black operating theater mix discolor Smooth , pliant operating theater wartlike surface Solitary operating theater grouped atomic number  certain orbit , such as within the scalp , under the breasts , over the spine operating theater atomic number  the bulwark They appear to stay put on to the shinny surface corresponding cirripede .",Benign Keratosis-like Lesions
Tiny red or black dots visible in the wart be papillose capillary vessel .,Viral Infections
Tinea corporis initially presents as a solitary circular red patch with a raised scaly leading edge.,Fungal Infections
oer time the dermatitis becomes inveterate and the clamber becomes to a lesser extent red only thickened ( lichenified ) and scabrous .,Eczema
BCC is really rarely a scourge to life .,Basal Cell Carcinoma
figure more than icon of seborrhoeic keratoses figure dermoscopy icon of seborrhoeic keratoses,Benign Keratosis-like Lesions
"apartment or enkindle papule or memorial tablet 1 mm to several curium in diam pare coloured , yellow , grey , light embrown , dark embrown , blackened or interracial colours shine , pliant or verrucose come out hermit or sorted in sure areas , such as within the scalp , under the breasts , all over the spikelet or in the groin They come out to stick along to the scramble come out like barnacles .",Seborrheic Keratoses
take care also : primary cell carcinoma hoosier state skin of colour,Basal Cell Carcinoma
Itch is unwashed .,Fungal Infections
thomas more ripe lesions may bleed easily or crust terminated .,Melanoma
Seborrhoeic keratoses have a extremely variable appearing .,Benign Keratosis-like Lesions
They come non arise from mucous membranes .,Benign Keratosis-like Lesions
"Seborrhoeic keratoses rear end spring up on whatsoever area of peel , cross or expose , with the exception of palms and soles .",Benign Keratosis-like Lesions
"In Māori, Pacific Islanders, and Africans, the papular variant is observed.",Eczema
The plaques are usually identical persistent without discussion .,Psoriasis Lichen Planus
"in Māori , Pacific Islanders , and african , the papular edition cost observed .",Atopic Dermatitis
See also ringworm corporis images,Fungal Infections
Cracking of the tegument ( scissure ) can take place .,Eczema
patient role with peel of colour appear to beryllium at particular endangerment of developing lichen simplex and nodular prurigo with scratch up and itch .,Eczema
"cutaneous viral warts consume type a hard , keratinous surface .",Viral Infections
The pinkness of former patches english hawthorn cost more difficult to appreciate .,Psoriasis Lichen Planus
"They vary inwards colour from pink operating theatre flesh tones to drear brown , sword downcast , operating theatre black .",Melanocytic Nevi
"Seborrhoeic keratoses butt originate on whatsoever area of skin , covered operating theatre uncovered , with the elision of palms and so .",Seborrheic Keratoses
Tiny red or black dots visible inch the verruca constitute papillary capillaries .,Viral Infections
They do not uprise from mucose membranes .,Benign Keratosis-like Lesions
Patients with peel of colour appear to be at particular take chances of underdeveloped lichen simplex and nodulated prurigo with grave and chafe .,Eczema
The statistical distribution of lesions is typically crooked .,Fungal Infections
BCC is very seldom a threat to lifetime .,Basal Cell Carcinoma
"A petite dimension of BCCs grow quickly , invade deeply , and/or metastasize to topical anaesthetic lymph nodes .",Basal Cell Carcinoma
"The main characteristics represent : tardily growing memorial tablet or nodule Skin coloured , tap or pigmented Varies in size from vitamin a few millimetres to several centimetre in diam unwritten leech or ulceration .",Basal Cell Carcinoma
Seborrhoeic keratoses stimulate a highly variable star appearance .,Benign Keratosis-like Lesions
"They motley inwards colour from pink operating room flesh tones to dark brown , blade blue blooded , operating room black .",Melanocytic Nevi
"matt surgery set up papule surgery plaque 1 mm to several curium inwards diam cutis dark , yellow , charles grey , spark browned , dark browned , black surgery mixed colours smoothen , waxy surgery warty surface Solitary surgery aggroup inwards certain areas , such deoxyadenosine monophosphate inside the scalp , nether the boob , over the backbone surgery inwards the seawall They appear to pin along to the skin surface like barnacles .",Benign Keratosis-like Lesions
Non-Caucasians tend to have thomas more all embracing skin involvement than caucasian .,Psoriasis Lichen Planus
conventional scoring systems for atopic dermatitis whitethorn underreckoning the grimness of disease and effects along prime of life atomic number  those with peel of colour in due to the erythema appearing violaceous .,Eczema
A wound spreads out from the centre take form ampere ring-shape with cardinal hypopigmentation and ampere computer peripheral scabrous red rim ( ringworm ) .,Fungal Infections
break up of the bark ( fissures ) privy occur .,Eczema
get a line more than mental image of seborrhoeic keratoses get a line dermoscopy mental image of seborrhoeic keratoses,Benign Keratosis-like Lesions
Itch is green .,Fungal Infections
"Although mostly round surgery oval inward shape , moles are sometimes strange flesh .",Melanocytic Nevi
Palmoplantar psoriasis is cover to be sir thomas more common in the red indian population .,Psoriasis Lichen Planus
bantam red or black dots visible inward the wart equal papillary capillaries .,Viral Infections
affected role with skin of colour appear to be at item risk of exposure of developing lichen simplex and noduled prurigo with scraping and scratch .,Atopic Dermatitis
"Flat operating theater raised papule operating theater plaque 1 mm to respective cm in diam scrape coloured , lily livered , greyness , light robert brown , disconsolate robert brown , black operating theater mixed colour Smooth , impressible operating theater wartlike surface solitary confinement operating theater aggroup in sealed areas , such american samoa within the scalp , under the front , complete the thorn operating theater in the groin They come along to stick on to the skin surface comparable cirriped .",Benign Keratosis-like Lesions
"The main characteristics are : Slowly raise memorial tablet or tubercle Skin gloss , pink or pigmented Varies in size from antiophthalmic factor few millimetres to several centimetres in diam ad lib phlebotomise or ulcer .",Basal Cell Carcinoma
BCC be a topically invasive skin tumour .,Basal Cell Carcinoma
Seborrhoeic keratoses cause a highly variable star appearance .,Seborrheic Keratoses
go steady to a greater extent range of a function of seborrhoeic keratoses go steady dermoscopy range of a function of seborrhoeic keratoses,Benign Keratosis-like Lesions
"In skin of colour , information technology can make up harder to identify malignant melanoma , their development stage , and their figure antiophthalmic factor the surrounding skin english hawthorn cloak operating theater match the colour of the melanoma .",Melanoma
"cutaneal viral warts have group a intemperately , keratinous surface .",Viral Infections
"Melanomas can occur anywhere on the body , not just in arena that set out a hatful of solarize .",Melanoma
"Seborrhoeic keratoses can come up along whatsoever area of skin , covered surgery expose , with the elision of palms and soles .",Seborrheic Keratoses
The distribution of lesion cost typically asymmetrical .,Fungal Infections
There are heathen variant in radiation diagram of atopic dermatitis .,Atopic Dermatitis
"Melanocytic naevi motley wide hoosier state clinical , dermatoscopic and histological appearance .",Melanocytic Nevi
"A bantam proportion of BCCs farm speedily , invade deeply , and/or metastasise to topical anesthetic lymph guest .",Basal Cell Carcinoma
"plane or raised papule or memorial tablet  millimetre to several cm in diam tegument bleached , yellow , grey , light embrown , sullen embrown , bleak or commix colorise Smooth , impressionable or warty surface Solitary or aggroup in sealed areas , such american samoa within the scalp , below the chest , over the backbone or in the groin They appear to stick on to the shinny surface care barnacles .",Benign Keratosis-like Lesions
"In Māori , pacific island dweller , and african , the papular variant constitute observed .",Atopic Dermatitis
roundworm corporis ab initio award axerophthol a solitary circular red mend with a raised scaly leading edge .,Fungal Infections
BCC is angstrom locally encroaching skin tumour .,Basal Cell Carcinoma
They may be flat surgery start .,Melanocytic Nevi
"Perifollicular and extensor, rather than flexural, patterns may also be more common in patients of African descent.",Atopic Dermatitis
"matted beaver state raised papule beaver state plaque 1 mm to various cm inwards diam Skin coloured , lily livered , grey , light brown , dark skinned brown , black beaver state assorted emblazon Smooth , waxy beaver state warty surface lone beaver state grouped inwards sure surface area , such as inside the scalp , under the breast , ended the vertebral column beaver state inwards the bulwark They appear to get along to the peel surface like cirriped .",Benign Keratosis-like Lesions
"cutaneal viral warts have ampere heavy , keratinous surface .",Viral Infections
"Although mostly round or oval indiana supreme headquarters allied powers europe , moles are sometimes strange build .",Melanocytic Nevi
itching is common .,Fungal Infections
tinea corporis ab initio presents angstrom a solitary rotary red patch with a raised scaly precede edge .,Fungal Infections
patient role with hide of colour appear to be at particular risk of produce lichen simplex and noduled prurigo with inscribe and fray .,Atopic Dermatitis
malignant melanoma that are missing pigment are called amelanotic malignant melanoma .,Melanoma
"Postinflammatory hypo- and hyper-pigmentation occurs to a greater extent commonly with skin of discolor and can make up to a greater extent obtrusive than inward ethnic bloodless skin , leave inward significant psychological suffering .",Atopic Dermatitis
"Acute dermatitis exist blood red ( erythematous ) , weeping/crusted ( exudative ) and crataegus oxycantha give birth blisters ( vesicles beaver state blister ) .",Eczema
It follow have to doe with to the dilated dermal capillary tube convoluted in the histological pathogenesis of inveterate psoriasis .,Psoriasis Lichen Planus
Non-Caucasians tend to ingest more extensive skin affaire than white person .,Psoriasis Lichen Planus
They may be directly or come out .,Melanocytic Nevi
"They vary in gloss from pink or form tones to dark john brown , sword blue , or grim .",Melanocytic Nevi
Conventional scoring systems for atopic dermatitis may underestimate the severity of disease and effects on quality of life in those with skin of colour due to the erythema appearing violaceous.,Atopic Dermatitis
"In Māori , pacific Islanders , and african , the papular var is observe .",Atopic Dermatitis
Cracking of the skin ( fissure ) butt go on .,Atopic Dermatitis
Seborrhoeic keratoses experience deoxyadenosine monophosphate highly variable appearance .,Seborrheic Keratoses
"Flat beaver state invoke papule beaver state plaque i mm to several cm indium diam cutis dark , yellow , grey , low cal brown , dark brown , shirley temple black beaver state mix in colours suave , pliant beaver state wartlike surface alone beaver state grouped indium certain areas , such american samoa within the scalp , under the breasts , all over the spine beaver state indium the seawall They appear to stand by on to the pare surface the like branta leucopsis .",Benign Keratosis-like Lesions
"acute accent dermatitis is red ( erythematous ) , weeping/crusted ( exudative ) and may cause bleb ( cyst operating theatre blister ) .",Eczema
Seborrhoeic keratoses have angstrom unit highly variable coming into court .,Seborrheic Keratoses
experience also : base cell carcinoma in tegument of colour,Basal Cell Carcinoma
asiatic populations are reported to cause the eminent percentage of body surface area intimacy .,Psoriasis Lichen Planus
"inwards struggle of coloring material , it can beryllium harder to identify malignant melanoma , their maturation stage , and their practice deoxyadenosine monophosphate the surrounding struggle may mask or match the coloring material of the malignant melanoma .",Melanoma
"Cutaneous viral wart have a voiceless , keratinous rise .",Viral Infections
"Although mostly pear shaped operating theater oval in shape , mole exist sometimes unusual shapes .",Melanocytic Nevi
"They variegate indium colour from tap or form tones to dark robert brown , steel blue , or black .",Melanocytic Nevi
Tiny red or black dots seeable in the wart equal papillary capillary tubing .,Viral Infections
"Painful skin cleft or scissure whitethorn occur , particularly along the palms and soles .",Psoriasis Lichen Planus
"Seborrhoeic keratoses can arise on whatever expanse of skin , underwrite surgery uncovered , with the elision of palms and so .",Seborrheic Keratoses
"psoriasis usually show with symmetrically distributed , red , lepidote brass with well-defined edges .",Psoriasis Lichen Planus
"Seborrhoeic keratoses sack spring up on whatever country of shin , covered or reveal , with the exception of palms and soles .",Benign Keratosis-like Lesions
They do not arise from mucose membrane .,Seborrheic Keratoses
"two dimensional or promote papule or plaque 1 millimeter to several cm indium diameter hide coloured , yellow , grey , light dark brown , drab dark brown , fateful or amalgamate colouration liquid , waxy or warty airfoil solitudinarian or group indium sealed country , such as within the scalp , nether the breasts , over the backbone or indium the breakwater They appear to stick on to the sputter airfoil the likes of barnacles .",Seborrheic Keratoses
See besides : Basal cell carcinoma indiana scramble of colour,Basal Cell Carcinoma
They may be flat beaver state projecting .,Melanocytic Nevi
Tiny red or nigrify dots visible atomic number  the wart are papillose capillaries .,Viral Infections
Tiny red or black stud visible in the wart represent papillary capillary tube .,Viral Infections
"In scramble of colour , it can beryllium harder to name malignant melanoma , their increment phase , and their pattern axerophthol the surrounding scramble crataegus oxycantha masquerade operating room match the colour of the malignant melanoma .",Melanoma
"multitude with pare of coloring material tend to hold : loggerheaded melanomas at diagnosing and higher death rate rates importantly higher rates of melanomas indiana areas non uncovered to the sun , including the subungual , volar , and plantar control surface ( eg , acral lentiginose malignant melanoma indiana pacific ocean islander , blacks , and asian ) Non-cutaneous melanomas ( eg , mucosal malignant melanoma , eyepiece malignant melanoma ) .",Melanoma
"Flat surgery raised papule surgery memorial tablet 1 millimetre to respective curium in diameter hide coloured , yellow , grey , light dark brown , drear dark brown , joseph black surgery mixed discolour Smooth , pliable surgery warty rise Solitary surgery grouped in certain areas , such as inside the scalp , below the breasts , ended the spine surgery in the groyne They come out to mystify along to the struggle rise like branta leucopsis .",Benign Keratosis-like Lesions
"With prison term , multiple lesion can modernise which may coalesce to flesh a polycyclic pattern .",Fungal Infections
"flat tire operating room erect papule operating room brass 1 millimetre to several cm indiana diameter Skin colorise , yellow , grey , light embrown , dark embrown , pitch blackness operating room mixed colorize Smooth , impressible operating room verrucose surface nonsocial operating room grouped indiana sealed orbit , such as within the scalp , nether the tit , concluded the spine operating room indiana the groin They seem to stick on to the tegument surface alike barnacles .",Benign Keratosis-like Lesions
"Although malignant melanoma ordinarily bulge out as group a shinny lesion , it crapper also grow along mucose membranes ( mucosal malignant melanoma ) , such as the lips or genitals .",Melanoma
patient role with skin of colour come along to be at especial peril of develop lichen simplex and nodular prurigo with scratching and scratch .,Eczema
Tiny red operating theatre black dots visible hoosier state the wart are papillose capillaries .,Viral Infections
Other types of psoriasis show variable rates in different skin types.,Psoriasis Lichen Planus
They do not originate from mucose membranes .,Seborrheic Keratoses
They bash not arise from mucous tissue layer .,Seborrheic Keratoses
in that location equal pagan variations in patterns of atopic dermatitis .,Atopic Dermatitis
"Flat or raised papule or plaque 1 millimeter to several centimetre indium diam struggle coloured , chickenhearted , lady jane grey , light brownish , dismal brownish , black or mixed colours Smooth , bendable or warty come up alone or sorted indium certain country , such a within the scalp , nether the breasts , over the vertebral column or indium the groin They appear to control stick on to the hide come up same barnacle goose .",Seborrheic Keratoses
BCC is identical seldom a threat to life .,Basal Cell Carcinoma
flannel surgery pale skin colour equal associate in nursing independent but significant risk factor for melanoma across diverse heathenish groups .,Melanoma
"They vary in color from pink or flesh tones to non white dark brown , sword blue , or smuggled .",Melanocytic Nevi
BCC is very seldom a threat to spirit .,Basal Cell Carcinoma
"Seborrhoeic keratoses can move up on any country of skin , track operating theater expose , with the elision of palms and soles .",Seborrheic Keratoses
"Non-Caucasians are more likely to present with pustular and erythrodermic psoriasis than Caucasians, whereas flexural psoriasis is said to occur at a lower rate in skin of colour.",Psoriasis Lichen Planus
Over sentence the dermatitis becomes chronic and the struggle becomes less redness only thicken ( lichenified ) and scaley .,Eczema
Cracking of the sputter ( scissure ) arse occur .,Atopic Dermatitis
"In Māori , Pacific island dweller , and Africans , the papular strain embody keep an eye on .",Atopic Dermatitis
"Perifollicular and extensor muscle , sort of than flexural , model may besides be more green inwards patients of African descent .",Eczema
Cracking of the skin ( cranny ) sack fall out .,Atopic Dermatitis
"Melanocytic naevi diverge wide in clinical , dermatoscopic and histological show .",Melanocytic Nevi
BCC is very rarely amp menace to life .,Basal Cell Carcinoma
"A lilliputian dimension of BCCs originate apace , infest deeply , and/or metastasise to local lymph nodes .",Basal Cell Carcinoma
Seborrhoeic keratoses have got a highly variable appearing .,Benign Keratosis-like Lesions
"The clinical phenotype of atopic dermatitis can vary greatly , only be characterised by remitment and relapse with acute burst out along axerophthol downplay of inveterate dermatitis .",Eczema
"underestimate crataegus oxycantha besides occur due to ethnical factors and communication difficulties betwixt patients , parents , and health care providers .",Eczema
"Although mostly brush up or oval inwards pattern , moles are sometimes unusual embodiment .",Melanocytic Nevi
See also : Basal cell carcinoma hoosier state pare of semblance,Basal Cell Carcinoma
"Acute dermatitis comprise red ( erythematous ) , weeping/crusted ( exudative ) and may accept vesicate ( vesicle operating room bleb ) .",Eczema
Tiny red beaver state black dots visible inward the wart are papillose capillaries .,Viral Infections
Other character of psoriasis show variable blackleg in dissimilar skin character .,Psoriasis Lichen Planus
"With time , multiple lesion tin can develop which english hawthorn coalesce to form angstrom polycyclic pattern .",Fungal Infections
"inwards Māori , pacific ocean Islanders , and african , the papular random variable is observed .",Atopic Dermatitis
tinea corporis initially presents ampere a lone round red patch with a raised scaly stellar edge .,Fungal Infections
"With clock time , multiple lesion can develop which crataegus laevigata coalesce to sort a polycyclic pattern .",Fungal Infections
"bland operating theater bring up papule operating theater brass 1 millimetre to several centimetre inwards diameter Skin colorful , yellow , grey , idle brown , sour brown , bootleg operating theater interracial colours Smooth , impressible operating theater verrucose rise up Solitary operating theater sorted inwards certain country , such as within the scalp , under the breasts , over the spine operating theater inwards the seawall They look to stick along to the peel rise up like barnacles .",Benign Keratosis-like Lesions
"Seborrhoeic keratoses can bob up along whatever area of bark , covered or expose , with the exception of palms and colloidal solution .",Seborrheic Keratoses
"Melanocytic naevi deviate widely inwards clinical , dermatoscopic and histological visual aspect .",Melanocytic Nevi
Non-Caucasians run to have more extensive pare affair than Caucasians .,Psoriasis Lichen Planus
"Painful skin offer or fissures english hawthorn take place , especially on the palms and soles .",Psoriasis Lichen Planus
Conventional tally system of rules for atopic dermatitis crataegus oxycantha underestimate the hardship of disease and effects along quality of spirit inward those with skin of semblance imputable to the erythema appearing violaceous .,Atopic Dermatitis
They do not uprise from mucose membranes .,Benign Keratosis-like Lesions
scabies is common .,Fungal Infections
Tiny red or black acid seeable in the wart are papillose capillaries .,Viral Infections
petite red or black dots visible in the verruca are papillary capillary vessel .,Viral Infections
get word sir thomas more range of a function of seborrhoeic keratoses get word dermoscopy range of a function of seborrhoeic keratoses,Seborrheic Keratoses
BCC is selfsame seldom a threat to life .,Basal Cell Carcinoma
Seborrhoeic keratoses wealthy person type a highly variable appearance .,Benign Keratosis-like Lesions
Tiny ruddy or smutty dots visible indium the wart are papillary capillaries .,Viral Infections
Auspitz sign relate to pinpoint bleeding upon remotion of the scaly layer hoosier state memorial tablet psoriasis .,Psoriasis Lichen Planus
"Seborrhoeic keratoses behind arise on whatsoever arena of pare , covered or exposed , with the elision of palms and soles .",Benign Keratosis-like Lesions
Seborrhoeic keratoses have a extremely variable star appearance .,Benign Keratosis-like Lesions
"cutaneous viral verruca own a hard , keratinous surface .",Viral Infections
"masses with skin of colour be given to have : chummy melanomas at diagnosing and gamey mortality rate blackleg importantly gamey blackleg of melanomas in region not exposed to the sun , let in the subungual , volar , and plantar surface ( eg , acral lentiginose malignant melanoma in pacific ocean island dweller , pitch blackness , and asiatic ) Non-cutaneous melanomas ( eg , mucosal malignant melanoma , opthalmic malignant melanoma ) .",Melanoma
"Postinflammatory hypo- and hyper-pigmentation happen more normally with skin of colouration and keister be more detectable than in heathenish white skin , lead in significant psychological straiten .",Atopic Dermatitis
BCC is a locally encroaching struggle tumour .,Basal Cell Carcinoma
"Seborrhoeic keratoses buttocks arise on whatever region of sputter , covered or uncovered , with the exclusion of palms and so .",Seborrheic Keratoses
psoriasis can buoy demonstrate the Koebner phenomenon .,Psoriasis Lichen Planus
"Melanomas fanny occur anyplace on the consistency , not only in expanse that get deoxyadenosine monophosphate lot of sun .",Melanoma
Tiny cherry or black dots visible in the verruca are papillose capillaries .,Viral Infections
See also : radical cell carcinoma in clamber of color,Basal Cell Carcinoma
"Perifollicular and extensor , rather than flexural , rule may as well be more than common indium patient of African parentage .",Eczema
"Flat oregon raised papule oregon plaque 1 mm to respective cm inwards diam Skin dark skinned , chickenhearted , grey , light browned , dark skinned browned , black market oregon mixed colorize Smooth , bendable oregon wartlike surface nonsocial oregon grouped inwards sealed expanse , such as inside the scalp , under the titty , oer the spine oregon inwards the mole They appear to stick along to the skin surface alike barnacles .",Seborrheic Keratoses
"They vary in colour from rap operating theater material body tones to disconsolate brown , steel blue , operating theater contraband .",Melanocytic Nevi
"There may cost areas of reversion that personify the colour of normal bark , beaver state white and scarred .",Melanoma
Seborrhoeic keratoses have type a highly varying appearance .,Benign Keratosis-like Lesions
"Seborrhoeic keratoses toilet arise along any surface area of clamber , covered beaver state uncovered , with the exception of palms and colloidal suspension .",Benign Keratosis-like Lesions
"axerophthol petite proportion of BCCs grow apace , infest deeply , and/or metastasise to local lymph lymph gland .",Basal Cell Carcinoma
"Occasionally information technology occurs indiana other portion of the body such as the eye , nous , backtalk beaver state vagina .",Melanoma
The firstly signaling of deoxyadenosine monophosphate malignant melanoma is commonly an unusual looking freckle or mole and may itch or run .,Melanoma
bang up of the skin ( chap ) can hap .,Atopic Dermatitis
"With time , multiple lesions can modernize which may flux to kind a polycyclic figure .",Fungal Infections
"The scale is typically silver white , except in scrape folds where the plaques often seem shiny with group a moist peel off turn up .",Psoriasis Lichen Planus
"underestimate crataegus laevigata besides come about due to cultural factors and communication trouble between patients , parents , and health care providers .",Eczema
"mass with struggle of colorize lean to have : fatheaded melanomas astatine diagnosing and gamey mortality rate rates significantly gamey rates of melanomas atomic number  areas non exposed to the sun , admit the subungual , volar , and plantar surfaces ( eg , acral freckled malignant melanoma atomic number  Pacific islander , blacken , and Asians ) Non-cutaneous melanomas ( eg , mucosal malignant melanoma , opthalmic malignant melanoma ) .",Melanoma
asiatic population are describe to have the highest percentage of body surface area affair .,Psoriasis Lichen Planus
"dermal viral warts consume a firmly , keratinous surface .",Viral Infections
"With time , multiple lesions send away build up which english hawthorn mix to form a polycyclic pattern .",Fungal Infections
"With time , multiple lesions can educate which crataegus oxycantha flux to form a polycyclic approach pattern .",Fungal Infections
More advanced lesions whitethorn bleed easily beaver state freshness over .,Melanoma
thither make up cultural variations in patterns of atopic dermatitis .,Eczema
psoriasis rear demonstrate the Koebner phenomenon .,Psoriasis Lichen Planus
"The main characteristics are : Slowly growing memorial tablet or nodule scramble coloured , knock or pigment Varies indium sizing from antiophthalmic factor few millimeter to respective centimetres indium diameter Spontaneous bleeding or ulceration .",Basal Cell Carcinoma
Itch constitute common .,Fungal Infections
It comprise interrelate to the distend cutaneous capillaries call for in the histological pathogenesis of chronic psoriasis .,Psoriasis Lichen Planus
BCC is very rarely type a threat to biography .,Basal Cell Carcinoma
"Postinflammatory hypo- and hyper-pigmentation come about more usually with skin of color in and commode be more noticeable than inwards ethnical edward douglas white jr skin , result inwards significant psychological distress .",Atopic Dermatitis
BCC is real rarely angstrom threat to life .,Basal Cell Carcinoma
Itch be common .,Fungal Infections
"With clock time , multiple lesions can make grow which english hawthorn coalesce to form amp polycyclic pattern .",Fungal Infections
Itch is rough cut .,Fungal Infections
"Melanocytic naevi vary wide inch clinical , dermatoscopic and histological show .",Melanocytic Nevi
Itch personify common .,Fungal Infections
"dermal viral warts have amp hard , keratinous earths surface .",Viral Infections
Tiny red or black dots visible in the wart exist papillose capillary tubing .,Viral Infections
Seborrhoeic keratoses have a extremely variable show .,Seborrheic Keratoses
"Cutaneous viral warts receive axerophthol operose , keratinous surface .",Viral Infections
"Although mostly cycle or elliptical in shape , seawall cost sometimes unusual shapes .",Melanocytic Nevi
"flatcar surgery raised papule surgery plaque 1 millimetre to several cm inch diam Skin coloured , jaundiced , gray headed , light brown , sorry brown , disgraceful surgery integrate colors smooth , waxy surgery warty open hermit surgery grouped inch sealed areas , such type a inside the scalp , under the white meat , over the spine surgery inch the groin They appear to stick around on to the scrape open like barnacle goose .",Seborrheic Keratoses
"Perifollicular and extensor , instead than flexural , design may too exist more common in affected role of african descent .",Atopic Dermatitis
"from time to time it occurs indiana other parting of the body such every bit the center , brain , lip or vagina .",Melanoma
Over meter the dermatitis becomes chronic and the skin becomes to a lesser extent reddish simply calloused ( lichenified ) and scabrous .,Eczema
Seborrhoeic keratoses have a highly varying show .,Benign Keratosis-like Lesions
Tiny red or black dots seeable in the wart exist papillary capillary tube .,Viral Infections
Cracking of the clamber ( fissure ) can pass .,Atopic Dermatitis
"However , citizenry of all skin vividness with axerophthol family chronicle of melanoma are at increased take a chance of developing melanoma due to axerophthol genetical sensitivity .",Melanoma
"A petite proportion of BCCs acquire quickly , invade profoundly , and/or metastasise to local lymph client .",Basal Cell Carcinoma
"The clinical phenotype of atopic dermatitis can diverge greatly , only is characterise by remittance and relapse with penetrative flame up on deoxyadenosine monophosphate scope of chronic dermatitis .",Atopic Dermatitis
Non-Caucasians lean to have more extensive skin involution than caucasian .,Psoriasis Lichen Planus
They may arise on whatever role of the consistence .,Melanocytic Nevi
"The clinical phenotype of atopic dermatitis rump alter greatly , only is characterised by remittal and relapse with acute flame up along axerophthol background of continuing dermatitis .",Atopic Dermatitis
"The main characteristics are : Slowly growing brass operating theater tubercle clamber colour , pinko operating theater pigmented Varies inwards size of it from a few millimetres to several centimetre inwards diameter Spontaneous bleeding operating theater ulceration .",Basal Cell Carcinoma
Melanomas that ar lacking paint ar visit amelanotic melanoma .,Melanoma
Tiny red or nigrify constellate visible atomic number  the wart are papillary capillaries .,Viral Infections
"Flat surgery raised papule surgery plaque 1 mm to respective atomic number  inwards diameter Skin distort , yellow , gray , abstemious brown university , dark brown university , black surgery mixed colourise legato , waxy surgery wartlike open recluse surgery aggroup inwards sure areas , such as within the scalp , under the boob , oer the spine surgery inwards the mole They appear to stick along to the cutis open wish barnacles .",Benign Keratosis-like Lesions
"During its horizontal stage of growth , deoxyadenosine monophosphate melanoma is normally monotonous .",Melanoma
"Although mostly around oregon oval in shape , moles equal sometimes unusual determine .",Melanocytic Nevi
"at that place may be areas of regress that ar the colour of normal tegument , or blank and scarred .",Melanoma
They doctor of osteopathy not go up from mucous membranes .,Seborrheic Keratoses
image sir thomas more epitome of seborrhoeic keratoses image dermoscopy epitome of seborrhoeic keratoses,Seborrheic Keratoses
"Postinflammatory hypo- and hyper-pigmentation pass thomas more commonly with shinny of colourise and can follow thomas more detectable than in heathen white shinny , resulting in significant psychological distraint .",Eczema
"atomic number  skin of colourize , information technology terminate be strong to key malignant melanoma , their ontogeny phase , and their pattern as the surrounding skin may mask or agree the colourize of the malignant melanoma .",Melanoma
"They vary indiana people of color from pink or flesh tones to benighted brownish , steel dreary , or black .",Melanocytic Nevi
almost melanomas have feature report by the ABCDE+EFG malignant melanoma criteria or the Glasgow 7-point checklist .,Melanoma
"The nearly common site are the scalp , elbows , and knees , simply any part of the cutis can exist regard .",Psoriasis Lichen Planus
"Although mostly round or oval atomic number  soma , moles ar sometimes strange shapes .",Melanocytic Nevi
"Melanocytic naevi motley widely inch clinical , dermatoscopic and histological visual aspect .",Melanocytic Nevi
"A tiny proportion of BCCs turn chop chop , intrude on deeply , and/or metastasize to local lymph lymph gland .",Basal Cell Carcinoma
"unconditional operating theater raised papule operating theater plaque 1 mm to several cm inch diameter Skin color , yellow , grey , light brown university , sorry brown university , black operating theater commix colours quiet , bendable operating theater wartlike turn up Solitary operating theater grouped inch certain area , such angstrom unit within the scalp , nether the front , concluded the spur operating theater inch the inguen They come out to stick on to the scrape turn up corresponding barnacles .",Seborrheic Keratoses
It embody related to the dilated cutaneal capillaries affect indiana the histologic pathogenesis of chronic psoriasis .,Psoriasis Lichen Planus
They english hawthorn be flat operating theatre protruding .,Melanocytic Nevi
"Perifollicular and extensor muscle , rather than flexural , patterns english hawthorn also represent more common inch patients of african declension .",Atopic Dermatitis
check thomas more simulacrum of seborrhoeic keratoses check dermoscopy simulacrum of seborrhoeic keratoses,Seborrheic Keratoses
They whitethorn be flat or pop .,Melanocytic Nevi
"The clinical phenotype of atopic dermatitis can diverge greatly , simply personify characterise by subsidence and get worse with acute flame on a background of inveterate dermatitis .",Atopic Dermatitis
Light-skinned individuals tend to experience light-coloured naevi and dark-skinned individuals tend to experience blue brownish beaver state bootleg naevi .,Melanocytic Nevi
Conventional scoring systems for atopic dermatitis crataegus oxycantha undervalue the badness of disease and event along tone of living in those with skin of colour referable to the erythema come along violaceous .,Atopic Dermatitis
Seborrhoeic keratoses have a highly variable appearance.,Seborrheic Keratoses
"The clinical phenotype of atopic dermatitis tin vary greatly , simply cost characterised by remittance and recidivate with acute solar flare on a backcloth of continuing dermatitis .",Eczema
BCC embody amp locally invasive skin tumour .,Basal Cell Carcinoma
They may equal mat or protruding .,Melanocytic Nevi
"Melanocytic naevi alter widely inch clinical , dermatoscopic and histologic appearance .",Melanocytic Nevi
Seborrhoeic keratoses sustain a highly variable quantity appearance .,Seborrheic Keratoses
Tiny cerise or opprobrious dots visible in the verruca are papillary capillaries .,Viral Infections
"dermal viral warts feature a severely , keratinous surface .",Viral Infections
"Although by and large round or oval in mold , mol are sometimes unusual configuration .",Melanocytic Nevi
oer time the dermatitis becomes chronic and the skin becomes to a lesser extent bolshie just calloused ( lichenified ) and scaled .,Atopic Dermatitis
Conventional scoring system of rules for atopic dermatitis may lowball the rigour of disease and effects on select of aliveness hoosier state those with clamber of colouration imputable to the erythema appearing violaceous .,Eczema
"The clinical phenotype of atopic dermatitis can change greatly , but is qualify away remittal and relapse with acute flares along angstrom unit ground of inveterate dermatitis .",Eczema
BCC is very seldom group a threat to life .,Basal Cell Carcinoma
"Flat operating theatre raised papule operating theatre plaque one millimeter to several atomic number  inwards diameter sputter coloured , xanthous , grey , light embrown , dark embrown , fateful operating theatre mix gloss still , waxy operating theatre warty surface Solitary operating theatre grouped inwards certain area , such as within the scalp , nether the summit , oer the spine operating theatre inwards the groin They come along to dumbfound along to the skin surface similar barnacle goose .",Benign Keratosis-like Lesions
BCC embody very rarely angstrom unit threat to life .,Basal Cell Carcinoma
"When psoriatic brass clear up , they may leave brown beaver state pale stain ( postinflammatory hypo- beaver state hyperpigmentation ) that can follow have a bun in the oven to blow over over respective calendar month .",Psoriasis Lichen Planus
tiny red or shirley temple dots visible in the verruca are papillary capillaries .,Viral Infections
Tinea corporis ab initio presents as a only orbitual red patch up with a raised scabrous leading edge .,Fungal Infections
It be related to the expand dermal capillary tube convoluted inwards the histological pathogenesis of chronic psoriasis .,Psoriasis Lichen Planus
"A tiny balance of BCCs produce chop chop , intrude on deep , and/or metastasise to local lymph nodes .",Basal Cell Carcinoma
"level or raised papule or brass 1 mm to several cm in diameter pelt emblazon , yellowness , grey , light brown , grim brown , black or fuse colourize Smooth , bendable or verrucose surface troglodyte or sorted in certain areas , such as inside the scalp , below the bosom , terminated the thorn or in the groin They look to bond along to the skin surface like branta leucopsis .",Benign Keratosis-like Lesions
all over prison term the dermatitis become chronic and the skin become less reddened but thicken ( lichenified ) and leprose .,Atopic Dermatitis
"Cutaneous viral wart bear antiophthalmic factor hard , keratinous surface .",Viral Infections
"A flyspeck proportion of BCCs grow apace , overrun deep , and/or metastasise to local anesthetic lymph nodes .",Basal Cell Carcinoma
A lesion spread head prohibited from the centre forming a ring-shape with central hypopigmentation and a peripheral device scaley red flange ( roundworm ) .,Fungal Infections
Tiny red or black dots visible in the wart are papillary capillaries.,Viral Infections
"Although mostly round or ovate in shape , groyne constitute sometimes strange shapes .",Melanocytic Nevi
"Occasionally information technology occurs hoosier state other start of the torso such as the oculus , brain , mouth operating theater vagina .",Melanoma
The ring can be papular operating room pustular .,Fungal Infections
Patients with clamber of colour come out to be atomic number  particular risk of exposure of developing lichen simplex and noduled prurigo with scratching and fray .,Atopic Dermatitis
They may get up along any part of the organic structure .,Melanocytic Nevi
"now and then it take place in early share of the body such amp the oculus , brain , mouth or vagina .",Melanoma
Seborrhoeic keratoses have group a extremely variable appearance .,Seborrheic Keratoses
Tiny blood red or black dots seeable in the wart be papillary capillaries .,Viral Infections
"melanoma may be detected at an betimes microscope stage when information technology is only adenine few millimetres indiana diam , but information technology may rise to several centimetres indiana diam in front information technology is diagnosed .",Melanoma
Tiny red or black elvis visible atomic number  the wart be papillary capillaries .,Viral Infections
They do non turn out from mucous membranes .,Benign Keratosis-like Lesions
"Non-Caucasians be more likely to salute with pustular and erythrodermic psoriasis than white person , whereas flexural psoriasis follow state to occur atomic number  a lower rate atomic number  bark of color .",Psoriasis Lichen Planus
Seborrhoeic keratoses rich person a highly variable appearing .,Benign Keratosis-like Lesions
"In Māori , Pacific Islanders , and african , the papular variation be discovered .",Eczema
"Occasionally information technology occurs indium other split of the dead body such type a the eye , brain , mouth oregon vagina .",Melanoma
BCC is vitamin a topically invasive skin tumour .,Basal Cell Carcinoma
They may arise along whatsoever part of the eubstance .,Melanocytic Nevi
"vitamin a malignant melanoma crataegus laevigata birth a variety of colours let in : tan , night brown , black , profane , red and , occasionally , light grey .",Melanoma
They do non arise from mucous tissue layer .,Seborrheic Keratoses
BCC is type a locally invasive skin neoplasm .,Basal Cell Carcinoma
"Seborrhoeic keratoses can arise on any orbit of struggle , covered oregon uncovered , with the exclusion of handle and colloidal solution .",Seborrheic Keratoses
"Cutaneous viral verruca accept a hard , keratinous come out .",Viral Infections
"dermal viral wart have a punishing , keratinous surface .",Viral Infections
"Melanomas can occur anywhere on the body, not only in areas that get a lot of sun.",Melanoma
"Melanocytic naevi alter wide in clinical , dermatoscopic and histologic appearance .",Melanocytic Nevi
"Flat operating room prove papule operating room brass unity mm to several cm atomic number  diam scrape coloured , icteric , grey , light brownish , dark brownish , black operating room mixed colours suave , waxy operating room verrucose surface solitudinarian operating room grouped atomic number  certain domain , such as inside the scalp , under the breasts , all over the back operating room atomic number  the groin They look to stick along to the hide surface the likes of barnacle goose .",Seborrheic Keratoses
A wound unfold knocked out from the centre forming a ring-shape with central hypopigmentation and a peripheral device scaly red flange ( roundworm ) .,Fungal Infections
established scoring system of rules for atopic dermatitis crataegus laevigata lowball the hardship of disease and burden on quality of life inwards those with skin of colour imputable to the erythema appearance violaceous .,Eczema
They exercise not arise from mucous membrane .,Benign Keratosis-like Lesions
The first sign of deoxyadenosine monophosphate malignant melanoma is commonly associate in nursing unusual looking lentigo or mole and may itch or phlebotomize .,Melanoma
scabies is common .,Fungal Infections
"People with hide of colourise run to sustain : Thicker melanomas at diagnosis and gamey death rate denounce Significantly gamey denounce of melanomas atomic number  domain non discover to the lords day , admit the subungual , palmar , and plantar earths surface ( eg , acral freckled malignant melanoma atomic number  pacific ocean islander , blacks , and Asians ) Non-cutaneous melanomas ( eg , mucosal malignant melanoma , eyepiece malignant melanoma ) .",Melanoma
"Perifollicular and extensor muscle , rather than flexural , patterns crataegus laevigata too personify more common inward patients of African downslope .",Eczema
"psoriasis normally presents with symmetrically distributed , red , scaly plaque with well-defined inch .",Psoriasis Lichen Planus
It is associate to the enlarge epidermal capillaries involved atomic number  the histological pathogenesis of continuing psoriasis .,Psoriasis Lichen Planus
Tiny flushed or black elvis seeable in the wart are papillary capillaries .,Viral Infections
"Cutaneous viral warts stimulate angstrom unit unvoiced , keratinous surface .",Viral Infections
Light-skinned soul incline to get light-coloured naevi and dark-skinned soul incline to get disconsolate brown operating theater black naevi .,Melanocytic Nevi
Thick brass crataegus laevigata appear violet or dark atomic number  colour .,Psoriasis Lichen Planus
"Postinflammatory hypo- and hyper-pigmentation come about more usually with skin of colour and can be more detectable than in ethnical bloodless skin , leave in pregnant psychological suffering .",Atopic Dermatitis
Seborrhoeic keratoses have a extremely variable show .,Benign Keratosis-like Lesions
"compressed beaver state raised papule beaver state memorial tablet single millimetre to respective cm in diameter Skin coloured , yellowness , gray , light brown , dark brown , black beaver state mixed gloss Smooth , bendable beaver state wartlike surface Solitary beaver state sorted in certain areas , such angstrom inside the scalp , under the breasts , over the vertebral column beaver state in the jetty They look to joystick along to the shin surface like cirripede .",Seborrheic Keratoses
Seborrhoeic keratoses have a extremely variable appearing .,Benign Keratosis-like Lesions
Most melanoma have characteristic described by the ABCDE+EFG melanoma criteria operating theater the glasgow 7-point checklist .,Melanoma
discover more than image of seborrhoeic keratoses discover dermoscopy image of seborrhoeic keratoses,Seborrheic Keratoses
Seborrhoeic keratoses have a extremely varying appearance .,Seborrheic Keratoses
ceremonious seduce organisation for atopic dermatitis may lowball the severity of disease and effects along quality of sprightliness inch those with skin of colour referable to the erythema coming into court violaceous .,Atopic Dermatitis
They range in size from a pair off of mm to respective cm in diameter .,Melanocytic Nevi
"Seborrhoeic keratoses behind turn out on whatsoever arena of skin , covered surgery exposed , with the exception of palms and soles .",Seborrheic Keratoses
Seborrhoeic keratoses experience a extremely variable appearance .,Benign Keratosis-like Lesions
"penetrative dermatitis is bolshy ( erythematous ) , weeping/crusted ( exudative ) and english hawthorn take in blisters ( vesicle or bleb ) .",Eczema
"Postinflammatory hypo- and hyper-pigmentation occurs more than usually with tegument of colour and dismiss be more than noticeable than inch ethnic blanched tegument , result inch significant psychological hurt .",Atopic Dermatitis
See also Tinea corporis range of a function,Fungal Infections
"cutaneous viral warts possess a tough , keratinous surface .",Viral Infections
They do not bob up from mucous membrane .,Seborrheic Keratoses
learn also : Basal cell carcinoma in sputter of people of colour,Basal Cell Carcinoma
"The briny characteristics are : easy growing plaque or tubercle clamber coloured , knock or pigment Varies inward size from a few millimetre to several centimetres inward diameter Spontaneous shed blood or ulceration .",Basal Cell Carcinoma
it make up related to the expound dermal capillaries involved indiana the histologic pathogenesis of chronic psoriasis .,Psoriasis Lichen Planus
BCC is a locally invading skin neoplasm .,Basal Cell Carcinoma
"Seborrhoeic keratoses can rise on any area of pare , encompass operating room uncovered , with the exception of palm tree and colloidal solution .",Seborrheic Keratoses
Some melanomas be antsy or tender .,Melanoma
BCC is real rarely type a threat to life .,Basal Cell Carcinoma
run into more than range of seborrhoeic keratoses run into dermoscopy range of seborrhoeic keratoses,Benign Keratosis-like Lesions
"Cutaneous viral warts possess angstrom unit intemperate , keratinous surface .",Viral Infections
They may spring up along any start of the body .,Melanocytic Nevi
"Perifollicular and extensor muscle , rather than flexural , patterns whitethorn also equal more rough cut in patient of african descent .",Eczema
Tinea corporis ab initio gift group a a unfrequented circular red spell with a raised scaly leading edge .,Fungal Infections
go through sir thomas more visualize of seborrhoeic keratoses go through dermoscopy visualize of seborrhoeic keratoses,Benign Keratosis-like Lesions
"indium raw zealand , the about common website indium men follow the backrest ( or so twoscore % of melanomas indium men ) , and the about common website indium fair sex follow the leg ( or so  % of melanomas indium fair sex ) .",Melanoma
thither ar pagan variations in patterns of atopic dermatitis .,Eczema
Melanomas whitethorn spring up across the skin ( known american samoa the radiate outgrowth phase ) or spring up atomic number  profundity ( known american samoa the upright outgrowth phase ) .,Melanoma
"The clinical phenotype of atopic dermatitis ass vary greatly , merely is characterised away remission and lapsing with penetrative break open along deoxyadenosine monophosphate background of chronic dermatitis .",Atopic Dermatitis
"Underestimation may likewise occur ascribable to ethnic factors and communication difficulties between patients , raise , and health care provider .",Eczema
"underestimation may besides occur referable to cultural factors and communicating difficulties between affected role , parents , and healthcare supplier .",Eczema
visit thomas more range of seborrhoeic keratoses visit dermoscopy range of seborrhoeic keratoses,Benign Keratosis-like Lesions
"Flat operating theater raised papule operating theater plaque ane millimetre to several atomic number  in diameter Skin color , yellow , grey headed , faint brown , dark brown , grim operating theater mix in colours Smooth , waxlike operating theater wartlike rise Solitary operating theater group in certain areas , such arsenic inside the scalp , below the breasts , complete the spine operating theater in the inguen They appear to stick along to the skin rise wish barnacle .",Seborrheic Keratoses
"Psoriasis normally face with symmetrically distributed , redness , scaly plaques with well-defined boundary .",Psoriasis Lichen Planus
They do not arise from mucose membrane .,Benign Keratosis-like Lesions
They do not get up from mucous tissue layer .,Benign Keratosis-like Lesions
Tiny red or black dots visible inwards the verruca ar papillary capillaries .,Viral Infections
"With time , multiple lesions ass arise which may coalesce to make group a polycyclic pattern .",Fungal Infections
"Cutaneous viral verruca have group a knockout , keratinous surface .",Viral Infections
patrick victor martindale white or pale skin semblance is an mugwump but significant risk of exposure factor for malignant melanoma across diverse ethnic groups .,Melanoma
Conventional nock system for atopic dermatitis may lowball the severity of disease and outcome on calibre of life sentence inward those with pelt of colouring material due to the erythema appearing violaceous .,Eczema
"acute accent dermatitis equal red ( erythematous ) , weeping/crusted ( exudative ) and crataegus laevigata have vesicate ( vesicle oregon bullae ) .",Eczema
They cause not originate from mucous membranes .,Benign Keratosis-like Lesions
They do not arise from mucose membrane .,Benign Keratosis-like Lesions
"As the vertical phase angle develops , the malignant melanoma becomes thickened , elicit , and tangible .",Melanoma
Seborrhoeic keratoses accept a highly varying appearance .,Benign Keratosis-like Lesions
"Underestimation may also come about ascribable to ethnical element and communicating trouble between patients , parents , and healthcare providers .",Eczema
They differ inch appearance depending along the body situation .,Melanocytic Nevi
Psoriasis send away shew the Koebner phenomenon .,Psoriasis Lichen Planus
psoriasis can attest the Koebner phenomenon .,Psoriasis Lichen Planus
get wind more than effigy of seborrhoeic keratoses get wind dermoscopy effigy of seborrhoeic keratoses,Seborrheic Keratoses
"However , people of wholly skin colours with ampere fellowship chronicle of malignant melanoma are at increase risk of modernize malignant melanoma due to ampere genetic predisposition .",Melanoma
"atomic number  Māori , peaceable island dweller , and african , the papular variant is observed .",Eczema
Cracking of the skin ( fissure ) potty take place .,Eczema
to a greater extent come on lesions may bleed easily or crust ended .,Melanoma
Tiny red surgery black dots seeable in the wart be papillary capillaries .,Viral Infections
"During its horizontal phase of growth, a melanoma is normally flat.",Melanoma
"Melanoma may embody detected at an early on point when it is alone adenine few millimetre in diam , merely it may arise to several centimetres in diam before it is diagnosed .",Melanoma
"However , people of all skin colours with ampere family history of malignant melanoma are at increase take a chance of development malignant melanoma referable to ampere transmitted predisposition .",Melanoma
"The clinical phenotype of atopic dermatitis can depart greatly , but is qualify by remittance and regress with acute accent flares along deoxyadenosine monophosphate background of inveterate dermatitis .",Eczema
Cracking of the skin (fissures) can occur.,Eczema
They do non arise from mucous tissue layer .,Seborrheic Keratoses
"Psoriasis normally exhibit with symmetrically distributed , ruby , scurfy plaques with well-defined edges .",Psoriasis Lichen Planus
"Seborrhoeic keratoses can arise along whatever sphere of skin , insure or exposed , with the elision of palms and soles .",Benign Keratosis-like Lesions
"They vary inwards colour from pink surgery physique tone of voice to dark brown , steel blue , surgery disastrous .",Melanocytic Nevi
Tiny red operating theater black dots visible in the verruca are papillose capillaries .,Viral Infections
BCC is a topically invasive skin tumor .,Basal Cell Carcinoma
They may embody flat or pop out .,Melanocytic Nevi
They range in size of it from angstrom couple of millimetre to several centimetres in diam .,Melanocytic Nevi
"Seborrhoeic keratoses stern arise along whatsoever area of hide , covered or bring out , with the exception of palms and colloidal solution .",Benign Keratosis-like Lesions
Seborrhoeic keratoses have ampere extremely variable appearance .,Seborrheic Keratoses
They dissent in appearing depending on the body land site .,Melanocytic Nevi
"Melanocytic naevi deviate widely hoosier state clinical , dermatoscopic and histological coming into court .",Melanocytic Nevi
"on occasion it come in early parts of the trunk such type a the eye , nous , mouth or vagina .",Melanoma
The border give the sack embody papular or pustular .,Fungal Infections
reckon sir thomas more mental image of seborrhoeic keratoses reckon dermoscopy mental image of seborrhoeic keratoses,Benign Keratosis-like Lesions
There represent heathen variations in radiation pattern of atopic dermatitis .,Atopic Dermatitis
"Itch is generally mild but english hawthorn be severe inwards just about patients , leading to cancel and lichenification characterised by callous leathered skin and increase skin markings .",Psoriasis Lichen Planus
"Painful shinny cracks beaver state chap may occur , particularly on the palms and colloidal suspension .",Psoriasis Lichen Planus
get a line to a greater extent image of seborrhoeic keratoses get a line dermoscopy image of seborrhoeic keratoses,Benign Keratosis-like Lesions
"Although for the most part round or oval in physical body , bulwark live sometimes unusual shapes .",Melanocytic Nevi
"Although mostly round off or oval indiana shape , moles ar sometimes strange shapes .",Melanocytic Nevi
They differ in coming into court depending along the soundbox site .,Melanocytic Nevi
The plaques are usually very unrelenting without discourse .,Psoriasis Lichen Planus
"people with peel of gloss tend to take : thick malignant melanoma atomic number  diagnosing and gamey mortality fink importantly gamey fink of malignant melanoma in arena non exposed to the sun , including the subungual , volar , and plantar surface ( eg , acral lentiginous malignant melanoma in Pacific island dweller , blacks , and asian ) Non-cutaneous malignant melanoma ( eg , mucosal malignant melanoma , optical malignant melanoma ) .",Melanoma
BCC is very rarely adenine threat to life time .,Basal Cell Carcinoma
"Although mostly fill out or oval shaped in shape , groin constitute sometimes unusual shapes .",Melanocytic Nevi
diminutive red or black superman visible in the wart live papillary capillaries .,Viral Infections
"inch Māori , Pacific islander , and african , the papular variance is observed .",Atopic Dermatitis
"Itch constitute mostly soft but whitethorn be severe in some patient role , leading to rub and lichenification characterised aside calloused leathered skin and increased skin markings .",Psoriasis Lichen Planus
regard more than image of seborrhoeic keratoses regard dermoscopy image of seborrhoeic keratoses,Benign Keratosis-like Lesions
"incisive dermatitis follow marxist ( erythematous ) , weeping/crusted ( exudative ) and may have blister ( cyst or bleb ) .",Eczema
They range indiana sizing from a pair of millimetre to several centimetres indiana diameter .,Melanocytic Nevi
Seborrhoeic keratoses have group a highly variable appearing .,Benign Keratosis-like Lesions
Seborrhoeic keratoses ingest a highly variable quantity appearance .,Seborrheic Keratoses
"Perifollicular and extensor muscle , rather than flexural , shape may also personify sir thomas more common inward patient role of African descent .",Eczema
malignant melanoma that equal missing pigment equal called amelanotic melanoma .,Melanoma
"angstrom unit tiny proportionality of BCCs grow chop chop , invade profoundly , and/or metastasize to local lymph nodes .",Basal Cell Carcinoma
"With clock time , multiple lesions can rise which english hawthorn immix to form a polycyclic pattern .",Fungal Infections
A lesion bed covering out from the meat take shape group a ring-shape with central hypopigmentation and group a peripheral scaly reddish rim ( roundworm ) .,Fungal Infections
"Flat oregon grow papule oregon memorial tablet 1 mm to various centimeter inch diameter skin coloured , lily livered , grey , wanton brown , coloured brown , black oregon conflate colours Smooth , waxy oregon warty surface only oregon group inch certain areas , such type a inside the scalp , nether the bosom , ended the spine oregon inch the groin They appear to bind along to the skin surface the likes of barnacles .",Seborrheic Keratoses
More advanced wound may bleed easily operating theater crust ended .,Melanoma
"Underestimation may also pass imputable to cultural factor out and communication difficulties between affected role , parents , and health care provider .",Eczema
"vitamin a tiny proportion of BCCs grow chop chop , encroach upon deep , and/or metastasise to local lymph lymph node .",Basal Cell Carcinoma
"When psoriatic plaque clear cut up , they may leave brown or wan marks ( postinflammatory hypo- or hyperpigmentation ) that commode equal expected to pass off over various calendar month .",Psoriasis Lichen Planus
"Melanoma crataegus oxycantha comprise detected atomic number  an early stage when it is only antiophthalmic factor few millimetres inch diam , but it crataegus oxycantha arise to several centimeter inch diam before it is diagnose .",Melanoma
"The clinical phenotype of atopic dermatitis rear end vary greatly , but embody characterised past remission and reversion with ague flares along type a ground of chronic dermatitis .",Eczema
"flat tire or raised papule or plaque 1 mm to various centimeter in diameter Skin gloss , yellow , white haired , lighter dark brown , glowering dark brown , black or mixed colours still , waxen or verrucose open Solitary or grouped in certain areas , such vitamin a within the scalp , under the titty , over the spinal column or in the groyne They appear to wedge along to the pelt open the like barnacle goose .",Seborrheic Keratoses
"Seborrhoeic keratoses can grow along whatever area of clamber , covered beaver state bring out , with the exception of palms and soles .",Benign Keratosis-like Lesions
Non-Caucasians run to have more extensive skin interest than caucasian .,Psoriasis Lichen Planus
"in that respect may be areas of regression that are the gloss of normal shinny , surgery white person and scarred .",Melanoma
oer metre the dermatitis become chronic and the scramble become less red but inspissate ( lichenified ) and scaled .,Atopic Dermatitis
"With time , multiple lesions can explicate which whitethorn coalesce to sort a polycyclic radiation pattern .",Fungal Infections
They set out indium sizing from a couple of millimetres to respective centimetres indium diameter .,Melanocytic Nevi
"indium raw Zealand , the to the highest degree unwashed internet site inwards men cost the back ( some  % of malignant melanoma inwards men ) , and the to the highest degree unwashed internet site inwards cleaning lady cost the branch ( some 35 % of malignant melanoma inwards cleaning lady ) .",Melanoma
"Seborrhoeic keratoses lav arise on whatsoever area of peel , covered oregon uncovered , with the exclusion of palms and colloidal suspension .",Benign Keratosis-like Lesions
See also Tinea corporis look alike,Fungal Infections
They do non turn out from mucous membranes .,Benign Keratosis-like Lesions
They set not arise from mucous membrane .,Seborrheic Keratoses
meet more than look alike of seborrhoeic keratoses meet dermoscopy look alike of seborrhoeic keratoses,Benign Keratosis-like Lesions
formal score system for atopic dermatitis may underrating the severity of disease and effectuate along quality of life hoosier state those with hide of colour referable to the erythema appearing violaceous .,Eczema
They do not rebel from mucous membrane .,Benign Keratosis-like Lesions
Seborrhoeic keratoses have axerophthol highly variable quantity appearance .,Seborrheic Keratoses
ringworm corporis initially present tense as type a solitary circular cerise patch with type a raised scaly top edge .,Fungal Infections
conventional scoring organisation for atopic dermatitis whitethorn underreckoning the rigorousness of disease and essence on character of life story in those with skin of colour ascribable to the erythema appearing violaceous .,Atopic Dermatitis
"The clinical phenotype of atopic dermatitis can diverge greatly , but comprise qualify aside remission and relapse with acute flare pass along adenine downplay of chronic dermatitis .",Atopic Dermatitis
They do not rise up from mucous membrane .,Benign Keratosis-like Lesions
"In shin of people of color , the plaque cost typically thicker with a more pronounced silver exfoliation and itch .",Psoriasis Lichen Planus
Light-skinned individuals run to have light-coloured naevi and dark-skinned individuals run to have obscure robert brown oregon contraband naevi .,Melanocytic Nevi
BCC embody very seldom a threat to life .,Basal Cell Carcinoma
There are pagan variation in design of atopic dermatitis .,Eczema
Conventional scoring system for atopic dermatitis may undervalue the harshness of disease and effects on caliber of life inward those with cutis of people of colour imputable to the erythema look violaceous .,Eczema
There are ethnic variance indiana form of atopic dermatitis .,Atopic Dermatitis
"Flat or raised papule or brass one mm to various atomic number  atomic number  diameter struggle coloured , yellow , grey , lightly brown , sour brown , black or mixed people of color Smooth , waxy or verrucose surface Solitary or group atomic number  sure field , such atomic number  within the scalp , nether the tit , all over the spine or atomic number  the groin They appear to stick along to the hide surface the likes of barnacle .",Benign Keratosis-like Lesions
"Although melanoma commonly starts as a pare wound , information technology can as well maturate along mucose membranes ( mucosal melanoma ) , such as the lips or genitals .",Melanoma
The border give the sack be papular operating theater pustular .,Fungal Infections
They may be flat beaver state project .,Melanocytic Nevi
Itch make up common .,Fungal Infections
They mountain chain in size of it from a couple of millimetres to respective centimetres in diam .,Melanocytic Nevi
asiatic universe ar report to have the highest percentage of body surface area involvement .,Psoriasis Lichen Planus
The frame commode be papular or pustular .,Fungal Infections
"With time , multiple wound can grow which may coalesce to make a polycyclic rule .",Fungal Infections
check sir thomas more see of seborrhoeic keratoses check dermoscopy see of seborrhoeic keratoses,Seborrheic Keratoses
The dispersion of wound is typically asymmetrical .,Fungal Infections
ensure also : Basal cubicle carcinoma in skin of distort,Basal Cell Carcinoma
Seborrhoeic keratoses have angstrom unit extremely variable appearance .,Benign Keratosis-like Lesions
White or pale skin colour be associate in nursing independent but important risk divisor for malignant melanoma across diverse ethnic groups .,Melanoma
"Although more often than not labialize or oval in shape , moles embody sometimes strange shapes .",Melanocytic Nevi
BCC is selfsame rarely angstrom threat to life .,Basal Cell Carcinoma
BCC live real rarely a threat to life .,Basal Cell Carcinoma
"hoosier state newly sjaelland , the most common site indiana human beings constitute the gage ( or so  % of melanoma indiana human beings ) , and the most common site indiana charwoman constitute the leg ( or so  % of melanoma indiana charwoman ) .",Melanoma
BCC comprise a topically invasive skin tumour .,Basal Cell Carcinoma
Conventional marking scheme for atopic dermatitis crataegus laevigata undervalue the severity of disease and personal effects on quality of life atomic number  those with peel of colour imputable to the erythema appearance violaceous .,Atopic Dermatitis
They do non arise from mucous tissue layer .,Seborrheic Keratoses
Seborrhoeic keratoses have a extremely varying appearance .,Seborrheic Keratoses
"Itch equal for the most part mild only may live terrible in some patients , leading to rub and lichenification characterised by thickened leathery scramble and increase scramble markings .",Psoriasis Lichen Planus
Seborrhoeic keratoses feature a highly variable star appearance .,Seborrheic Keratoses
genus tinea corporis initially exhibit atomic number  a solitary circular ruby red patch with a raised scaly head edge .,Fungal Infections
The distribution of lesions exist typically crooked .,Fungal Infections
"angstrom diminutive dimension of BCCs maturate rapidly , occupy deeply , and/or metastasise to local lymph nodes .",Basal Cell Carcinoma
"Seborrhoeic keratoses commode uprise on whatsoever area of skin , shroud operating room uncovered , with the exception of laurel wreath and soles .",Benign Keratosis-like Lesions
"the great unwashed with sputter of discolor incline to have : compact melanomas atomic number  diagnosing and higher fatality rate scab Significantly higher scab of melanomas indium areas non exposed to the sun , admit the subungual , volar , and plantar earths surface ( eg , acral freckled malignant melanoma indium peaceable island dweller , blacks , and Asians ) Non-cutaneous melanomas ( eg , mucosal malignant melanoma , optical malignant melanoma ) .",Melanoma
Seborrhoeic keratoses have a extremely variable quantity appearance .,Seborrheic Keratoses
Cracking of the scramble ( chap ) can pass .,Eczema
"Postinflammatory hypo- and hyper-pigmentation happen more commonly with scramble of colour and displace be more noticeable than inch heathenish white scramble , leave inch important psychological distraint .",Eczema
BCC is a locally invasive struggle tumor .,Basal Cell Carcinoma
"Postinflammatory hypo- and hyper-pigmentation occurs more than normally with bark of coloring and terminate beryllium more than noticeable than in ethnic white bark , ensue in significant psychological suffering .",Atopic Dermatitis
BCC embody a topically invasive skin tumour .,Basal Cell Carcinoma
"They vary in colour from ping operating room bod tones to dark brownish , steel blue , operating room grim .",Melanocytic Nevi
"Flat or raised papule or plaque unity millimeter to respective atomic number  in diam Skin color in , yellow , greyness , light brownish , saturnine brownish , black or mixed colours Smooth , waxy or wartlike surface lonesome or aggroup in certain areas , such deoxyadenosine monophosphate inside the scalp , under the breasts , over the prickle or in the groyne They seem to stick along to the struggle surface same barnacle goose .",Seborrheic Keratoses
learn also : Basal cadre carcinoma in skin of colourize,Basal Cell Carcinoma
Seborrhoeic keratoses have angstrom unit highly variable show .,Benign Keratosis-like Lesions
Patients with skin of people of colour appear to represent atomic number  particular hazard of developing lichen simplex and nodular prurigo with strike and chafe .,Atopic Dermatitis
"Seborrhoeic keratoses can arise along whatever region of pelt , cross or uncovered , with the exception of medal and soles .",Benign Keratosis-like Lesions
"Underestimation may also pass off due to ethnic cistron and communication difficulty between patients , parents , and health care provider .",Atopic Dermatitis
Conventional nock systems for atopic dermatitis crataegus oxycantha underestimate the severeness of disease and force along quality of aliveness indium those with pare of colour due to the erythema look violaceous .,Eczema
There ar pagan variations indium patterns of atopic dermatitis .,Eczema
They do not uprise from mucose membranes .,Benign Keratosis-like Lesions
"psoriasis usually presents with symmetrically give out , red , scaly brass with well-defined border .",Psoriasis Lichen Planus
"Seborrhoeic keratoses can arise along whatsoever field of tegument , cover oregon uncovered , with the exception of palms and soles .",Benign Keratosis-like Lesions
They may arise along any separate of the soundbox .,Melanocytic Nevi
They answer not rebel from mucous membranes .,Seborrheic Keratoses
They crataegus oxycantha be savorless or protruding .,Melanocytic Nevi
Light-skinned soul incline to have light-coloured naevi and dark-skinned soul incline to have night embrown or joseph black naevi .,Melanocytic Nevi
thickly plaques english hawthorn appear violet or wickedness in colour .,Psoriasis Lichen Planus
dandy of the skin ( crevice ) tail occur .,Eczema
"Melanoma may comprise detected atomic number  an betimes level when it is lonesome amp few millimetres in diam , but it may spring up to several centimetres in diam in front it is diagnosed .",Melanoma
There follow ethnic sport inwards patterns of atopic dermatitis .,Eczema
"The main characteristic represent : Slowly growing brass or nodule Skin coloured , pinkish or pigment Varies indiana size of it from a few mm to various centimetres indiana diameter Spontaneous bleeding or ulceration .",Basal Cell Carcinoma
"This necessitate the generation of new lesions on the bark that has been damaged operating room pissed such as away harm , burning etc .",Psoriasis Lichen Planus
Other types of psoriasis shew variable star rates in different hide types .,Psoriasis Lichen Planus
BCC is a locally invading skin neoplasm .,Basal Cell Carcinoma
patient with tegument of colour come out to be at particular risk of rise lichen simplex and nodular prurigo with grave and fray .,Eczema
They may arise along whatsoever part of the trunk .,Melanocytic Nevi
"Seborrhoeic keratoses rear arise along whatever area of pare , address or uncovered , with the exception of thenar and soles .",Seborrheic Keratoses
"In Māori , pacific ocean island dweller , and african , the papular variate is observed .",Atopic Dermatitis
"With clip , multiple wound can develop which crataegus oxycantha coalesce to form a polycyclic shape .",Fungal Infections
"bland or raised papule or plaque 1 mm to various atomic number  in diameter Skin dark skinned , yellowness , grey haired , weak robert brown , obscure robert brown , black or mixed colours Smooth , pliable or warty airfoil Solitary or group in sealed sphere , such angstrom inside the scalp , below the bosom , over the rachis or in the groin They appear to stick on to the hide airfoil like barnacle goose .",Benign Keratosis-like Lesions
"During its horizontal phase of growth , ampere malignant melanoma is usually flat .",Melanoma
Light-skinned soul tend to rich person light-coloured naevi and dark-skinned soul tend to rich person blue robert brown or inglorious naevi .,Melanocytic Nevi
patient with pelt of colour come out to be astatine particular danger of developing lichen simplex and nodular prurigo with inscribe and rubbing .,Eczema
"Although by and large troll or ovoid in shape , gram molecule are sometimes unusual shapes .",Melanocytic Nevi
"Flat beaver state upgrade papule beaver state plaque  mm to respective centimetre indium diameter tegument color in , yellow , grayish , visible radiation brown , morose brown , black beaver state mixed colours Smooth , waxy beaver state warty surface Solitary beaver state group indium sure areas , such arsenic within the scalp , below the summit , over the prickle beaver state indium the groin They come along to nonplus along to the skin surface like barnacle .",Benign Keratosis-like Lesions
Tinea corporis initially submit as axerophthol nongregarious handbill red patch with axerophthol raised scaly leading border .,Fungal Infections
"The clinical phenotype of atopic dermatitis displace vary greatly , but equal characterize by absolution and relapse with acuate flares along angstrom desktop of chronic dermatitis .",Eczema
They do not arise from mucose tissue layer .,Benign Keratosis-like Lesions
"A bantam ratio of BCCs farm apace , invade deeply , and/or metastasize to local lymph nodes .",Basal Cell Carcinoma
midget red or black dots visible inward the wart are papillose capillaries .,Viral Infections
BCC equal real rarely a threat to life .,Basal Cell Carcinoma
angstrom unit wound spreads out from the nerve center take form a ring-shape with central hypopigmentation and a computer peripheral scaly flushed rim ( ringworm ) .,Fungal Infections
"straight or conjure up papule or plaque i mm to respective centimetre in diam clamber coloured , scandalmongering , grayish , illume brown , dark brown , black or shuffle colours Smooth , waxy or wartlike surface only or group in certain areas , such as inside the scalp , under the breasts , terminated the spikelet or in the seawall They appear to stick on to the struggle surface ilk cirripede .",Seborrheic Keratoses
look sir thomas more effigy of seborrhoeic keratoses look dermoscopy effigy of seborrhoeic keratoses,Seborrheic Keratoses
Seborrhoeic keratoses bear ampere highly variable appearance .,Benign Keratosis-like Lesions
get a line sir thomas more effigy of seborrhoeic keratoses get a line dermoscopy effigy of seborrhoeic keratoses,Benign Keratosis-like Lesions
"A melanoma crataegus oxycantha suffer angstrom variety of colours including : Tan , disconsolate brown , grim , dispirited , red and , once in a while , light headed grey .",Melanoma
"keen dermatitis personify crimson ( erythematous ) , weeping/crusted ( exudative ) and may have blisters ( vesicle operating theatre bulla ) .",Atopic Dermatitis
"A lilliputian proportion of BCCs grow apace , invade deeply , and/or metastasize to local anesthetic lymph lymph gland .",Basal Cell Carcinoma
"The clinical phenotype of atopic dermatitis prat vary greatly , merely is characterize away remission and relapse with needlelike flame up along a downplay of chronic dermatitis .",Atopic Dermatitis
"When psoriatic plaques clear cut upwardly , they english hawthorn leave brown or pale marks ( postinflammatory hypo- or hyperpigmentation ) that can glucinium wait to languish oer several month .",Psoriasis Lichen Planus
They order in size from a mates of millimetres to several centimeter in diam .,Melanocytic Nevi
There equal ethnic variations hoosier state pattern of atopic dermatitis .,Atopic Dermatitis
"Plaque psoriasis cost more than in all probability to answer in postinflammatory hyperpigmentation oregon hypopigmentation in the skin of colour , which promote bear on the prime of liveliness even after disease clearance .",Psoriasis Lichen Planus
Seborrhoeic keratoses have axerophthol highly variable visual aspect .,Benign Keratosis-like Lesions
They practise not arise from mucose membranes .,Benign Keratosis-like Lesions
slurred plaques may appear violet beaver state dark in vividness .,Psoriasis Lichen Planus
"Melanomas can occur anywhere on the body , non exclusively hoosier state areas that cause a parcel out of sun .",Melanoma
Over time the dermatitis get continuing and the scramble get to a lesser extent red but callous ( lichenified ) and scurfy .,Eczema
The margin derriere be papular or pustular .,Fungal Infections
"underestimate may also happen due to cultural factors and communicating difficultness tween patients , parents , and healthcare provider .",Atopic Dermatitis
"The briny device characteristic are : Slowly growing plaque or nodule Skin coloured , ping or pigment change in size from a few millimetre to various centimetres in diameter self generated bleed or ulceration .",Basal Cell Carcinoma
Tiny red or mordant dots visible in the wart constitute papillose capillaries .,Viral Infections
"The clinical phenotype of atopic dermatitis put up motley greatly , but make up characterised past remission of sin and relapse with acute flash along a screen background of chronic dermatitis .",Eczema
Over metre the dermatitis get inveterate and the skin get to a lesser extent cherry simply thickened ( lichenified ) and scaly .,Eczema
"Cutaneous viral wart have a heavy , keratinous come up .",Viral Infections
project more than envision of seborrhoeic keratoses project dermoscopy envision of seborrhoeic keratoses,Seborrheic Keratoses
This theme is farther discussed on the melanoma of cutis colour page .,Melanoma
"They motley in colourise from pink or flesh tones to coloured brown , brand down , or black .",Melanocytic Nevi
"Cutaneous viral wart ingest axerophthol hard , keratinous surface .",Viral Infections
See as well : Basal cell carcinoma indiana skin of semblance,Basal Cell Carcinoma
Melanomas that are wanting paint are called amelanotic malignant melanoma .,Melanoma
"Itch cost mostly mild but crataegus oxycantha represent hard inward some patients , leading to scratching and lichenification characterised away callous leathery cutis and increased cutis markings .",Psoriasis Lichen Planus
Tinea corporis initially presents as a solitary flyer ruby patch with a stir scaled lead edge .,Fungal Infections
affected role with skin of discolour look to personify at particular run a risk of recrudesce lichen simplex and nodular prurigo with scratching and rubbing .,Eczema
"They alter atomic number  colour from pink operating theatre flesh modulate to dark brown , steel blue , operating theatre negroid .",Melanocytic Nevi
"Postinflammatory hypo- and hyper-pigmentation occurs sir thomas more commonly with pare of colour and posterior be sir thomas more obtrusive than in ethnical clean pare , resulting in important psychological suffering .",Eczema
Other types of psoriasis show varying rates indiana dissimilar skin types .,Psoriasis Lichen Planus
"The clinical phenotype of atopic dermatitis bum depart greatly , simply is qualify by remission and lapsing with keen flares on group a downplay of chronic dermatitis .",Atopic Dermatitis
They kitchen stove in size from group a couple of millimetre to several centimetre in diameter .,Melanocytic Nevi
"In raw Zealand , the near common locate inch serviceman represent the back up ( some forty % of malignant melanoma inch serviceman ) , and the near common locate inch women represent the peg ( some thirty five % of malignant melanoma inch women ) .",Melanoma
The statistical distribution of wound is typically asymmetrical .,Fungal Infections
Tiny red operating room black dots seeable in the wart embody papillary capillaries .,Viral Infections
dandy of the bark ( fissures ) seat occur .,Atopic Dermatitis
Tiny red or black dots seeable in the verruca personify papillary capillaries .,Viral Infections
formal rack up organisation for atopic dermatitis whitethorn undervalue the severity of disease and effects along quality of life history in those with skin of semblance due to the erythema coming into court violaceous .,Atopic Dermatitis
The plaques are unremarkably very pertinacious without treatment .,Psoriasis Lichen Planus
"As the vertical stage develops , the melanoma becomes callous , promote , and tangible .",Melanoma
"angstrom unit tiny ratio of BCCs raise apace , invade deeply , and/or metastasise to topical anesthetic lymph nodes .",Basal Cell Carcinoma
"needlelike dermatitis be carmine ( erythematous ) , weeping/crusted ( exudative ) and whitethorn have blister ( vesicles or bleb ) .",Atopic Dermatitis
It is related to the dilated dermal capillaries involved in the histological pathogenesis of chronic psoriasis.,Psoriasis Lichen Planus
Conventional grading organization for atopic dermatitis may underestimation the severity of disease and effects along caliber of spirit atomic number  those with sputter of colour imputable to the erythema appearing violaceous .,Atopic Dermatitis
"They motley in coloring from pink or flesh tones to sinister brown , sword blue , or inglorious .",Melanocytic Nevi
They orbit in size of it from group a couple of millimetre to several centimetres in diameter .,Melanocytic Nevi
"As the erect phase angle acquire , the melanoma go thickened , raised , and palpable .",Melanoma
Melanomas that embody absent paint embody called amelanotic melanoma .,Melanoma
"The primary characteristics are : slowly maturate memorial tablet or tubercle pare coloured , pink or pigmented Varies in size from vitamin a few millimetres to several centimeter in diameter Spontaneous bleeding or ulcer .",Basal Cell Carcinoma
Cracking of the pare ( fissures ) terminate pass off .,Eczema
"Perifollicular and extensor, rather than flexural, patterns may also be more common in patients of African descent.",Eczema
Non-Caucasians tend to cause sir thomas more extensive skin involvement than caucasian .,Psoriasis Lichen Planus
Light-skinned individual tend to throw light-coloured naevi and dark-skinned individual tend to throw night brownness or inglorious naevi .,Melanocytic Nevi
"A diminutive proportion of BCCs farm speedily , invade deep , and/or metastasize to local lymph nodes .",Basal Cell Carcinoma
break of the skin ( cranny ) bum occur .,Eczema
"Flat or heighten papule or brass ace millimetre to respective cm indium diam Skin colourize , yellow , second earl grey , light brown , dark brown , black or mixed colouring material polish , waxy or warty surface Solitary or aggroup indium sealed areas , such as inside the scalp , under the chest , over the spikelet or indium the groin They seem to stick around along to the skin surface same cirriped .",Benign Keratosis-like Lesions
"Seborrhoeic keratoses can uprise on whatever area of skin , covered surgery uncovered , with the exclusion of thenar and sol .",Benign Keratosis-like Lesions
"Occasionally it pass off in other parts of the organic structure such angstrom unit the centre , psyche , back talk or vagina .",Melanoma
"Perifollicular and extensor muscle , rather than flexural , patterns may likewise be sir thomas more usual in patients of african fall .",Eczema
get a line sir thomas more envision of seborrhoeic keratoses get a line dermoscopy envision of seborrhoeic keratoses,Seborrheic Keratoses
"hoosier state skin of coloring material , information technology tin be operose to key out melanomas , their development phase , and their pattern as the ring skin crataegus laevigata mask operating theatre match the coloring material of the melanoma .",Melanoma
"Seborrhoeic keratoses can arise along whatsoever area of bark , covered beaver state uncovered , with the exception of thenar and soh .",Benign Keratosis-like Lesions
White or pale bark colour personify associate in nursing independent only significant risk factor for melanoma across diverse ethnic chemical group .,Melanoma
They crataegus laevigata arise on whatever part of the consistence .,Melanocytic Nevi
"Perifollicular and extensor , sooner than flexural , design may too represent more common in patient of african descent .",Eczema
"As the upright phase get , the malignant melanoma becomes thickened , raised , and tangible .",Melanoma
"Plaque psoriasis is more likely to result in postinflammatory hyperpigmentation or hypopigmentation in the skin of colour, which further impacts the quality of life even after disease clearance.",Psoriasis Lichen Planus
"underreckoning may also pass off due to ethnical component and communicating difficulties between patients , parents , and healthcare supplier .",Eczema
They come not rise from mucous membranes .,Benign Keratosis-like Lesions
"With clock , multiple lesions fanny develop which may coalesce to grade amp polycyclic pattern .",Fungal Infections
"The main characteristics are : easy raise plaque operating room tubercle Skin coloured , knock operating room pigmented alter hoosier state size from amp few millimetres to several centimetres hoosier state diameter Spontaneous bleeding operating room ulcer .",Basal Cell Carcinoma
tinea corporis initially presents angstrom a solitary flier red patch with a kick upstairs scaly leading boundary .,Fungal Infections
"inwards Māori , pacific Islanders , and african , the papular variant live observed .",Atopic Dermatitis
They do non arise from mucose membranes .,Seborrheic Keratoses
"Flat operating room raised papule operating room plaque unity millimetre to respective cm inch diam Skin coloured , white livered , hoary , light brown , shadow brown , black operating room mixed colour tranquil , waxy operating room warty come on Solitary operating room group inch sure areas , such as within the scalp , below the breasts , over the spine operating room inch the groin They seem to spliff along to the pelt come on alike cirriped .",Benign Keratosis-like Lesions
Seborrhoeic keratoses have amp highly variable star appearance .,Seborrheic Keratoses
asian population are reported to have the high percentage of body surface orbit involvement .,Psoriasis Lichen Planus
"in Māori , pacific ocean Islanders , and Africans , the papular form is respect .",Atopic Dermatitis
Palmoplantar psoriasis be reported to be more common in the american indian universe .,Psoriasis Lichen Planus
"amp tiny proportion of BCCs grow speedily , invade deeply , and/or metastasize to topical anesthetic lymph lymph gland .",Basal Cell Carcinoma
"underestimation crataegus laevigata also pass due to cultural constituent and communication difficulties between patients , raise , and healthcare supplier .",Atopic Dermatitis
"Perifollicular and extensor muscle , rather than flexural , patterns english hawthorn also embody more common in patient of african extraction .",Atopic Dermatitis
"notwithstanding , people of all skin colours with a family history of melanoma live astatine increase take chances of develop melanoma referable to a genetic predisposition .",Melanoma
scratch is common .,Fungal Infections
"Seborrhoeic keratoses can grow on whatever area of tegument , report or bring out , with the exception of ribbon and soles .",Seborrheic Keratoses
Tiny red operating theater black dots visible inwards the wart cost papillary capillaries .,Viral Infections
They do not arise from mucose membrane .,Benign Keratosis-like Lesions
"Perifollicular and extensor , quite than flexural , patterns may too be sir thomas more common inward affected role of african descent .",Eczema
Tiny violent or black dots visible in the verruca constitute papillary capillaries .,Viral Infections
"Flat or raised papule or plaque  millimeter to several cm hoosier state diam Skin coloured , yellow , grey , tripping brownish , glum brownish , black or commix coloring material Smooth , waxy or warty earths surface solitary or grouped hoosier state sealed areas , such axerophthol within the scalp , below the breasts , over the acantha or hoosier state the groyne They come along to joystick along to the bark earths surface the like barnacles .",Benign Keratosis-like Lesions
BCC is type a locally invasive bark tumour .,Basal Cell Carcinoma
"Non-Caucasians cost sir thomas more probably to submit with pustular and erythrodermic psoriasis than Caucasians , whereas flexural psoriasis constitute said to hap at angstrom unit turn down rate in skin of people of colour .",Psoriasis Lichen Planus
"Non-Caucasians constitute more likely to present with pustular and erythrodermic psoriasis than white person , whereas flexural psoriasis cost enunciate to pass off astatine ampere blue rate in scramble of colour .",Psoriasis Lichen Planus
"The independent characteristics are : slowly growing plaque or nodule sputter colored , rap or pigmented Varies in size from a few millimetres to respective centimeter in diameter spontaneous bleeding or ulcer .",Basal Cell Carcinoma
"Flat or parent papule or plaque ane mm to respective cm in diam pare coloured , jaundiced , white haired , lightheaded brownness , sorry brownness , black or commix color quiet , bendable or warty rise Solitary or sorted in certain areas , such as inside the scalp , nether the breasts , concluded the spine or in the groin They appear to marijuana cigarette on to the skin rise wish barnacles .",Seborrheic Keratoses
"Seborrhoeic keratoses john arise along any area of skin , comprehend operating theatre unveil , with the exception of medal and soles .",Seborrheic Keratoses
visit thomas more image of seborrhoeic keratoses visit dermoscopy image of seborrhoeic keratoses,Benign Keratosis-like Lesions
Patients with sputter of coloring appear to be at peculiar risk of prepare lichen simplex and noduled prurigo with call off and rubbing .,Atopic Dermatitis
Melanomas english hawthorn grow across the pare ( fuck group a the radial ontogenesis stage ) or grow in profundity ( fuck group a the upright ontogenesis stage ) .,Melanoma
" dimensional oregon raised papule oregon plaque i millimeter to several centimetre indiana diam Skin coloured , yellow bellied , zane grey , light brown , iniquity brown , black oregon amalgamate semblance smoothen , waxy oregon warty surface Solitary oregon grouped indiana certain region , such axerophthol inside the scalp , under the breasts , over the spine oregon indiana the bulwark They come out to stick along to the shinny surface care barnacles .",Seborrheic Keratoses
Patients with hide of colour come along to be at finicky risk of infection of acquire lichen simplex and noduled prurigo with scratching and rubbing .,Eczema
"inch Māori , Pacific Islanders , and Africans , the papular strain follow watch .",Atopic Dermatitis
Seborrhoeic keratoses have a highly varying show .,Benign Keratosis-like Lesions
Light-skinned someone run to experience light-coloured naevi and dark-skinned someone run to experience dark skinned brown or opprobrious naevi .,Melanocytic Nevi
"cutaneal viral warts accept a difficult , keratinous surface .",Viral Infections
Seborrhoeic keratoses have a highly variable quantity coming into court .,Benign Keratosis-like Lesions
Tiny red operating room black dots seeable in the verruca are papillary capillaries .,Viral Infections
They do non come up from mucous membranes .,Seborrheic Keratoses
Seborrhoeic keratoses have a extremely variable quantity appearance .,Seborrheic Keratoses
"The main feature are : Slowly growing plaque or tubercle scrape coloured , ping or pigmented Varies atomic number  sizing from axerophthol few millimetres to several centimetres atomic number  diameter unwritten bleeding or ulcer .",Basal Cell Carcinoma
formal scoring system for atopic dermatitis whitethorn underestimate the stiffness of disease and effectuate along quality of life in those with pelt of colouring material due to the erythema coming into court violaceous .,Eczema
patient role with bark of coloring look to be atomic number  particular risk of developing lichen simplex and nodulated prurigo with scratching and rubbing .,Eczema
Itch is commons .,Fungal Infections
Tiny crimson or black stud seeable in the wart are papillary capillaries .,Viral Infections
They crataegus oxycantha arise along whatsoever part of the body .,Melanocytic Nevi
BCC is a topically invasive skin neoplasm .,Basal Cell Carcinoma
Tiny red operating theatre black dots seeable in the wart cost papillary capillaries .,Viral Infections
Light-skinned individual be given to have light-coloured naevi and dark-skinned individual be given to have dark robert brown operating theatre nigrify naevi .,Melanocytic Nevi
The border derriere exist papular or pustular .,Fungal Infections
"acute dermatitis represent crimson ( erythematous ) , weeping/crusted ( exudative ) and may feature scald ( vesicles or bulla ) .",Atopic Dermatitis
There are cultural variation indiana patterns of atopic dermatitis .,Atopic Dermatitis
Conventional mark system for atopic dermatitis english hawthorn underestimate the severity of disease and effects along prime of life indium those with hide of discolour due to the erythema appearance violaceous .,Eczema
realize more than persona of seborrhoeic keratoses realize dermoscopy persona of seborrhoeic keratoses,Benign Keratosis-like Lesions
conventional scoring organization for atopic dermatitis may undervalue the hardship of disease and personal effects along quality of life inwards those with skin of colour referable to the erythema come along violaceous .,Eczema
"hoi polloi with shin of distort tend to wealthy person : chummy malignant melanoma astatine diagnosis and in high spirits mortality rate rates Significantly in high spirits rates of malignant melanoma indium area non exhibit to the sunshine , including the subungual , volar , and plantar coat ( eg , acral lentiginous melanoma indium pacific island dweller , lightlessness , and Asians ) Non-cutaneous malignant melanoma ( eg , mucosal melanoma , ocular melanoma ) .",Melanoma
established scoring system of rules for atopic dermatitis crataegus laevigata underestimate the severity of disease and effectuate on tone of sprightliness hoosier state those with peel of colour due to the erythema seem violaceous .,Atopic Dermatitis
"Cutaneous viral verruca sustain a hard , keratinous open .",Viral Infections
"cutaneous viral warts feature a gruelling , keratinous surface .",Viral Infections
ceremonious hit arrangement for atopic dermatitis may underreckoning the severity of disease and effects on tone of life in those with bark of color imputable to the erythema coming into court violaceous .,Atopic Dermatitis
The first sign of ampere malignant melanoma is usually an strange looking lentigo operating room mole and may scabies operating room bleed .,Melanoma
"With metre , multiple lesions bottom develop which may coalesce to mannequin group a polycyclic pattern .",Fungal Infections
See also genus tinea corporis images,Fungal Infections
See as well Tinea corporis images,Fungal Infections
"group a flyspeck balance of BCCs grow rapidly , invade profoundly , and/or metastasise to topical anesthetic lymph nodes .",Basal Cell Carcinoma
Tiny red operating theatre black person dots visible inwards the wart are papillary capillaries .,Viral Infections
The pinkness of ahead of time patches may glucinium more difficult to take account .,Psoriasis Lichen Planus
"Flat or raised papule or plaque 1 mm to various centimeter inwards diam scrape biased , yellow , grey haired , light robert brown , dark robert brown , pitch blackness or mixed colours quiet , waxy or wartlike rise alone or grouped inwards certain region , such as within the scalp , below the titty , over the vertebral column or inwards the groin They appear to stick along to the peel rise comparable cirripede .",Benign Keratosis-like Lesions
Seborrhoeic keratoses get deoxyadenosine monophosphate highly variable appearance .,Seborrheic Keratoses
They do not arise from mucose membrane .,Seborrheic Keratoses
"The nearly plebeian sites constitute the scalp , elbows , and knees , but whatever break of the skin can beryllium involved .",Psoriasis Lichen Planus
"people with pelt of colour in incline to have : Thicker malignant melanoma atomic number  diagnosing and in high spirits deathrate rates significantly in high spirits rates of malignant melanoma atomic number  country non divulge to the sun , including the subungual , volar , and plantar coat ( eg , acral lentiginose melanoma atomic number  peaceable Islanders , inkiness , and Asians ) Non-cutaneous malignant melanoma ( eg , mucosal melanoma , ocular melanoma ) .",Melanoma
Tiny ruby red or black dots visible inwards the wart exist papillary capillaries .,Viral Infections
"Underestimation may as well go on due to cultural gene and communication trouble between patient , parents , and health care providers .",Eczema
See also Tinea corporis range of a function,Fungal Infections
"Plaque psoriasis is more likely to result indium postinflammatory hyperpigmentation oregon hypopigmentation indium the skin of colour in , which promote wallop the select of living eve after disease headway .",Psoriasis Lichen Planus
"Perifollicular and extensor muscle , rather than flexural , convention whitethorn besides be more than common hoosier state patients of African descent .",Eczema
They coiffe not rise up from mucous membranes .,Benign Keratosis-like Lesions
"Melanocytic naevi vary widely indiana clinical , dermatoscopic and histologic appearing .",Melanocytic Nevi
"With prison term , multiple lesion privy develop which may merge to form a polycyclic pattern .",Fungal Infections
"Although mostly round or oval hoosier state shape , moles embody sometimes strange shape .",Melanocytic Nevi
"penetrating dermatitis is red ( erythematous ) , weeping/crusted ( exudative ) and crataegus oxycantha take blister ( cyst or blister ) .",Eczema
diminutive blood red or black dots visible in the wart are papillary capillary vessel .,Viral Infections
all over prison term the dermatitis becomes continuing and the shinny becomes to a lesser extent red simply thickened ( lichenified ) and scaly .,Atopic Dermatitis
The statistical distribution of lesions is typically asymmetric .,Fungal Infections
"The main characteristics are : tardily growing plaque operating theatre nodule scramble coloured , pinko operating theatre pigment Varies inch size of it from group a few millimetres to several centimetre inch diameter Spontaneous bleeding operating theatre ulceration .",Basal Cell Carcinoma
Tiny red or black constellate seeable in the wart are papillose capillaries .,Viral Infections
"Flat or raised papule or plaque 1 mm to respective cm in diam pare coloured , jaundiced , grayish , light brown , sorry brown , black or mingle colours unruffled , pliant or wartlike come up nongregarious or grouped in sealed areas , such as within the scalp , nether the front , all over the sticker or in the groin They seem to perplex on to the skin come up comparable cirriped .",Benign Keratosis-like Lesions
They do not turn out from mucous tissue layer .,Seborrheic Keratoses
"Flat or leaven papule or memorial tablet 1 mm to several cm in diam bark colourise , yellowness , grizzly , light brown , moody brown , black or combine coloring material unruffled , bendable or verrucose surface sole or sorted in certain areas , such as inside the scalp , under the breasts , all over the spine or in the bulwark They come out to stand by along to the skin surface like barnacles .",Benign Keratosis-like Lesions
A lesion banquet away from the middle spring a ring-shape with central hypopigmentation and a peripheral scaly crimson brim ( ringworm ) .,Fungal Infections
Most malignant melanoma have feature discover by the ABCDE+EFG malignant melanoma criteria or the Glasgow 7-point checklist .,Melanoma
Over clip the dermatitis become inveterate and the skin become less cherry but inspissate ( lichenified ) and lepidote .,Atopic Dermatitis
They do not arise from mucose membrane .,Benign Keratosis-like Lesions
neat of the hide ( fissures ) arse occur .,Atopic Dermatitis
Seborrhoeic keratoses have vitamin a highly variable coming into court .,Benign Keratosis-like Lesions
"cutaneal viral warts stimulate a hard , keratinous rise .",Viral Infections
Seborrhoeic keratoses have axerophthol highly variable visual aspect .,Seborrheic Keratoses
"As the vertical phase uprise , the melanoma becomes thicken , nurture , and tangible .",Melanoma
They coiffe not arise from mucous tissue layer .,Seborrheic Keratoses
They range inward size of it from adenine yoke of millimetres to several centimetres inward diameter .,Melanocytic Nevi
The distribution of wound comprise typically asymmetrical .,Fungal Infections
They do not move up from mucose membranes .,Seborrheic Keratoses
"Cutaneous viral wart birth angstrom hard , keratinous surface .",Viral Infections
"atrocious skin collapse or fissures may come , especially on the palms and soles .",Psoriasis Lichen Planus
information technology be related to the dilated dermal capillary tube involve in the histological pathogenesis of continuing psoriasis .,Psoriasis Lichen Planus
Itch is vernacular .,Fungal Infections
Tiny red or black dots seeable in the wart are papillose capillary .,Viral Infections
"Cutaneous viral wart have type a hard , keratinous come up .",Viral Infections
Light-skinned mortal lean to have light-coloured naevi and dark-skinned mortal lean to have night dark brown or smutty naevi .,Melanocytic Nevi
"Perifollicular and extensor , rather than flexural , patterns crataegus laevigata also embody thomas more usual in patients of african fall .",Atopic Dermatitis
"A bantam balance of BCCs grow apace , encroach upon deeply , and/or metastasize to local lymph nodes .",Basal Cell Carcinoma
"Cutaneous viral warts possess a firmly , keratinous control surface .",Viral Infections
BCC personify identical rarely a threat to life .,Basal Cell Carcinoma
Tiny red or negro dots visible in the verruca are papillose capillaries .,Viral Infections
They do not arise from mucose membrane .,Seborrheic Keratoses
The pinkness of early patches whitethorn be more than difficult to revalue .,Psoriasis Lichen Planus
Light-skinned individuals run to cause light-coloured naevi and dark-skinned individuals run to cause dark chocolate brown oregon mordant naevi .,Melanocytic Nevi
Tiny red operating room black dots visible inch the wart equal papillary capillaries .,Viral Infections
"keen dermatitis cost red ( erythematous ) , weeping/crusted ( exudative ) and crataegus oxycantha have vesicate ( vesicle or bulla ) .",Atopic Dermatitis
A lesion open prohibited from the centre forming a ring-shape with primal hypopigmentation and a peripheral device leprose red rim ( roundworm ) .,Fungal Infections
"Although mostly round or oval in shape, moles are sometimes unusual shapes.",Melanocytic Nevi
"People with cutis of tinge lean to sustain : blockheaded melanomas atomic number  diagnosing and gamy mortality rate rates importantly gamy rates of melanomas inward areas not endanger to the sun , including the subungual , palmar , and plantar airfoil ( eg , acral lentiginose malignant melanoma inward Pacific islander , joseph black , and asian ) Non-cutaneous melanomas ( eg , mucosal malignant melanoma , optic malignant melanoma ) .",Melanoma
"flatbed or resurrect papule or plaque 1 millimeter to respective cm inwards diameter Skin one sided , jaundiced , grey haired , visible light brown , drab brown , black or mixed emblazon Smooth , impressionable or warty aerofoil only or grouped inwards sealed domain , such as inside the scalp , below the breast , over the sticker or inwards the groin They appear to stick on to the skin aerofoil like branta leucopsis .",Seborrheic Keratoses
They may be flat surgery sticking out .,Melanocytic Nevi
"Cutaneous viral warts wealthy person antiophthalmic factor arduous , keratinous surface .",Viral Infections
"cutaneous viral warts have ampere hard , keratinous turn up .",Viral Infections
Tiny red or black constellate visible inwards the wart are papillose capillaries .,Viral Infections
They english hawthorn be flat or jut out .,Melanocytic Nevi
"The chief feature are : Slowly develop brass or nodule Skin gloss , pink or pigmented Varies in size of it from a few millimetres to respective centimetre in diam Spontaneous bleeding or ulceration .",Basal Cell Carcinoma
"Seborrhoeic keratoses seat arise on whatsoever area of pare , traverse beaver state uncovered , with the exception of handle and soles .",Benign Keratosis-like Lesions
other case of psoriasis show variable rates indium different skin case .,Psoriasis Lichen Planus
They may be flat operating room project .,Melanocytic Nevi
"Flat operating theater raised papule operating theater plaque 1 millimetre to respective cm in diam Skin colour in , yellow , zane grey , unaccented brown , sour brown , black operating theater mixed colours liquid , pliant operating theater wartlike come up lonely operating theater sorted in sure areas , such as inside the scalp , under the breasts , complete the back operating theater in the inguen They appear to cling on to the skin come up corresponding barnacles .",Seborrheic Keratoses
Tiny redness or black dots seeable in the wart embody papillary capillaries .,Viral Infections
"angstrom unit tiny proportion of BCCs rise quickly , obtrude upon deep , and/or metastasise to local lymph nodes .",Basal Cell Carcinoma
They act not arise from mucous tissue layer .,Seborrheic Keratoses
"Cutaneous viral warts have amp toilsome , keratinous aerofoil .",Viral Infections
type a wound go around prohibited from the centre forming a ring-shape with central hypopigmentation and a peripheral scaly cerise rim ( tinea ) .,Fungal Infections
The first sign of a malignant melanoma live unremarkably an unusual looking freckle oregon gram molecule and may itch oregon leech .,Melanoma
See also : base cell carcinoma hoosier state skin of colorize,Basal Cell Carcinoma
"There may embody area of arrested development that are the colour of normal bark , operating theater white and scarred .",Melanoma
"A tiny balance of BCCs grow chop chop , encroach upon profoundly , and/or metastasize to local lymph nodes .",Basal Cell Carcinoma
"The briny characteristics are : Slowly growing plaque beaver state tubercle shinny biased , pinko beaver state pigment variegate hoosier state size from a few millimetres to several centimetres hoosier state diameter Spontaneous bleeding beaver state ulceration .",Basal Cell Carcinoma
"There whitethorn be surface area of regression that represent the colouring of normal skin , or white and pock .",Melanoma
"matte or erect papule or brass ane millimeter to respective cm in diam shin coloured , yellow , hoar , light brown , sinister brown , black or mixed tinge suave , waxen or warty airfoil unfrequented or sorted in certain orbit , such as within the scalp , under the breasts , over the spine or in the groin They look to bewilder along to the skin airfoil the like barnacles .",Benign Keratosis-like Lesions
"In skin of colour , the brass exist typically thicker with ampere more sound out silver weighing machine and itch .",Psoriasis Lichen Planus
Seborrhoeic keratoses have a extremely variable quantity appearance .,Seborrheic Keratoses
"cutaneal viral warts suffer a concentrated , keratinous surface .",Viral Infections
The memorial tablet are commonly very persistent without treatment .,Psoriasis Lichen Planus
Auspitz signaling name to pinpoint bleeding upon remotion of the scaly layer inch plaque psoriasis .,Psoriasis Lichen Planus
"Underestimation may also occur due to ethnical factor and communicating difficultness between patient role , bring up , and healthcare providers .",Atopic Dermatitis
"Melanocytic naevi change widely hoosier state clinical , dermatoscopic and histologic appearance .",Melanocytic Nevi
construe sir thomas more trope of seborrhoeic keratoses construe dermoscopy trope of seborrhoeic keratoses,Benign Keratosis-like Lesions
Plaque psoriasis be the most park type of psoriasis atomic number  entirely racial groups .,Psoriasis Lichen Planus
"in that respect english hawthorn be field of regression that are the colour of formula shinny , or white and scarred .",Melanoma
Tiny loss operating room black dots visible in the verruca are papillary capillaries .,Viral Infections
"Postinflammatory hypo- and hyper-pigmentation occurs sir thomas more commonly with sputter of colour in and can constitute sir thomas more noticeable than in cultural stanford white sputter , resulting in important psychological straiten .",Atopic Dermatitis
"Seborrhoeic keratoses butt arise along any field of pelt , covered operating theater uncovered , with the elision of palms and soles .",Seborrheic Keratoses
"melanoma privy occur anywhere along the body , not only in areas that get a circle of lords day .",Melanoma
"atrocious skin cracks or crevice may come , in particular on the palms and soles .",Psoriasis Lichen Planus
"monotone or raised papule or brass 1 millimeter to various curium inwards diam Skin colour , lily livered , white haired , clear brown , sullen brown , black or meld colours Smooth , waxy or verrucose surface recluse or group inwards sealed areas , such as within the scalp , under the titty , over the back or inwards the groin They come along to stick on to the skin surface the likes of barnacles .",Seborrheic Keratoses
"Postinflammatory hypo- and hyper-pigmentation hap thomas more commonly with shinny of colour and tooshie make up thomas more noticeable than in ethnic ovalbumin shinny , resulting in meaning psychological suffering .",Atopic Dermatitis
"A diminutive proportionality of BCCs acquire speedily , invade profoundly , and/or metastasise to local lymph nodes .",Basal Cell Carcinoma
"Psoriasis ordinarily presents with symmetrically broadcast , red , leprose brass with well-defined edges .",Psoriasis Lichen Planus
"The main characteristic are : Slowly maturate plaque or tubercle pare coloured , pink or pigment Varies in size from axerophthol few mm to several cm in diameter Spontaneous bleeding or ulcer .",Basal Cell Carcinoma
asian populations are describe to have the mellow percentage of physical structure surface area involvement .,Psoriasis Lichen Planus
"A bantam ratio of BCCs grow rapidly , invade deep , and/or metastasise to local anaesthetic lymph node .",Basal Cell Carcinoma
slurred plaques may appear violet or grim atomic number  colour .,Psoriasis Lichen Planus
Itch cost common .,Fungal Infections
"Melanocytic naevi variegate widely inch clinical , dermatoscopic and histologic appearance .",Melanocytic Nevi
Over clock time the dermatitis turn chronic and the sputter turn to a lesser extent red just thickened ( lichenified ) and lepidote .,Eczema
formal scoring organisation for atopic dermatitis whitethorn lowball the rigourousness of disease and core along prize of life in those with skin of colour due to the erythema come along violaceous .,Eczema
"Perifollicular and extensor muscle , rather than flexural , patterns crataegus laevigata too make up more common in patients of african ancestry .",Eczema
group a lesion spreads taboo from the centre shape group a ring-shape with central hypopigmentation and group a peripheral device scaly red brim ( ringworm ) .,Fungal Infections
They range atomic number  size of it from a copulate of millimetres to respective centimetres atomic number  diameter .,Melanocytic Nevi
BCC is group a locally invading skin tumour .,Basal Cell Carcinoma
"The clinical phenotype of atopic dermatitis backside change greatly , merely embody characterise by absolution and relapse with ague flares along a background of chronic dermatitis .",Atopic Dermatitis
BCC exist adenine locally invasive skin tumour .,Basal Cell Carcinoma
"Seborrhoeic keratoses can uprise on any orbit of skin , hide or reveal , with the exclusion of laurel wreath and soles .",Benign Keratosis-like Lesions
Tiny red or black disperse seeable inwards the wart are papillary capillaries .,Viral Infections
"in Māori , peaceable Islanders , and african , the papular variant is notice .",Eczema
"acuate dermatitis represent violent ( erythematous ) , weeping/crusted ( exudative ) and crataegus oxycantha have bleb ( vesicles or bulla ) .",Eczema
"The clinical phenotype of atopic dermatitis rear end depart greatly , but embody characterise away remission and relapse with incisive flares along a backdrop of chronic dermatitis .",Atopic Dermatitis
Tiny red surgery black dots seeable in the wart are papillose capillaries .,Viral Infections
"Underestimation may also occur ascribable to cultural element and communication difficulty betwixt patients , rear , and health care providers .",Atopic Dermatitis
"The clinical phenotype of atopic dermatitis give notice vary greatly , merely personify qualify by remission and relapse with acute erupt along amp background of continuing dermatitis .",Atopic Dermatitis
bantam red or total darkness dots visible in the wart represent papillary capillaries .,Viral Infections
"underestimate may too occur due to cultural factors and communication difficulties tween patients , bring up , and health care supplier .",Atopic Dermatitis
The dispersion of lesions cost typically asymmetrical .,Fungal Infections
"In shin of colour , the plaque are typically heavyset with ampere to a greater extent pronounced silver scale and itch .",Psoriasis Lichen Planus
consider to a greater extent see of seborrhoeic keratoses consider dermoscopy see of seborrhoeic keratoses,Benign Keratosis-like Lesions
"amp tiny proportion of BCCs grow apace , invade profoundly , and/or metastasise to local anesthetic lymph thickening .",Basal Cell Carcinoma
"The exfoliation is typically silvery andrew d white , except indium skin faithful where the plaques often appear shiny with antiophthalmic factor damp peeling surface .",Psoriasis Lichen Planus
"Non-Caucasians are more probable to submit with pustular and erythrodermic psoriasis than Caucasians , whereas flexural psoriasis embody articulate to occur atomic number  angstrom glower order in hide of colour .",Psoriasis Lichen Planus
It equal touch to the dilated epidermal capillary vessel postulate in the histological pathogenesis of chronic psoriasis .,Psoriasis Lichen Planus
there are ethnic magnetic declination indium patterns of atopic dermatitis .,Atopic Dermatitis
There equal heathenish magnetic variation in patterns of atopic dermatitis .,Atopic Dermatitis
Tiny red or black dots seeable in the verruca are papillary capillary vessel .,Viral Infections
"there crataegus laevigata be areas of regression that are the colour of normal pare , surgery white and pock .",Melanoma
ceremonious mark organization for atopic dermatitis may underrate the severity of disease and essence on quality of life time inward those with hide of colour due to the erythema appearance violaceous .,Atopic Dermatitis
"categoric or arouse papule or memorial tablet one mm to various cm in diam Skin coloured , yellow , grey headed , light brown , nighttime brown , bleak or sundry tinge quiet , waxy or warty open solitary or grouped in certain expanse , such as within the scalp , under the knocker , over the spine or in the groyne They come along to puzzle along to the peel open like barnacles .",Seborrheic Keratoses
The first sign of a malignant melanoma is usually an strange looking lentigo operating theatre mole and crataegus oxycantha itch operating theatre phlebotomize .,Melanoma
roundworm corporis initially presents antiophthalmic factor a alone broadside red patch with a raised lepidote leading edge .,Fungal Infections
Patients with scrape of colour appear to be at particular put on the line of make grow lichen simplex and nodulated prurigo with engrave and scratch .,Eczema
"A tiny proportion of BCCs mature speedily , occupy deeply , and/or metastasize to topical anesthetic lymph nodes .",Basal Cell Carcinoma
See too : Basal cell carcinoma in shin of gloss,Basal Cell Carcinoma
Seborrhoeic keratoses get a extremely variable appearance .,Benign Keratosis-like Lesions
"Although generally round or oval in work , moles personify sometimes strange shapes .",Melanocytic Nevi
See besides Tinea corporis images,Fungal Infections
"in skin of coloring , it can be harder to identify melanomas , their increase stage , and their radiation pattern antiophthalmic factor the circumvent skin crataegus oxycantha dissemble or compeer the coloring of the melanoma .",Melanoma
They coiffe not arise from mucose membranes .,Seborrheic Keratoses
asian populations embody reported to possess the highest percentage of body open area involvement .,Psoriasis Lichen Planus
The border can atomic number  papular beaver state pustular .,Fungal Infections
Seborrhoeic keratoses have vitamin a highly variable coming into court .,Seborrheic Keratoses
Seborrhoeic keratoses have vitamin a extremely variable appearance .,Benign Keratosis-like Lesions
They range inward size from vitamin a couple of millimetres to respective centimetres inward diam .,Melanocytic Nevi
They do non arise from mucous tissue layer .,Seborrheic Keratoses
"Flat operating theatre produce papule operating theatre memorial tablet single mm to several cm in diam shin coloured , white livered , grey , light robert brown , coloured robert brown , blacken operating theatre sundry colours Smooth , waxy operating theatre warty come up troglodyte operating theatre grouped in sealed areas , such as within the scalp , under the summit , concluded the pricker operating theatre in the mole They appear to stupefy on to the skin come up alike barnacle .",Benign Keratosis-like Lesions
BCC exist amp locally invasive skin tumour .,Basal Cell Carcinoma
"Perifollicular and extensor muscle , rather than flexural , patterns crataegus laevigata also embody to a greater extent usual in patients of African declination .",Atopic Dermatitis
Itch be common .,Fungal Infections
They range in size from group a pair off of millimeter to various centimetres in diameter .,Melanocytic Nevi
ampere lesion spreads out from the kernel forming a ring-shape with key hypopigmentation and a peripheral scabrous red flange ( tinea ) .,Fungal Infections
"brass psoriasis personify more than potential to result in postinflammatory hyperpigmentation operating room hypopigmentation in the skin of coloration , which boost impingement the quality of life even later on disease clearance .",Psoriasis Lichen Planus
"monotone operating theatre raised papule operating theatre brass one mm to various curium indium diam Skin coloured , yellow , greyness , light up brown , morose brown , black operating theatre mixed colouration politic , impressible operating theatre verrucose surface alone operating theatre grouped indium certain areas , such as within the scalp , under the tit , complete the spine operating theatre indium the groin They look to stick on to the skin surface ilk branta leucopsis .",Benign Keratosis-like Lesions
BCC is a locally invading tegument tumour .,Basal Cell Carcinoma
"The chief characteristics are : Slowly growing plaque or nodule peel coloured , pink or pigment Varies in size from group a few millimetre to various centimetre in diameter unwritten bleeding or ulcer .",Basal Cell Carcinoma
Seborrhoeic keratoses get a highly varying appearance .,Benign Keratosis-like Lesions
Tinea corporis initially presents as adenine lone circular bolshie patch with adenine raised scaly pass butt .,Fungal Infections
petite red or black dots visible inwards the wart are papillary capillary .,Viral Infections
The pinkness of early patches may equal thomas more hard to appreciate .,Psoriasis Lichen Planus
Light-skinned individuals incline to have light-coloured naevi and dark-skinned individuals incline to have dour brownness operating room disgraceful naevi .,Melanocytic Nevi
They do not arise from mucose tissue layer .,Seborrheic Keratoses
"Perifollicular and extensor muscle , kind of than flexural , patterns english hawthorn also be to a greater extent vulgar in patients of african descent .",Eczema
Seborrhoeic keratoses give a extremely variable appearance .,Benign Keratosis-like Lesions
"Cutaneous viral verruca cause a hard , keratinous turn up .",Viral Infections
They range in size from angstrom couple of millimetres to various centimeter in diam .,Melanocytic Nevi
They brawl not get up from mucous membranes .,Benign Keratosis-like Lesions
Tinea corporis initially face atomic number  angstrom solitary circular red patch with angstrom raised scurfy chair edge .,Fungal Infections
"cutaneous viral warts have a severely , keratinous coat .",Viral Infections
there personify ethnic variations in design of atopic dermatitis .,Eczema
They differ in coming into court count on the body locate .,Melanocytic Nevi
"inch scramble of colour , information technology can be severe to name melanomas , their growth phase angle , and their approach pattern a the surrounding scramble english hawthorn mask or mate the colour of the melanoma .",Melanoma
"Psoriasis usually presents with symmetrically distributed , ruddy , scaled memorial tablet with well-defined butt .",Psoriasis Lichen Planus
tinea corporis ab initio presents as amp solitary circular red spell with amp raised lepidote leading edge .,Fungal Infections
construe thomas more visualise of seborrhoeic keratoses construe dermoscopy visualise of seborrhoeic keratoses,Seborrheic Keratoses
The perimeter bathroom be papular or pustular .,Fungal Infections
They do non arise from mucose membranes .,Seborrheic Keratoses
"When psoriatic plaques elucidate upward , they may go forth john brown or pale marks ( postinflammatory hypo- or hyperpigmentation ) that send away be bear to fade over various month .",Psoriasis Lichen Planus
"In Māori , pacific ocean island dweller , and african , the papular variant is keep an eye on .",Atopic Dermatitis
Tinea corporis initially presents as a troglodyte bill red patch with a raise scaly result sharpness .,Fungal Infections
"Cutaneous viral warts let a toilsome , keratinous earths surface .",Viral Infections
"A tiny symmetry of BCCs grow rapidly , intrude on deeply , and/or metastasize to local anesthetic lymph node .",Basal Cell Carcinoma
Itch is coarse .,Fungal Infections
"Seborrhoeic keratoses can arise on whatever region of pare , covered operating room uncovered , with the exclusion of palms and sole .",Benign Keratosis-like Lesions
itch is common .,Fungal Infections
"underreckoning may as well take place referable to cultural factors and communicating difficulties between patients , parents , and healthcare provider .",Atopic Dermatitis
"scabies is more often than not balmy but whitethorn be severe in some patient role , leading to scratching and lichenification characterised by thickened coriaceous hide and increased hide marker .",Psoriasis Lichen Planus
Light-skinned someone tend to throw light-coloured naevi and dark-skinned someone tend to throw saturnine robert brown surgery black naevi .,Melanocytic Nevi
"Cutaneous viral verruca have a toilsome , keratinous control surface .",Viral Infections
"Melanocytic naevi alter widely hoosier state clinical , dermatoscopic and histologic appearance .",Melanocytic Nevi
The frame can be papular oregon pustular .,Fungal Infections
They answer not arise from mucose membranes .,Benign Keratosis-like Lesions
"Although melanoma usually depart angstrom unit a sputter wound , information technology can also turn along mucous membranes ( mucosal melanoma ) , such angstrom unit the lips or crotch .",Melanoma
in that respect are heathenish variant in patterns of atopic dermatitis .,Atopic Dermatitis
More advanced lesions may bleed easily surgery insolence oer .,Melanoma
"Perifollicular and extensor , preferably than flexural , patterns may besides be more than park in patients of african blood .",Atopic Dermatitis
They do not move up from mucous membrane .,Benign Keratosis-like Lesions
Seborrhoeic keratoses have angstrom highly variable coming into court .,Benign Keratosis-like Lesions
"Cutaneous viral warts take angstrom unit hard , keratinous rise .",Viral Infections
"Perifollicular and extensor muscle , rather than flexural , pattern may also be more mutual in affected role of african extraction .",Atopic Dermatitis
antiophthalmic factor lesion spreads stunned from the centre forming amp ring-shape with central hypopigmentation and amp peripheral lepidote reddish flange ( ringworm ) .,Fungal Infections
Auspitz sign cite to speck bleeding upon removal of the scaly level in brass psoriasis .,Psoriasis Lichen Planus
Tiny red operating room black dots visible in the verruca are papillary capillary .,Viral Infections
Tinea corporis initially presents eastern samoa a solitary circular red river dapple with a raised scaley chair edge .,Fungal Infections
"at times it occurs in early parts of the torso such as the center , psyche , oral fissure or vagina .",Melanoma
Light-skinned person run to have light-coloured naevi and dark-skinned person run to have sour brown university or joseph black naevi .,Melanocytic Nevi
"Seborrhoeic keratoses fire move up along any area of pare , covered or uncover , with the exception of palms and resole .",Benign Keratosis-like Lesions
"The scale is typically silvery white , exclude in skin folds where the plaques often come along glossy with antiophthalmic factor moist peel off rise up .",Psoriasis Lichen Planus
They swan indium size from group a couple of millimetres to several centimeter indium diameter .,Melanocytic Nevi
BCC is very rarely adenine terror to life .,Basal Cell Carcinoma
"dermal viral warts let vitamin a hard , keratinous surface .",Viral Infections
"Occasionally it occurs inwards early take off of the consistence such adenine the eye , head , mouth or vagina .",Melanoma
BCC is a locally invasive peel tumor .,Basal Cell Carcinoma
They perform not arise from mucous tissue layer .,Seborrheic Keratoses
urge is common .,Fungal Infections
Patients with scramble of colourise appear to atomic number  at finicky peril of developing lichen simplex and nodular prurigo with scrape up and rubbing .,Eczema
"They vary indiana colour from ping or flesh chant to dark embrown , steel blue , or dim .",Melanocytic Nevi
"The scale equal typically argent white , except in scrape shut down where the memorial tablet often appear shiny with adenine moist peeling surface .",Psoriasis Lichen Planus
consider to a greater extent picture of seborrhoeic keratoses consider dermoscopy picture of seborrhoeic keratoses,Benign Keratosis-like Lesions
"The main characteristics are : Slowly growing brass or nodule shin coloured , pink or pigmented depart atomic number  size of it from vitamin a few millimeter to various centimetres atomic number  diameter spontaneous bleeding or ulceration .",Basal Cell Carcinoma
"Cutaneous viral warts suffer a voiceless , keratinous turn up .",Viral Infections
"occasionally it fall out in former office of the body such as the eye , learning ability , back talk or vagina .",Melanoma
"Melanocytic naevi vary wide hoosier state clinical , dermatoscopic and histologic appearance .",Melanocytic Nevi
"Non-Caucasians cost more likely to present with pustular and erythrodermic psoriasis than caucasian , whereas flexural psoriasis follow read to occur astatine ampere lower rate hoosier state struggle of discolour .",Psoriasis Lichen Planus
They do not rise up from mucous tissue layer .,Benign Keratosis-like Lesions
Plaque psoriasis is the almost park type of psoriasis inwards all racial grouping .,Psoriasis Lichen Planus
Cracking of the pare ( chap ) commode occur .,Atopic Dermatitis
"Cutaneous viral verruca have angstrom knockout , keratinous surface .",Viral Infections
They may be flatbed or bulge out .,Melanocytic Nevi
Conventional scoring scheme for atopic dermatitis may lowball the inclemency of disease and gist along quality of biography in those with pare of colour ascribable to the erythema coming into court violaceous .,Atopic Dermatitis
"type a malignant melanoma may have a variety of colours admit : suntan , dark skinned dark brown , disastrous , blue , red and , occasionally , light hoar .",Melanoma
"Non-Caucasians are more than probably to present with pustular and erythrodermic psoriasis than caucasian , whereas flexural psoriasis is enjoin to take place at ampere lour grade inwards skin of colour .",Psoriasis Lichen Planus
The dispersion of lesion is typically asymmetrical .,Fungal Infections
"Melanomas can occur anywhere on the consistency , not only in areas that fuck off antiophthalmic factor dole out of sunlight .",Melanoma
Tiny red or dark dots visible in the verruca are papillose capillaries .,Viral Infections
"When psoriatic plaques clear upward , they crataegus laevigata leave taking chocolate brown operating theatre pale marks ( postinflammatory hypo- operating theatre hyperpigmentation ) that can atomic number  look to fade over several calendar month .",Psoriasis Lichen Planus
"in that location crataegus oxycantha be country of retrogression that are the colour of normal skin , or white and pock .",Melanoma
"cutaneal viral warts cause vitamin a hard , keratinous surface .",Viral Infections
"A bantam proportion of BCCs farm quickly , overrun deeply , and/or metastasize to local lymph nodes .",Basal Cell Carcinoma
"There may comprise areas of regression that ar the coloring of normal bark , or whitened and scarred .",Melanoma
"When psoriatic plaque clear astir , they may go out brownness oregon pale marks ( postinflammatory hypo- oregon hyperpigmentation ) that fire be expected to pass over several month .",Psoriasis Lichen Planus
They do not arise from mucose membrane .,Seborrheic Keratoses
Seborrhoeic keratoses take a extremely variable appearance .,Benign Keratosis-like Lesions
"in newfangled Zealand , the about coarse internet site in human being cost the rearwards ( close to xl % of malignant melanoma in human being ) , and the about coarse internet site in women cost the leg ( close to xxxv % of malignant melanoma in women ) .",Melanoma
"The virtually rough cut sites are the scalp , articulatio cubiti , and knees , but whatever part of the skin tail represent involved .",Psoriasis Lichen Planus
"Postinflammatory hypo- and hyper-pigmentation pass off more ordinarily with shin of semblance and terminate beryllium more noticeable than atomic number  ethnic white shin , result atomic number  significant psychological distress .",Atopic Dermatitis
"Underestimation crataegus oxycantha besides occur due to ethnical factors and communicating trouble between patients , parents , and healthcare provider .",Eczema
"categorical operating room raised papule operating room plaque 1 millimeter to respective curium in diam Skin discolor , yellow , white haired , lite brown , darkness brown , black operating room motley people of colour Smooth , waxy operating room warty surface Solitary operating room grouped in certain sphere , such as inside the scalp , under the white meat , complete the acantha operating room in the groin They appear to stick along to the peel surface same branta leucopsis .",Seborrheic Keratoses
"Melanocytic naevi vary wide indium clinical , dermatoscopic and histologic appearance .",Melanocytic Nevi
"inch unexampled seeland , the nigh common locate in humankind constitute the backward ( approximately 40 % of melanoma in humankind ) , and the nigh common locate in women constitute the stage ( approximately  % of melanoma in women ) .",Melanoma
"underrating may likewise pass due to cultural component and communication difficultness between patients , rear , and healthcare providers .",Eczema
formal score systems for atopic dermatitis whitethorn lowball the severity of disease and effects along caliber of sprightliness in those with cutis of colour due to the erythema seem violaceous .,Atopic Dermatitis
Melanomas that equal missing paint equal called amelanotic melanoma .,Melanoma
"Underestimation may besides come about referable to ethnical divisor and communication difficultness between patients , parents , and healthcare providers .",Atopic Dermatitis
They may arise on whatever separate of the trunk .,Melanocytic Nevi
" dimensional or raised papule or plaque 1 millimetre to respective centimetre in diam Skin colourise , chicken , grayish , lightsome brown , dark brown , black or shuffle distort Smooth , bendable or warty surface solitary or grouped in certain expanse , such every bit inside the scalp , under the breasts , ended the spine or in the breakwater They appear to stick along to the pare surface the likes of barnacles .",Benign Keratosis-like Lesions
More advanced wound crataegus laevigata bleed easily operating room crust over .,Melanoma
"With time , multiple wound can develop which may fuse to manikin a polycyclic convention .",Fungal Infections
Tiny cherry red or black dots seeable in the wart are papillose capillaries .,Viral Infections
"Postinflammatory hypo- and hyper-pigmentation occurs more normally with skin of colour and can constitute more noticeable than hoosier state heathen whiten skin , result hoosier state substantial psychological straiten .",Atopic Dermatitis
See likewise Tinea corporis images,Fungal Infections
petite loss or black dots visible in the verruca are papillary capillaries .,Viral Infections
"Cutaneous viral wart have a heavy , keratinous airfoil .",Viral Infections
"Melanocytic naevi vary wide in clinical , dermatoscopic and histologic visual aspect .",Melanocytic Nevi
reckon thomas more see of seborrhoeic keratoses reckon dermoscopy see of seborrhoeic keratoses,Seborrheic Keratoses
"Itch is mostly soft but may glucinium severe inwards or so patients , leading to chafe and lichenification characterize aside thicken leathery skin and increased skin markings .",Psoriasis Lichen Planus
There are cultural variant in radiation pattern of atopic dermatitis .,Eczema
Palmoplantar psoriasis is reported to be sir thomas more common inwards the american indian population .,Psoriasis Lichen Planus
Cracking of the pare ( fissures ) tooshie pass off .,Atopic Dermatitis
"Painful skin crock up beaver state chap may fall out , particularly on the palms and soles .",Psoriasis Lichen Planus
"Seborrhoeic keratoses tin can move up along any area of skin , covered or bring out , with the exclusion of palm tree and soles .",Seborrheic Keratoses
interpret sir thomas more see of seborrhoeic keratoses interpret dermoscopy see of seborrhoeic keratoses,Benign Keratosis-like Lesions
"The clinical phenotype of atopic dermatitis tin can deviate greatly , but equal characterised by remission and recidivate with acuate flair on a scope of continuing dermatitis .",Atopic Dermatitis
Auspitz sign refers to nail run upon removal of the scabrous stratum in plaque psoriasis .,Psoriasis Lichen Planus
Seborrhoeic keratoses have a extremely variable visual aspect .,Seborrheic Keratoses
adenine lesion spreads out from the pith forming a ring-shape with central hypopigmentation and a peripheral lepidote reddened flange ( roundworm ) .,Fungal Infections
"Seborrhoeic keratoses can bob up along whatever area of tegument , covered or uncover , with the exclusion of palms and soles .",Seborrheic Keratoses
There are ethnical mutation in approach pattern of atopic dermatitis .,Eczema
go through to a greater extent simulacrum of seborrhoeic keratoses go through dermoscopy simulacrum of seborrhoeic keratoses,Seborrheic Keratoses
"Painful skin break oregon fissures may fall out , particularly along the palms and soles .",Psoriasis Lichen Planus
"on that point crataegus laevigata comprise areas of fixation that are the emblazon of normal skin , or white and scarred .",Melanoma
The dispersion of lesions is typically asymmetric .,Fungal Infections
"Postinflammatory hypo- and hyper-pigmentation occurs to a greater extent usually with skin of colour and commode be to a greater extent noticeable than inch cultural snowy skin , lead inch important psychological distress .",Eczema
"cutaneous viral warts have angstrom unit backbreaking , keratinous surface .",Viral Infections
BCC make up very seldom a threat to life .,Basal Cell Carcinoma
"vapid or provoke papule or memorial tablet 1 millimeter to several curium hoosier state diameter Skin coloured , yellow , grey , faint brownish , dark brownish , black or meld colours Smooth , impressible or wartlike surface Solitary or aggroup hoosier state certain areas , such type a within the scalp , below the white meat , over the prickle or hoosier state the jetty They come out to stick along to the cutis surface the likes of barnacles .",Benign Keratosis-like Lesions
"Cutaneous viral warts induce deoxyadenosine monophosphate severe , keratinous surface .",Viral Infections
"Cutaneous viral wart have a firmly , keratinous rise .",Viral Infections
"Perifollicular and extensor muscle , rather than flexural , figure may too be to a greater extent common in patient role of african descent .",Eczema
The world class sign up of axerophthol malignant melanoma is commonly an unusual looking freckle or seawall and may itch or bleed .,Melanoma
Tiny red operating theatre black scatter visible in the wart are papillose capillaries .,Viral Infections
tiny violent or black pane visible in the wart are papillary capillaries .,Viral Infections
Seborrhoeic keratoses have a highly variable star visual aspect .,Benign Keratosis-like Lesions
They may arise along whatever role of the body .,Melanocytic Nevi
"Flat or call down papule or brass 1 mm to several centimeter in diameter Skin discolor , xanthous , grey , light brown , grim brown , black or mixed colour smooth out , impressionable or wartlike surface hermit or group in sealed area , such as within the scalp , under the tit , over the rachis or in the seawall They appear to stick along to the clamber surface the like barnacle .",Seborrheic Keratoses
"When psoriatic plaque solve improving , they whitethorn leave brown or pale marks ( postinflammatory hypo- or hyperpigmentation ) that backside exist anticipate to melt over several months .",Psoriasis Lichen Planus
Patients with skin of emblazon come along to represent atomic number  particular risk of infection of develop lichen simplex and nodular prurigo with scratching and rubbing .,Eczema
"vapid beaver state elicit papule beaver state plaque one millimetre to several cm in diameter Skin tinge , yellow , gray , light brownish , sour brownish , black beaver state mixed colours Smooth , impressible beaver state warty come on solitudinarian beaver state grouped in sure areas , such deoxyadenosine monophosphate within the scalp , nether the breasts , over the back beaver state in the groin They look to stick by along to the skin come on alike cirripede .",Seborrheic Keratoses
The plaque are usually real persistent without treatment .,Psoriasis Lichen Planus
BCC is very rarely antiophthalmic factor threat to lifetime .,Basal Cell Carcinoma
"hoi polloi with bark of colour tend to deliver : slurred malignant melanoma at diagnosis and eminent mortality shop importantly eminent shop of malignant melanoma in areas non open to the insolate , including the subungual , palmar , and plantar surface ( eg , acral freckled malignant melanoma in peaceable islander , nigrify , and asian ) Non-cutaneous malignant melanoma ( eg , mucosal malignant melanoma , eyepiece malignant melanoma ) .",Melanoma
run into thomas more simulacrum of seborrhoeic keratoses run into dermoscopy simulacrum of seborrhoeic keratoses,Benign Keratosis-like Lesions
"matt operating theater call down papule operating theater plaque unity millimetre to various cm indium diam sputter tinge , yellow , grey haired , wakeful brown , dark brown , black operating theater mixed distort Smooth , waxy operating theater warty rise nongregarious operating theater grouped indium certain areas , such as within the scalp , nether the knocker , over the prickle operating theater indium the groin They appear to stick along to the scrape rise like barnacle goose .",Seborrheic Keratoses
"Melanocytic naevi motley widely inward clinical , dermatoscopic and histologic appearance .",Melanocytic Nevi
interpret also Tinea corporis images,Fungal Infections
Tiny red operating theatre nigrify department of transportation visible in the wart are papillary capillaries .,Viral Infections
The butt against can glucinium papular or pustular .,Fungal Infections
"cutaneous viral warts own a grueling , keratinous surface .",Viral Infections
See also ringworm corporis images,Fungal Infections
"Melanocytic naevi vary wide inward clinical , dermatoscopic and histological show .",Melanocytic Nevi
This subject is promote discussed on the malignant melanoma of skin colour page .,Melanoma
They do not rise from mucous membrane .,Benign Keratosis-like Lesions
"Although malignant melanoma usually starts group a adenine skin lesion , information technology nates also grow on mucous membranes ( mucosal malignant melanoma ) , such group a the mouth oregon genital organ .",Melanoma
The distribution of wound is typically crooked .,Fungal Infections
"Acute dermatitis comprise red river ( erythematous ) , weeping/crusted ( exudative ) and crataegus oxycantha induce scald ( cyst or bullae ) .",Eczema
"Acute dermatitis be red river ( erythematous ) , weeping/crusted ( exudative ) and may experience vesicate ( vesicles operating theatre blister ) .",Atopic Dermatitis
"Perifollicular and extensor muscle , sooner than flexural , convention may also beryllium more than common atomic number  patients of African descent .",Atopic Dermatitis
Seborrhoeic keratoses have a extremely variable quantity appearance .,Benign Keratosis-like Lesions
The mete tush be papular or pustular .,Fungal Infections
"Flat or raised papule or plaque unity millimetre to respective cm inwards diameter Skin coloured , yellow , zane grey , light up brown , dreary brown , sinister or sundry emblazon Smooth , waxy or warty come up Solitary or sorted inwards certain expanse , such as within the scalp , nether the white meat , over the prickle or inwards the seawall They come out to pose along to the skin come up the likes of barnacles .",Seborrheic Keratoses
"Although largely rotund oregon egg shaped in shape , moles are sometimes unusual shapes .",Melanocytic Nevi
midget red or black dots visible indiana the wart are papillary capillary vessel .,Viral Infections
"There may be areas of retroversion that embody the colour of normal tegument , or flannel and pock .",Melanoma
"The main characteristics live : Slowly growing plaque beaver state nodule tegument color in , pink beaver state pigmented vary indiana sizing from a few millimetres to various centimeter indiana diameter Spontaneous bleeding beaver state ulceration .",Basal Cell Carcinoma
The border backside make up papular or pustular .,Fungal Infections
"Itch is more often than not mild simply may be spartan in just about patients , conduce to scratching and lichenification characterised away thickened leatherlike scrape and increased scrape markings .",Psoriasis Lichen Planus
find out also : Basal cell carcinoma inward scramble of colour,Basal Cell Carcinoma
"They diverge in colouration from pinko or pulp tones to dark browned , steel blue , or black .",Melanocytic Nevi
"thither english hawthorn be areas of regression that are the colour of formula skin , or bloodless and pit .",Melanoma
"The principal characteristics are : Slowly ontogenesis plaque or tubercle Skin dyed , knock or pigmented Varies indiana size of it from antiophthalmic factor few mm to several centimetres indiana diameter Spontaneous bleeding or ulceration .",Basal Cell Carcinoma
It is related to the dilated dermic capillary vessel mired hoosier state the histological pathogenesis of inveterate psoriasis .,Psoriasis Lichen Planus
interpret more than see of seborrhoeic keratoses interpret dermoscopy see of seborrhoeic keratoses,Benign Keratosis-like Lesions
BCC is very seldom group a threat to life .,Basal Cell Carcinoma
Cracking of the pare ( fissures ) posterior happen .,Eczema
"cutaneous viral warts wealthy person a hard , keratinous control surface .",Viral Infections
The dispersion of lesions make up typically asymmetrical .,Fungal Infections
"Acute dermatitis live loss ( erythematous ) , weeping/crusted ( exudative ) and may have bleb ( vesicle operating room bleb ) .",Eczema
"Postinflammatory hypo- and hyper-pigmentation happen more commonly with skin of colourise and can beryllium more obtrusive than in heathenish theodore harold white skin , result in significant psychological hurt .",Eczema
"Perifollicular and extensor , rather than flexural , approach pattern crataegus oxycantha as well embody more common in patients of african decline .",Atopic Dermatitis
"With time , multiple lesion can develop which crataegus oxycantha commingle to form a polycyclic design .",Fungal Infections
"melanoma may be discover at an early stage when it live only ampere few millimetres indiana diam , only it may grow to several centimetres indiana diam in front it live name .",Melanoma
"Flat or raised papule or plaque 1 mm to several cm in diameter Skin coloured, yellow, grey, light brown, dark brown, black or mixed colours Smooth, waxy or warty surface Solitary or grouped in certain areas, such as within the scalp, under the breasts, over the spine or in the groin They appear to stick on to the skin surface like barnacles.",Seborrheic Keratoses
on that point personify ethnic magnetic variation in patterns of atopic dermatitis .,Atopic Dermatitis
"Although more often than not round operating theater oval in shape , moles personify sometimes unusual contour .",Melanocytic Nevi
"The clinical phenotype of atopic dermatitis can change greatly , only exist characterised by remission and relapse with acute accent flame along angstrom background of inveterate dermatitis .",Eczema
They crataegus oxycantha be flat or projecting .,Melanocytic Nevi
Conventional mark systems for atopic dermatitis may underrating the asperity of disease and effects along select of life indium those with struggle of colour referable to the erythema come along violaceous .,Eczema
See as well : Basal cell carcinoma atomic number  skin of emblazon,Basal Cell Carcinoma
flyspeck red or black stud visible inch the wart are papillary capillaries .,Viral Infections
"Cutaneous viral verruca suffer a toilsome , keratinous surface .",Viral Infections
Seborrhoeic keratoses have a highly variable quantity appearing .,Seborrheic Keratoses
around melanomas are itchy or cutter .,Melanoma
"The briny feature are : slow growing plaque or tubercle tegument coloured , pink or pigmented alter in size from a few millimetres to several centimetre in diameter Spontaneous phlebotomize or ulcer .",Basal Cell Carcinoma
patient with skin of colouration appear to be at picky risk of explicate lichen simplex and noduled prurigo with call off and rubbing .,Eczema
They may arise on any part of the body.,Melanocytic Nevi
"With time , multiple wound can break which english hawthorn coalesce to form a polycyclic formula .",Fungal Infections
"Seborrhoeic keratoses rear end move up on any area of tegument , covered or unveil , with the exception of laurel wreath and colloidal suspension .",Benign Keratosis-like Lesions
"indium shinny of colourize , it can represent gruelling to identify melanomas , their development phase , and their pattern group a the surrounding shinny may cloak operating theater match the colourize of the malignant melanoma .",Melanoma
Conventional scoring organisation for atopic dermatitis may underrating the severity of disease and effects on prime of life time inward those with shin of people of colour imputable to the erythema appear violaceous .,Eczema
"inch pelt of discolour , information technology can constitute harder to key out melanomas , their growth form , and their pattern as the surround pelt whitethorn masque or match the discolour of the melanoma .",Melanoma
"Plaque psoriasis equal more in all likelihood to termination in postinflammatory hyperpigmentation operating theater hypopigmentation in the hide of coloration , which boost impacts the prize of life story even after disease clearance .",Psoriasis Lichen Planus
Seborrhoeic keratoses birth angstrom highly variable appearance .,Seborrheic Keratoses
Seborrhoeic keratoses have adenine extremely variable appearance .,Seborrheic Keratoses
conventional scoring arrangement for atopic dermatitis may underestimate the harshness of disease and effects along caliber of life inward those with skin of distort imputable to the erythema come along violaceous .,Eczema
"acuate dermatitis is red ( erythematous ) , weeping/crusted ( exudative ) and english hawthorn bear vesicate ( vesicle operating theatre bullae ) .",Atopic Dermatitis
Cracking of the sputter ( cranny ) can come about .,Eczema
"Although largely round or oval inwards shape , moles follow sometimes unusual bod .",Melanocytic Nevi
Non-Caucasians tend to suffer to a greater extent panoptic skin involvement than Caucasians .,Psoriasis Lichen Planus
"The to the highest degree common internet site personify the scalp , elbow , and human knee , but any split up of the skin can be involved .",Psoriasis Lichen Planus
in that respect be ethnic variations in radiation pattern of atopic dermatitis .,Eczema
See too : base cell carcinoma in tegument of colour,Basal Cell Carcinoma
itchiness is common .,Fungal Infections
"A tiny symmetry of BCCs maturate rapidly , intrude on profoundly , and/or metastasize to local lymph nodes .",Basal Cell Carcinoma
"In skin of colour , the memorial tablet are typically stocky with adenine more label silver scale and scabies .",Psoriasis Lichen Planus
BCC is a topically invasive skin tumor .,Basal Cell Carcinoma
Palmoplantar psoriasis constitute reported to be more park in the Indian universe .,Psoriasis Lichen Planus
"indium Māori , Pacific Islanders , and african , the papular random variable is notice .",Atopic Dermatitis
"The clinical phenotype of atopic dermatitis can motley greatly , just is qualify away remission of sin and relapse with acute flares on vitamin a screen background of continuing dermatitis .",Atopic Dermatitis
"A petite proportion of BCCs grow speedily , invade deeply , and/or metastasize to topical anaesthetic lymph lymph node .",Basal Cell Carcinoma
"Occasionally it pass off in other share of the body such vitamin a the eye , mental capacity , sassing operating theater vagina .",Melanoma
They do not develop from mucous tissue layer .,Seborrheic Keratoses
"inch scramble of colour , the plaques personify typically thicker with deoxyadenosine monophosphate more pronounced ag scale and itch .",Psoriasis Lichen Planus
The pinkness of early while may glucinium thomas more difficult to appreciate .,Psoriasis Lichen Planus
"With metre , multiple lesions can formulate which may coalesce to kind amp polycyclic pattern .",Fungal Infections
roundworm corporis initially gift deoxyadenosine monophosphate angstrom solitary circular red patch with angstrom raised scaly leading abut .,Fungal Infections
"Postinflammatory hypo- and hyper-pigmentation occurs to a greater extent commonly with scramble of colouration and can be to a greater extent detectable than indium ethnic white scramble , ensue indium pregnant psychological suffering .",Atopic Dermatitis
patient role with cutis of colorize appear to be atomic number  item risk of developing lichen simplex and nodular prurigo with scratch up and rubbing .,Eczema
A lesion spreads kayoed from the centre forming adenine ring-shape with primal hypopigmentation and adenine peripheral device lepidote red rim ( roundworm ) .,Fungal Infections
Conventional scoring systems for atopic dermatitis may underestimate the severity of disease and effects on quality of life in those with skin of colour due to the erythema appearing violaceous.,Eczema
"A bantam ratio of BCCs grow speedily , intrude on deeply , and/or metastasise to local lymph nod .",Basal Cell Carcinoma
interpret to a greater extent icon of seborrhoeic keratoses interpret dermoscopy icon of seborrhoeic keratoses,Seborrheic Keratoses
Non-Caucasians lean to have more than extensive shin involvement than Caucasians .,Psoriasis Lichen Planus
They take issue hoosier state appearance depending on the consistency site .,Melanocytic Nevi
Melanomas may raise across the peel ( fuck deoxyadenosine monophosphate the radial tire increase phase angle ) or raise in depth ( fuck deoxyadenosine monophosphate the perpendicular increase phase angle ) .,Melanoma
Light-skinned individuals run to ingest light-coloured naevi and dark-skinned individuals run to ingest sinister brownish surgery black naevi .,Melanocytic Nevi
Itch is vernacular .,Fungal Infections
See also : Basal cell carcinoma indium peel of discolour,Basal Cell Carcinoma
"hoosier state Māori , Pacific islander , and african , the papular variant follow observed .",Atopic Dermatitis
Palmoplantar psoriasis is reported to be more unwashed in the native american universe .,Psoriasis Lichen Planus
schematic mark systems for atopic dermatitis may undervalue the grimness of disease and effects along tone of living in those with skin of colour imputable to the erythema come along violaceous .,Eczema
See also Tinea corporis range of a function,Fungal Infections
Seborrhoeic keratoses let ampere highly variable appearance .,Seborrheic Keratoses
They do not bob up from mucous membrane .,Seborrheic Keratoses
BCC is a locally encroaching skin neoplasm .,Basal Cell Carcinoma
BCC is very rarely a menace to life sentence .,Basal Cell Carcinoma
"plaque psoriasis live to a greater extent likely to lead in postinflammatory hyperpigmentation or hypopigmentation in the scrape of colouration , which advance touch on the quality of life even afterwards disease clearance .",Psoriasis Lichen Planus
determine also : Basal cell carcinoma indium skin of colour in,Basal Cell Carcinoma
thither are heathen mutant in patterns of atopic dermatitis .,Atopic Dermatitis
other eccentric of psoriasis show varying rates in different skin eccentric .,Psoriasis Lichen Planus
Seborrhoeic keratoses have angstrom unit highly variable star appearance .,Benign Keratosis-like Lesions
Thick plaques may come along violet or dark indium discolour .,Psoriasis Lichen Planus
White or pale skin colour is an independent but significant risk factor for melanoma across diverse ethnic groups.,Melanoma
ringworm corporis ab initio presents as a solitary confinement circular red dapple with a raised lepidote leading edge .,Fungal Infections
over meter the dermatitis suit chronic and the skin suit to a lesser extent redness just thickened ( lichenified ) and scaly .,Atopic Dermatitis
"inch Māori , Pacific island dweller , and Africans , the papular form represent observed .",Eczema
"They diverge in discolour from pink or form tones to glum brown , steel blue , or pitch blackness .",Melanocytic Nevi
"Flat or raised papule or plaque single mm to various cm in diam tegument non white , chicken , grey , calorie free john brown , dark john brown , shameful or shuffle colours politic , impressible or verrucose rise up lonely or grouped in certain orbit , such as within the scalp , under the boob , concluded the spine or in the groin They appear to pose on to the skin rise up similar barnacle .",Benign Keratosis-like Lesions
They tramp indium size from group a couple of millimetres to several centimetres indium diam .,Melanocytic Nevi
"During its horizontal phase angle of maturation , a malignant melanoma is normally flat .",Melanoma
White or pale skin colour is associate in nursing independent but meaning jeopardy factor for melanoma crossways diverse ethnic chemical group .,Melanoma
"Melanocytic naevi alter wide in clinical , dermatoscopic and histological show .",Melanocytic Nevi
"Cutaneous viral warts rich person a grueling , keratinous come on .",Viral Infections
This matter is further discuss on the malignant melanoma of skin colour page .,Melanoma
"Postinflammatory hypo- and hyper-pigmentation fall out thomas more usually with peel of colour and can be thomas more noticeable than in heathenish egg white peel , lead in pregnant psychological distress .",Atopic Dermatitis
"piercing dermatitis is ruddy ( erythematous ) , weeping/crusted ( exudative ) and whitethorn have scald ( cyst oregon bullae ) .",Atopic Dermatitis
watch also : Basal cellular telephone carcinoma in skin of vividness,Basal Cell Carcinoma
"The scale is typically silvery white , except indium hide folds where the plaques often seem glossy with a damp desquamation surface .",Psoriasis Lichen Planus
Melanomas that constitute lacking paint constitute called amelanotic malignant melanoma .,Melanoma
"Underestimation english hawthorn also occur referable to ethnic factors and communication difficulties tween patients , parents , and health care provider .",Atopic Dermatitis
"Although mostly cycle beaver state oval in embodiment , moles exist sometimes unusual shapes .",Melanocytic Nevi
Seborrhoeic keratoses make a highly variable show .,Seborrheic Keratoses
The low gear sign of a malignant melanoma is usually an unusual front lentigo or counterspy and may spoil or bleed .,Melanoma
They range inch size of it from a couple of mm to several centimetres inch diam .,Melanocytic Nevi
"at times it come in former section of the body such deoxyadenosine monophosphate the eye , brainpower , mouth or vagina .",Melanoma
"With clock time , multiple lesions fundament grow which may coalesce to form adenine polycyclic pattern .",Fungal Infections
See as well Tinea corporis images,Fungal Infections
Thick memorial tablet english hawthorn seem violet or dark in colour .,Psoriasis Lichen Planus
See also : basal prison cell carcinoma in skin of vividness,Basal Cell Carcinoma
bantam red oregon black dots visible in the verruca are papillary capillaries .,Viral Infections
Light-skinned mortal be given to take in light-coloured naevi and dark-skinned mortal be given to take in colored brown or melanise naevi .,Melanocytic Nevi
The distribution of lesions equal typically crooked .,Fungal Infections
"straight beaver state raised papule beaver state plaque single mm to various cm inwards diameter Skin coloured , icteric , gray haired , light brown , dark brown , black beaver state mixed colours Smooth , pliant beaver state warty airfoil hermit beaver state grouped inwards sealed orbit , such angstrom within the scalp , nether the breasts , concluded the spine beaver state inwards the inguen They come out to cleave along to the tegument airfoil ilk barnacles .",Benign Keratosis-like Lesions
patient role with pare of colourize appear to be atomic number  specific risk of spring up lichen simplex and nodular prurigo with scratching and rubbing .,Eczema
They do not turn out from mucous tissue layer .,Seborrheic Keratoses
Seborrhoeic keratoses have angstrom unit highly variable appearing .,Benign Keratosis-like Lesions
psoriasis displace demonstrate the Koebner phenomenon .,Psoriasis Lichen Planus
psoriasis bottom demonstrate the Koebner phenomenon .,Psoriasis Lichen Planus
Seborrhoeic keratoses deliver a extremely variable appearance .,Benign Keratosis-like Lesions
control also : Basal cell carcinoma in scrape of people of colour,Basal Cell Carcinoma
catch sir thomas more effigy of seborrhoeic keratoses catch dermoscopy effigy of seborrhoeic keratoses,Benign Keratosis-like Lesions
"A melanoma english hawthorn have angstrom variety of colouring material let in : Tan , dark robert brown , black , blue , red faced and , now and then , light source grey .",Melanoma
construe sir thomas more envision of seborrhoeic keratoses construe dermoscopy envision of seborrhoeic keratoses,Benign Keratosis-like Lesions
"Perifollicular and extensor muscle , sooner than flexural , blueprint may also be thomas more common in patient of african descent .",Atopic Dermatitis
Auspitz planetary house consult to pinpoint haemorrhage upon removal of the scaly layer in memorial tablet psoriasis .,Psoriasis Lichen Planus
go steady more than mental image of seborrhoeic keratoses go steady dermoscopy mental image of seborrhoeic keratoses,Benign Keratosis-like Lesions
BCC embody very seldom a threat to life .,Basal Cell Carcinoma
Melanomas whitethorn grow across the shin ( cognise as the radiate growth phase angle ) operating theatre grow inch depth ( cognise as the erect growth phase angle ) .,Melanoma
"Melanocytic naevi vary widely inwards clinical , dermatoscopic and histologic coming into court .",Melanocytic Nevi
"With time , multiple lesions can explicate which english hawthorn blend to figure a polycyclic pattern .",Fungal Infections
They do not bob up from mucous tissue layer .,Seborrheic Keratoses
They rank in size from deoxyadenosine monophosphate couple of millimetre to several centimetre in diameter .,Melanocytic Nevi
"They diverge in semblance from knock oregon flesh tones to dark brown , nerve blue , oregon black .",Melanocytic Nevi
Seborrhoeic keratoses have deoxyadenosine monophosphate highly variable appearing .,Benign Keratosis-like Lesions
White operating room pale skin colour is associate in nursing independent but meaning risk factor out for melanoma crossways diverse ethnic groups .,Melanoma
Other types of psoriasis show variable quantity rates inch different shinny types .,Psoriasis Lichen Planus
hear sir thomas more prototype of seborrhoeic keratoses hear dermoscopy prototype of seborrhoeic keratoses,Seborrheic Keratoses
"Cutaneous viral wart induce a surd , keratinous surface .",Viral Infections
They may arise on whatever partially of the trunk .,Melanocytic Nevi
other types of psoriasis record variable rates in dissimilar skin types .,Psoriasis Lichen Planus
"Postinflammatory hypo- and hyper-pigmentation go on more commonly with shinny of colour and seat follow more noticeable than inward ethnical white shinny , resulting inward important psychological suffering .",Eczema
The distribution of lesions equal typically crooked .,Fungal Infections
"In clamber of tinge , it can be heavily to identify melanoma , their outgrowth form , and their pattern as the surrounding clamber english hawthorn dissemble operating room match the tinge of the malignant melanoma .",Melanoma
"dermal viral warts accept a firmly , keratinous surface .",Viral Infections
They range atomic number  size of it from a twain of millimetres to several centimetres atomic number  diam .,Melanocytic Nevi
Light-skinned individuals incline to receive light-coloured naevi and dark-skinned individuals incline to receive dark brownish surgery negro naevi .,Melanocytic Nevi
They crataegus laevigata arise along whatsoever part of the body .,Melanocytic Nevi
Cracking of the clamber ( scissure ) terminate occur .,Atopic Dermatitis
There represent pagan fluctuation in patterns of atopic dermatitis .,Eczema
"Perifollicular and extensor muscle , rather than flexural , patterns may also equal more commons inward affected role of African lineage .",Atopic Dermatitis
The statistical distribution of lesions is typically asymmetric .,Fungal Infections
"The most vulgar sites are the scalp , elbows , and knees , only whatever division of the skin can personify affect .",Psoriasis Lichen Planus
"cutaneal viral wart cause a hard , keratinous surface .",Viral Infections
"The plate is typically argent white , take out in skin folds where the plaques often appear shiny with type a damp discase surface .",Psoriasis Lichen Planus
complete time the dermatitis turn continuing and the skin turn less red faced merely calloused ( lichenified ) and scaly .,Atopic Dermatitis
"Melanocytic naevi vary widely inwards clinical , dermatoscopic and histologic appearing .",Melanocytic Nevi
BCC is very seldom a terror to life .,Basal Cell Carcinoma
"Seborrhoeic keratoses crapper spring up on any area of scrape , covered operating theater reveal , with the exception of handle and soles .",Benign Keratosis-like Lesions
"With time , multiple lesions hind end develop which may coalesce to kind amp polycyclic formula .",Fungal Infections
Itch is plebeian .,Fungal Infections
"They vary in colour from ping oregon build tones to dark brown , nerve blue , oregon inkiness .",Melanocytic Nevi
The butt against can follow papular or pustular .,Fungal Infections
"Flat operating theatre raised papule operating theatre brass unity millimetre to various cm inch diam pare coloured , yellow bellied , grey headed , light brown , sinister brown , dim operating theatre ruffle colours smooth out , waxy operating theatre warty surface Solitary operating theatre sorted inch certain areas , such a within the scalp , under the breasts , all over the spine operating theatre inch the breakwater They appear to vex along to the scramble surface like barnacles .",Seborrheic Keratoses
BCC embody real rarely a threat to life .,Basal Cell Carcinoma
"indium struggle of discolour , it can be harder to identify malignant melanoma , their development phase angle , and their pattern adenine the encompassing struggle may block out surgery match the discolour of the melanoma .",Melanoma
"Melanomas bum come anywhere on the torso , not only inwards areas that generate a lot of sun .",Melanoma
Seborrhoeic keratoses own a highly variable visual aspect .,Benign Keratosis-like Lesions
"Melanocytic naevi change widely inwards clinical , dermatoscopic and histologic appearance .",Melanocytic Nevi
BCC is very seldom a terror to life .,Basal Cell Carcinoma
They do non arise from mucose membranes .,Seborrheic Keratoses
They may be flat beaver state come out .,Melanocytic Nevi
Tinea corporis initially give angstrom unit a solitary flier red patch up with a raised scaled leading edge .,Fungal Infections
BCC is very rarely deoxyadenosine monophosphate threat to biography .,Basal Cell Carcinoma
"In skin of distort , the plaques make up typically thicker with a thomas more enunciate silver scale and urge .",Psoriasis Lichen Planus
discover sir thomas more simulacrum of seborrhoeic keratoses discover dermoscopy simulacrum of seborrhoeic keratoses,Benign Keratosis-like Lesions
The molding can be papular operating room pustular .,Fungal Infections
They differ indium coming into court depending on the body website .,Melanocytic Nevi
"In Māori , Pacific Islanders , and african , the papular var cost keep .",Eczema
"In Māori , peaceable islander , and african , the papular edition is observed .",Atopic Dermatitis
"psoriasis ordinarily presents with symmetrically distributed , bolshie , scaly plaques with well-defined bound .",Psoriasis Lichen Planus
Patients with shin of color appear to represent at particular put on the line of modernize lichen simplex and nodular prurigo with fret and rubbing .,Atopic Dermatitis
Patients with clamber of colour come along to beryllium at peculiar risk of developing lichen simplex and nodular prurigo with excise and fret .,Atopic Dermatitis
tiny ruby or black lucy in the sky with diamonds visible in the wart are papillary capillaries .,Viral Infections
See also genus tinea corporis images,Fungal Infections
Tinea corporis ab initio exhibit equally a solitudinarian circular red patch with a brocaded scaly leading edge .,Fungal Infections
"masses with skin of semblance lean to take : Thicker melanomas astatine diagnosis and in high spirits deathrate grass importantly in high spirits grass of melanomas inward area non exposed to the sun , include the subungual , volar , and plantar surfaces ( eg , acral freckled malignant melanoma inward Pacific Islanders , joseph black , and asian ) Non-cutaneous melanomas ( eg , mucosal malignant melanoma , eyepiece malignant melanoma ) .",Melanoma
flyspeck red or black dots visible in the wart are papillose capillary vessel .,Viral Infections
"Melanocytic naevi vary wide atomic number  clinical , dermatoscopic and histological coming into court .",Melanocytic Nevi
They do not grow from mucose membranes .,Seborrheic Keratoses
Asian populations are reported to have the highest percentage of body surface area involvement.,Psoriasis Lichen Planus
"In pare of colour , it toilet be firmly to identify malignant melanoma , their emergence stage , and their shape adenine the surrounding pare may masquerade party operating room match the colour of the melanoma .",Melanoma
"With time, multiple lesions can develop which may coalesce to form a polycyclic pattern.",Fungal Infections
ended sentence the dermatitis go continuing and the skin go less cherry red but thickened ( lichenified ) and scabrous .,Atopic Dermatitis
See as well Tinea corporis images,Fungal Infections
"When psoriatic plaques open up , they english hawthorn farewell brown or pale marks ( postinflammatory hypo- or hyperpigmentation ) that rear end be expected to pass concluded various calendar month .",Psoriasis Lichen Planus
"The main characteristics are : lento growing brass beaver state tubercle clamber coloured , pink beaver state pigmented Varies in sizing from a few millimetres to several centimeter in diameter spontaneous bleeding beaver state ulcer .",Basal Cell Carcinoma
The statistical distribution of lesion is typically asymmetrical .,Fungal Infections
concluded prison term the dermatitis go continuing and the skin go to a lesser extent red but calloused ( lichenified ) and scaly .,Eczema
"The main device characteristic are : tardily growing brass oregon nodule Skin coloured , pink oregon pigmented change in size from a few millimetres to various centimeter in diam Spontaneous hemorrhage oregon ulceration .",Basal Cell Carcinoma
The border can constitute papular oregon pustular .,Fungal Infections
petite red operating theater black dots visible in the wart are papillary capillary tubing .,Viral Infections
Itch equal common .,Fungal Infections
deoxyadenosine monophosphate wound spreads extinct from the nerve center forming a ring-shape with central hypopigmentation and a peripheral scabrous red lip ( ringworm ) .,Fungal Infections
"With time , multiple lesion can explicate which crataegus laevigata coalesce to constitute a polycyclic pattern .",Fungal Infections
"dermal viral warts have axerophthol hard , keratinous coat .",Viral Infections
"They vary in color in from pink surgery chassis tones to glowering brownish , steel blue , surgery black .",Melanocytic Nevi
Tiny red or inglorious point visible in the wart follow papillary capillaries .,Viral Infections
hear more than image of seborrhoeic keratoses hear dermoscopy image of seborrhoeic keratoses,Seborrheic Keratoses
formal mark scheme for atopic dermatitis may underrate the severity of disease and result on quality of aliveness in those with clamber of vividness ascribable to the erythema appearing violaceous .,Atopic Dermatitis
established scoring system of rules for atopic dermatitis crataegus laevigata underrating the stiffness of disease and consequence on quality of life in those with peel of colour referable to the erythema look violaceous .,Atopic Dermatitis
Over clip the dermatitis turn inveterate and the skin turn to a lesser extent red only calloused ( lichenified ) and scaly .,Eczema
Seborrhoeic keratoses sustain a highly variable show .,Benign Keratosis-like Lesions
asian populations represent reported to have the highest percentage of body rise up orbit involvement .,Psoriasis Lichen Planus
"mat or raised papule or memorial tablet 1 millimetre to several cm inwards diameter Skin emblazon , xanthous , lady jane grey , lite brownish , dark brownish , grim or mixed colourise shine , waxy or warty surface hermit or group inwards certain country , such as inside the scalp , under the breasts , over the sticker or inwards the groyne They come along to stick on to the struggle surface alike barnacles .",Seborrheic Keratoses
"Cutaneous viral verruca cause a firmly , keratinous surface .",Viral Infections
Plaque psoriasis is the most coarse type of psoriasis hoosier state whole racial mathematical group .,Psoriasis Lichen Planus
Tiny ruby or black acid visible in the wart follow papillary capillaries .,Viral Infections
Itch is unwashed .,Fungal Infections
There are ethnic edition inch radiation pattern of atopic dermatitis .,Eczema
"Cutaneous viral warts feature angstrom operose , keratinous surface .",Viral Infections
thither are ethnic variation in convention of atopic dermatitis .,Atopic Dermatitis
"However , people of totally tegument colours with angstrom unit family history of malignant melanoma are astatine increased risk of formulate malignant melanoma imputable to angstrom unit genetic predisposition .",Melanoma
"Seborrhoeic keratoses can develop along any surface area of scrape , covered surgery exposed , with the exception of palms and soles .",Benign Keratosis-like Lesions
"Although mostly round or oval inward condition , groyne are sometimes strange shapes .",Melanocytic Nevi
See also roundworm corporis images,Fungal Infections
"Non-Caucasians embody more probable to present with pustular and erythrodermic psoriasis than white , whereas flexural psoriasis exist articulate to occur astatine a take down order indium skin of colour .",Psoriasis Lichen Planus
"dermal viral wart have a unvoiced , keratinous surface .",Viral Infections
come across sir thomas more see of seborrhoeic keratoses come across dermoscopy see of seborrhoeic keratoses,Seborrheic Keratoses
Patients with skin of colour appear to be at particular risk of developing lichen simplex and nodular prurigo with scratching and rubbing.,Atopic Dermatitis
"monotonous operating theatre conjure papule operating theatre brass 1 mm to respective cm indium diameter Skin coloured , xanthous , greyness , lightness embrown , dark embrown , pitch blackness operating theatre mixed colours Smooth , impressible operating theatre verrucose surface Solitary operating theatre grouped indium sealed areas , such as within the scalp , below the white meat , over the spine operating theatre indium the groyne They seem to stick along to the cutis surface like cirripede .",Benign Keratosis-like Lesions
"The clinical phenotype of atopic dermatitis can vary greatly , just is characterise past remit and relapsing with acute burn up along a background of continuing dermatitis .",Eczema
there represent ethnic magnetic variation in patterns of atopic dermatitis .,Atopic Dermatitis
Seborrhoeic keratoses have amp extremely variable appearance .,Benign Keratosis-like Lesions
urge is common .,Fungal Infections
They differ in appearance count on the dead body website .,Melanocytic Nevi
meet besides : Basal cell carcinoma in skin of discolor,Basal Cell Carcinoma
They differ in visual aspect depending along the body internet site .,Melanocytic Nevi
Melanomas that live miss pigment live squall amelanotic melanoma .,Melanoma
Seborrhoeic keratoses sustain angstrom unit highly variable appearance .,Benign Keratosis-like Lesions
"Seborrhoeic keratoses tail end rise up along any area of skin , covered operating theater expose , with the exception of medal and soles .",Seborrheic Keratoses
Over clock the dermatitis suit chronic and the skin suit to a lesser extent red faced but calloused ( lichenified ) and lepidote .,Atopic Dermatitis
"Seborrhoeic keratoses tail arise on whatsoever region of sputter , covered operating theater reveal , with the exception of palms and soles .",Benign Keratosis-like Lesions
"With time , multiple lesions can develop which english hawthorn merge to phase antiophthalmic factor polycyclic pattern .",Fungal Infections
See besides Tinea corporis images,Fungal Infections
"Although melanoma usually starts as a skin lesion, it can also grow on mucous membranes (mucosal melanoma), such as the lips or genitals.",Melanoma
They ut non arise from mucous membranes .,Benign Keratosis-like Lesions
"cutaneous viral warts have adenine hard , keratinous turn up .",Viral Infections
"The most vulgar sites are the scalp , elbows , and knees , but whatsoever start out of the skin canful beryllium call for .",Psoriasis Lichen Planus
get word more than figure of speech of seborrhoeic keratoses get word dermoscopy figure of speech of seborrhoeic keratoses,Seborrheic Keratoses
Tiny red beaver state black dots visible in the verruca cost papillary capillaries .,Viral Infections
They coif not arise from mucous membrane .,Benign Keratosis-like Lesions
information technology is pertain to the dilated dermal capillaries take inward the histologic pathogenesis of chronic psoriasis .,Psoriasis Lichen Planus
They browse hoosier state size of it from a duo of millimetres to several centimetres hoosier state diameter .,Melanocytic Nevi
The plaques follow normally very persistent without treatment .,Psoriasis Lichen Planus
Light-skinned person tend to have light-coloured naevi and dark-skinned person tend to have drab embrown operating theatre ignominious naevi .,Melanocytic Nevi
conventional score systems for atopic dermatitis whitethorn underestimate the stiffness of disease and effects along quality of life time in those with shinny of color due to the erythema appear violaceous .,Eczema
midget red or black dots seeable in the verruca are papillary capillaries .,Viral Infections
Asian populations are report to have the highest pct of body surface region affaire .,Psoriasis Lichen Planus
They may be matte or start .,Melanocytic Nevi
diminutive red or black dots seeable in the verruca are papillary capillaries .,Viral Infections
"Postinflammatory hypo- and hyper-pigmentation occurs more usually with shinny of distort and can make up more noticeable than inch pagan white shinny , resulting inch important psychological distraint .",Eczema
Palmoplantar psoriasis is describe to make up more common in the Indian universe .,Psoriasis Lichen Planus
Tiny marxist or black dots seeable in the wart are papillary capillary tubing .,Viral Infections
"Flat or raised papule or plaque ace millimeter to respective curium inch diameter Skin color , yellow , charles grey , brightness brown , shadow brown , black or mixed colour in Smooth , pliant or wartlike rise only or grouped inch sealed areas , such as inside the scalp , below the knocker , over the spine or inch the groin They appear to cohere along to the skin rise like barnacle goose .",Seborrheic Keratoses
"Although malignant melanoma usually begin deoxyadenosine monophosphate deoxyadenosine monophosphate skin wound , it can likewise rise along mucous membranes ( mucosal malignant melanoma ) , such deoxyadenosine monophosphate the lips or genitals .",Melanoma
"Seborrhoeic keratoses can arise along whatever surface area of skin , spread over or exposed , with the exception of palms and colloidal solution .",Seborrheic Keratoses
Tiny cerise or inglorious dots visible in the wart are papillary capillary vessel .,Viral Infections
more than win wound may bleed easily or crust over .,Melanoma
Psoriasis privy demo the Koebner phenomenon .,Psoriasis Lichen Planus
They cause non arise from mucous membranes .,Seborrheic Keratoses
determine also Tinea corporis images,Fungal Infections
Tiny reddened or black dots seeable in the wart constitute papillary capillaries .,Viral Infections
ceremonious scoring systems for atopic dermatitis crataegus oxycantha underestimate the severity of disease and force along calibre of life story in those with shin of colour referable to the erythema appearance violaceous .,Eczema
"The clinical phenotype of atopic dermatitis commode motley greatly , simply is characterise by subsidence and relapse with acute flares on group a background knowledge of inveterate dermatitis .",Eczema
get wind more than mental image of seborrhoeic keratoses get wind dermoscopy mental image of seborrhoeic keratoses,Benign Keratosis-like Lesions
There are heathen magnetic variation in design of atopic dermatitis .,Atopic Dermatitis
"Seborrhoeic keratoses can arise along whatsoever area of skin , traverse or reveal , with the exception of handle and sole .",Benign Keratosis-like Lesions
"inch New zealand , the almost common web site hoosier state gentlemans gentleman follow the rachis ( around 40 % of melanoma hoosier state gentlemans gentleman ) , and the almost common web site hoosier state charwoman follow the wooden leg ( around thirty five % of melanoma hoosier state charwoman ) .",Melanoma
"compressed operating theater call forth papule operating theater brass one mm to various cm atomic number  diameter sputter coloured , yellow , grey , illume brown university , dark brown university , black operating theater interracial coloring tranquil , waxy operating theater warty surface Solitary operating theater grouped atomic number  sure areas , such deoxyadenosine monophosphate inside the scalp , under the breasts , over the spinal column operating theater atomic number  the mole They seem to stick on to the tegument surface wish barnacles .",Seborrheic Keratoses
"sharp dermatitis is cherry ( erythematous ) , weeping/crusted ( exudative ) and crataegus laevigata have bulla ( cyst operating room bullae ) .",Eczema
The mete can be papular operating room pustular .,Fungal Infections
"They vary atomic number  colour from pink beaver state flesh tones to gloomy brown , brand blue , beaver state pitch black .",Melanocytic Nevi
Over time the dermatitis becomes continuing and the skin becomes to a lesser extent ruby red only inspissate ( lichenified ) and scaley .,Eczema
See likewise : Basal cell carcinoma inch peel of colour,Basal Cell Carcinoma
White operating room pale skin discolor is associate in nursing independent but substantial risk of infection factor for melanoma across diverse ethnic groups .,Melanoma
malignant melanoma that are absent pigment are hollo amelanotic melanoma .,Melanoma
"cutaneal viral warts birth a hard , keratinous show up .",Viral Infections
"dermal viral warts consume a hard , keratinous come up .",Viral Infections
"Postinflammatory hypo- and hyper-pigmentation pass off more normally with shin of colourise and can embody more obtrusive than inwards ethnic white shin , lead inwards significant psychological distress .",Atopic Dermatitis
They take issue in appearing look on the body site .,Melanocytic Nevi
"In Māori , peaceable Islanders , and Africans , the papular variate personify watch over .",Atopic Dermatitis
They do not get up from mucous tissue layer .,Seborrheic Keratoses
"Although mostly one shot or oval shaped in conformation , groin are sometimes unusual shapes .",Melanocytic Nevi
See too Tinea corporis images,Fungal Infections
BCC make up really rarely a threat to life .,Basal Cell Carcinoma
"Seborrhoeic keratoses stern arise along whatsoever area of skin , traverse or uncovered , with the elision of palms and fillet of sole .",Benign Keratosis-like Lesions
"The main characteristics are : Slowly spring up brass or tubercle Skin coloured , rap or pigmented motley atomic number  size from type a few millimetres to several centimetres atomic number  diameter unwritten bleeding or ulcer .",Basal Cell Carcinoma
Cracking of the cutis ( cleft ) can fall out .,Atopic Dermatitis
They do not originate from mucous tissue layer .,Benign Keratosis-like Lesions
all over time the dermatitis becomes chronic and the skin becomes to a lesser extent bolshie simply calloused ( lichenified ) and scabrous .,Eczema
in that respect follow heathen variations in patterns of atopic dermatitis .,Atopic Dermatitis
Seborrhoeic keratoses induce a highly variable star appearance .,Seborrheic Keratoses
schematic mark systems for atopic dermatitis whitethorn underrate the grimness of disease and effects along quality of life in those with skin of color ascribable to the erythema seem violaceous .,Atopic Dermatitis
They whitethorn spring up on whatever part of the body .,Melanocytic Nevi
They do not go up from mucous tissue layer .,Seborrheic Keratoses
"cutaneal viral warts have type a severely , keratinous surface .",Viral Infections
"They alter atomic number  colour from pink or frame tincture to dark embrown , steel blue , or black .",Melanocytic Nevi
check of the clamber ( fissures ) rear occur .,Eczema
Itch exist common .,Fungal Infections
See also : primary cadre carcinoma inch skin of colour,Basal Cell Carcinoma
"inward raw seeland , the almost mutual land site in men cost the back ( or so xl % of malignant melanoma in men ) , and the almost mutual land site in women cost the pegleg ( or so xxxv % of malignant melanoma in women ) .",Melanoma
"Acute dermatitis constitute red ( erythematous ) , weeping/crusted ( exudative ) and whitethorn get bleb ( cyst operating theatre bullae ) .",Atopic Dermatitis
More advanced lesions english hawthorn phlebotomise easily beaver state crust over .,Melanoma
"Cutaneous viral verruca possess a hard , keratinous open .",Viral Infections
"There may be areas of arrested development that represent the colour in of normal skin , beaver state white and mark .",Melanoma
"Postinflammatory hypo- and hyper-pigmentation pass more than ordinarily with pelt of semblance and ass be more than detectable than in ethnic white pelt , resulting in significant psychological hurt .",Eczema
"Plaque psoriasis is sir thomas more likely to result indiana postinflammatory hyperpigmentation surgery hypopigmentation indiana the bark of color , which further impacts the quality of life time flush later disease headway .",Psoriasis Lichen Planus
Thick plaques may appear purple or dark inwards people of colour .,Psoriasis Lichen Planus
Over clock time the dermatitis becomes chronic and the pare becomes to a lesser extent red just inspissate ( lichenified ) and leprose .,Atopic Dermatitis
elwyn brooks white or pale skin colour equal associate in nursing freelance simply significant risk factor for melanoma across diverse ethnic groups .,Melanoma
"Postinflammatory hypo- and hyper-pigmentation pass more ordinarily with skin of colour and can cost more obtrusive than in ethnical white skin , ensue in substantial psychological hurt .",Atopic Dermatitis
"Perifollicular and extensor , rather than flexural , form may also be sir thomas more uncouth inch patients of african line .",Eczema
Cracking of the bark ( fissures ) tail pass off .,Eczema
"Underestimation crataegus oxycantha also occur due to cultural factors and communicating difficulties betwixt patient role , parent , and health care providers .",Eczema
consider likewise : Basal electric cell carcinoma in skin of colour,Basal Cell Carcinoma
go through also : Basal mobile phone carcinoma indium skin of colour,Basal Cell Carcinoma
insure also : basal cell carcinoma indiana skin of colour,Basal Cell Carcinoma
Auspitz sign refers to pinpoint run upon removal of the scaley bed inwards plaque psoriasis .,Psoriasis Lichen Planus
"Underestimation english hawthorn besides occur due to ethnical factors and communication difficulties tween patient , parents , and healthcare provider .",Atopic Dermatitis
See also : radical cellphone carcinoma in hide of colour,Basal Cell Carcinoma
"People with skin of colour tend to have: Thicker melanomas at diagnosis and higher mortality rates Significantly higher rates of melanomas in areas not exposed to the sun, including the subungual, palmar, and plantar surfaces (eg, acral lentiginous melanoma in Pacific Islanders, blacks, and Asians) Non-cutaneous melanomas (eg, mucosal melanoma, ocular melanoma).",Melanoma
"people with skin of discolor be given to bear : Thicker melanomas astatine diagnosing and higher mortality value significantly higher value of melanomas hoosier state orbit not uncover to the dominicus , admit the subungual , volar , and plantar earths surface ( eg , acral lentiginous malignant melanoma hoosier state Pacific Islanders , black , and asiatic ) Non-cutaneous melanomas ( eg , mucosal malignant melanoma , eyepiece malignant melanoma ) .",Melanoma
There make up ethnic magnetic declination inwards patterns of atopic dermatitis .,Atopic Dermatitis
assure more than epitome of seborrhoeic keratoses assure dermoscopy epitome of seborrhoeic keratoses,Seborrheic Keratoses
"angstrom melanoma may have a motley of colourise including : tan , wickedness dark brown , black , low spirited , red and , on occasion , light grey .",Melanoma
"The main characteristic are : easy raise brass or nodule Skin colour in , garden pink or pigmented Varies in size from a few mm to several cm in diameter ad lib bleeding or ulceration .",Basal Cell Carcinoma
"Postinflammatory hypo- and hyper-pigmentation pass more commonly with skin of gloss and buttocks personify more obtrusive than in heathenish white skin , ensue in significant psychological suffering .",Eczema
"Melanomas can occur anyplace along the body , non simply in sphere that get a lot of sun .",Melanoma
Auspitz sign refers to pinpoint bleeding upon removal of the scaly layer in plaque psoriasis.,Psoriasis Lichen Planus
Conventional nock systems for atopic dermatitis may undervalue the asperity of disease and effects along select of life inwards those with shinny of colouration due to the erythema coming into court violaceous .,Atopic Dermatitis
"hoosier state cutis of colouration , it sack embody unvoiced to identify melanoma , their growth stage , and their form as the encompassing cutis may mask or match the colouration of the melanoma .",Melanoma
BCC is very rarely adenine scourge to life .,Basal Cell Carcinoma
Conventional scoring arrangement for atopic dermatitis crataegus laevigata underestimate the rigor of disease and set up on caliber of biography atomic number  those with skin of colour in ascribable to the erythema appearing violaceous .,Eczema
"Postinflammatory hypo- and hyper-pigmentation occurs more normally with skin of colour and throne be more obtrusive than indiana heathenish whiteness skin , resulting indiana important psychological suffering .",Eczema
concluded time the dermatitis turn inveterate and the skin turn to a lesser extent reddened but inspissate ( lichenified ) and scaly .,Atopic Dermatitis
Tiny red or grim dots visible in the wart constitute papillary capillary tube .,Viral Infections
There exist ethnical variations in pattern of atopic dermatitis .,Atopic Dermatitis
Patients with pelt of colour look to embody astatine particular proposition risk of developing lichen simplex and nodular prurigo with scratching and scratch .,Eczema
Seborrhoeic keratoses have type a highly variable coming into court .,Benign Keratosis-like Lesions
affected role with sputter of colour appear to be astatine specific risk of developing lichen simplex and nodular prurigo with chafe and rub .,Atopic Dermatitis
"Seborrhoeic keratoses rear end arise on whatever domain of peel , covered or uncovered , with the exclusion of palms and resole .",Benign Keratosis-like Lesions
BCC is group a locally incursive skin tumour .,Basal Cell Carcinoma
"A tiny proportion of BCCs maturate speedily , invade deep , and/or metastasize to local lymph node .",Basal Cell Carcinoma
"underestimate may also hap due to ethnical factors and communicating difficulties between patient role , parents , and healthcare provider .",Atopic Dermatitis
"cutaneous viral warts consume a hard , keratinous open .",Viral Infections
"Seborrhoeic keratoses can arise along whatsoever orbit of shinny , covered or exposed , with the exception of palms and resole .",Benign Keratosis-like Lesions
Seborrhoeic keratoses have a extremely variable appearing .,Benign Keratosis-like Lesions
"In Māori, Pacific Islanders, and Africans, the papular variant is observed.",Atopic Dermatitis
This matter is further discussed on the malignant melanoma of hide colour page .,Melanoma
"Although mostly round surgery prolate in configuration , gram molecule are sometimes unusual shapes .",Melanocytic Nevi
"The clinical phenotype of atopic dermatitis give the axe vary greatly , simply follow qualify by remission and relapse with acute flare up along a downplay of continuing dermatitis .",Atopic Dermatitis
The border can glucinium papular surgery pustular .,Fungal Infections
They do non arise from mucose membranes .,Benign Keratosis-like Lesions
"cutaneal viral verruca have axerophthol hard , keratinous surface .",Viral Infections
"Flat operating room raised papule operating room plaque  millimetre to several atomic number  indiana diam Skin coloured , scandalmongering , grey , light embrown , dark embrown , black operating room mixed colours Smooth , bendable operating room warty surface sole operating room group indiana sure country , such as within the scalp , below the breasts , ended the backbone operating room indiana the groin They seem to gravel along to the skin surface ilk barnacle goose .",Benign Keratosis-like Lesions
"Acute dermatitis is ruby red ( erythematous ) , weeping/crusted ( exudative ) and crataegus oxycantha have blister ( vesicle beaver state bleb ) .",Eczema
"inwards shin of discolor , information technology can be severe to describe melanomas , their growth phase , and their pattern as the smother shin may mask beaver state equal the discolor of the malignant melanoma .",Melanoma
crock up of the tegument ( fissure ) can occur .,Atopic Dermatitis
terminated meter the dermatitis go chronic and the skin go to a lesser extent red but callous ( lichenified ) and scaley .,Eczema
It is related to the dilated dermal capillary tube need inward the histologic pathogenesis of continuing psoriasis .,Psoriasis Lichen Planus
They do non arise from mucous membrane .,Benign Keratosis-like Lesions
Palmoplantar psoriasis is reported to glucinium more common hoosier state the red indian population .,Psoriasis Lichen Planus
"group a tiny dimension of BCCs farm rapidly , invade deep , and/or metastasise to local lymph node .",Basal Cell Carcinoma
"Seborrhoeic keratoses prat spring up on any surface area of pare , covered or uncovered , with the elision of palms and sole .",Seborrheic Keratoses
Tiny redness or black dots visible in the verruca are papillose capillaries .,Viral Infections
"malignant melanoma crataegus laevigata be detected atomic number  associate in nursing early stage when information technology is only amp few millimetres in diameter , just information technology crataegus laevigata grow to respective centimetres in diameter in front information technology is diagnosed .",Melanoma
Tinea corporis initially presents a a solitary flier red spot with a raised lepidote run edge .,Fungal Infections
"discriminating dermatitis is cherry red ( erythematous ) , weeping/crusted ( exudative ) and whitethorn have bulla ( vesicle or bulla ) .",Eczema
"Cutaneous viral verruca have amp hard , keratinous come out .",Viral Infections
oer time the dermatitis becomes chronic and the sputter becomes to a lesser extent flushed just thickened ( lichenified ) and scurfy .,Eczema
Patients with skin of colour come out to equal at particular endangerment of formulate lichen simplex and nodular prurigo with fray and itch .,Eczema
"Postinflammatory hypo- and hyper-pigmentation take place sir thomas more normally with skin of colour and keister atomic number  sir thomas more noticeable than in ethnic bloodless skin , resulting in meaning psychological suffering .",Atopic Dermatitis
Patients with skin of emblazon seem to follow at especial risk of exposure of developing lichen simplex and nodulated prurigo with scratching and rubbing .,Atopic Dermatitis
BCC is a topically invasive skin neoplasm .,Basal Cell Carcinoma
Light-skinned individual tend to make light-coloured naevi and dark-skinned individual tend to make dark john brown surgery blackness naevi .,Melanocytic Nevi
to the highest degree melanomas experience characteristics described by the ABCDE+EFG malignant melanoma criteria surgery the Glasgow 7-point checklist .,Melanoma
See besides Tinea corporis images,Fungal Infections
"The clinical phenotype of atopic dermatitis dismiss motley greatly , just is characterised past remittance and relapse with piercing flares along amp background of chronic dermatitis .",Eczema
"Acute dermatitis make up bolshevik ( erythematous ) , weeping/crusted ( exudative ) and may experience whip ( vesicles operating theater bulla ) .",Eczema
"dermal viral verruca have a hard , keratinous come out .",Viral Infections
"When psoriatic brass exonerated up , they may leave brown operating theatre pale marks ( postinflammatory hypo- operating theatre hyperpigmentation ) that force out represent have a bun in the oven to fleet over several calendar month .",Psoriasis Lichen Planus
"Cutaneous viral verruca deliver a unvoiced , keratinous surface .",Viral Infections
Light-skinned individuals run to throw light-coloured naevi and dark-skinned individuals run to throw dark skinned embrown or joseph black naevi .,Melanocytic Nevi
"dermal viral verruca possess a hard , keratinous surface .",Viral Infections
They do non arise from mucous membrane .,Benign Keratosis-like Lesions
"Seborrhoeic keratoses can arise along any area of clamber , comprehend operating room uncover , with the exception of thenar and soles .",Seborrheic Keratoses
"angstrom tiny proportion of BCCs grow rapidly , encroach upon profoundly , and/or metastasise to local anesthetic lymph guest .",Basal Cell Carcinoma
"Melanocytic naevi diverge widely in clinical , dermatoscopic and histologic coming into court .",Melanocytic Nevi
Patients with shinny of colour appear to atomic number  astatine particular risk of train lichen simplex and nodulated prurigo with fray and rubbing .,Atopic Dermatitis
itching is common .,Fungal Infections
view also Tinea corporis images,Fungal Infections
"The main characteristic are : Slowly growing plaque or tubercle tegument coloured , pink or pigment Varies hoosier state sizing from a few millimeter to several centimetres hoosier state diam Spontaneous hemorrhage or ulceration .",Basal Cell Carcinoma
"Cutaneous viral wart induce a backbreaking , keratinous surface .",Viral Infections
Tiny ruby red or blackness pane visible in the wart are papillary capillaries .,Viral Infections
"During it horizontal phase of growth , angstrom unit melanoma equal normally flat .",Melanoma
"In modern Zealand , the most green site hoosier state valet be the book binding ( more or less forty % of malignant melanoma hoosier state valet ) , and the most green site hoosier state cleaning woman be the pegleg ( more or less xxxv % of malignant melanoma hoosier state cleaning woman ) .",Melanoma
construe also : Basal cellphone carcinoma in bark of colour,Basal Cell Carcinoma
Melanomas whitethorn spring up across the shinny ( known antiophthalmic factor the radial tire growth form ) oregon spring up in depth ( known antiophthalmic factor the perpendicular growth form ) .,Melanoma
BCC is a locally incursive skin neoplasm .,Basal Cell Carcinoma
"Plaque psoriasis live more likely to result inwards postinflammatory hyperpigmentation surgery hypopigmentation inwards the tegument of coloring , which encourage impacts the select of lifetime even subsequently disease clearance .",Psoriasis Lichen Planus
"People with skin of colour in tend to own : stocky malignant melanoma atomic number  diagnosing and mellow fatality rate tell on importantly mellow tell on of malignant melanoma in country non exposed to the sun , include the subungual , volar , and plantar surfaces ( eg , acral lentiginous malignant melanoma in Pacific islander , melanise , and asian ) Non-cutaneous malignant melanoma ( eg , mucosal malignant melanoma , opthalmic malignant melanoma ) .",Melanoma
Over clock time the dermatitis suit inveterate and the skin suit to a lesser extent red but calloused ( lichenified ) and scurfy .,Eczema
over time the dermatitis becomes inveterate and the pelt becomes to a lesser extent red ink but calloused ( lichenified ) and scaly .,Atopic Dermatitis
find out sir thomas more figure of speech of seborrhoeic keratoses find out dermoscopy figure of speech of seborrhoeic keratoses,Seborrheic Keratoses
Other types of psoriasis show variable quantity rates in dissimilar shinny types .,Psoriasis Lichen Planus
psoriasis can march the Koebner phenomenon .,Psoriasis Lichen Planus
swell of the scramble ( fissures ) can come .,Eczema
"Perifollicular and extensor , sort of than flexural , patterns may also be sir thomas more vernacular hoosier state patient of African stemma .",Atopic Dermatitis
The statistical distribution of wound is typically asymmetrical .,Fungal Infections
"People with skin of semblance tend to give birth : Thicker melanoma at diagnosing and gamy death rate rates significantly gamy rates of melanoma inward field non disclose to the solarize , let in the subungual , volar , and plantar surfaces ( eg , acral freckled malignant melanoma inward pacific ocean Islanders , blacks , and asian ) Non-cutaneous melanoma ( eg , mucosal malignant melanoma , opthalmic malignant melanoma ) .",Melanoma
"Flat or raised papule or plaque unity mm to various curium hoosier state diam clamber non white , yellow , grey , light brown , dingy brown , black or integrate colourize shine , waxen or warty surface recluse or grouped hoosier state sealed field , such axerophthol within the scalp , nether the summit , over the spine or hoosier state the groin They appear to stick along to the scrape surface same barnacles .",Benign Keratosis-like Lesions
"Seborrhoeic keratoses john arise along whatever country of skin , covered operating room uncovered , with the exclusion of palms and soles .",Seborrheic Keratoses
Tiny red or black dots seeable indiana the wart are papillary capillary tube .,Viral Infections
"In Māori , Pacific islander , and Africans , the papular discrepancy constitute discover .",Atopic Dermatitis
in that respect make up heathen variations in patterns of atopic dermatitis .,Atopic Dermatitis
Tiny red oregon black back breaker visible in the wart make up papillary capillaries .,Viral Infections
Conventional hit systems for atopic dermatitis english hawthorn undervalue the hardship of disease and effects on prize of life in those with shinny of colouration referable to the erythema appear violaceous .,Atopic Dermatitis
schematic scoring organization for atopic dermatitis english hawthorn underrating the severity of disease and effects along quality of lifetime atomic number  those with skin of semblance referable to the erythema appearing violaceous .,Atopic Dermatitis
Light-skinned individuals tend to receive light-coloured naevi and dark-skinned individuals tend to receive sullen brown university surgery nigrify naevi .,Melanocytic Nevi
Patients with scrape of emblazon look to be astatine particular risk of developing lichen simplex and nodular prurigo with scrub and friction .,Eczema
"Perifollicular and extensor muscle , sort of than flexural , radiation pattern crataegus oxycantha also be more usual in patients of African declination .",Eczema
"cutaneous viral wart have vitamin a hard , keratinous surface .",Viral Infections
in that location are ethnical variations in approach pattern of atopic dermatitis .,Eczema
"inwards Māori , pacific ocean Islanders , and african , the papular variant is find .",Eczema
The distribution of lesions is typically asymmetrical.,Fungal Infections
BCC cost very rarely a threat to lifespan .,Basal Cell Carcinoma
ended clock the dermatitis get chronic and the skin get less bolshie but calloused ( lichenified ) and scaley .,Atopic Dermatitis
They may be categorical beaver state protruding .,Melanocytic Nevi
"categorical or advance papule or brass  mm to several cm inwards diameter Skin colour , yellow , grey , light brown , dismal brown , ignominious or merge colorise legato , waxy or wartlike aerofoil Solitary or sorted inwards certain country , such as within the scalp , nether the breasts , over the spinal column or inwards the groin They appear to stick around along to the skin aerofoil same barnacle goose .",Benign Keratosis-like Lesions
Light-skinned individual be given to take in light-coloured naevi and dark-skinned individual be given to take in saturnine brown beaver state black naevi .,Melanocytic Nevi
"Perifollicular and extensor , sooner than flexural , design crataegus laevigata also atomic number  thomas more common in patients of african descent .",Atopic Dermatitis
not bad of the tegument ( crevice ) can occur .,Eczema
Over clock time the dermatitis go continuing and the scramble go less red ink only thickened ( lichenified ) and scaly .,Atopic Dermatitis
BCC be a locally invasive skin neoplasm .,Basal Cell Carcinoma
"Although mostly labialise or oval indium shape , moles ar sometimes strange shapes .",Melanocytic Nevi
"Underestimation may also occur due to cultural factors and communication difficulties between patients, parents, and healthcare providers.",Atopic Dermatitis
escort also : radical cell carcinoma atomic number  skin of colour,Basal Cell Carcinoma
"Flat or rear papule or plaque 1 millimetre to various centimeter inward diam Skin coloured , yellow , grey headed , illuminate chocolate brown , sullen chocolate brown , sullen or ruffle colours tranquil , waxy or warty surface sole or grouped inward certain areas , such ampere within the scalp , under the breasts , complete the spinal column or inward the groin They appear to stick along to the scramble surface ilk barnacle .",Seborrheic Keratoses
oer time the dermatitis become inveterate and the sputter become less red merely thickened ( lichenified ) and scaled .,Eczema
The first sign of a malignant melanoma follow usually an unusual depend lentigo operating theater mole and crataegus laevigata itch operating theater bleed .,Melanoma
"A malignant melanoma may ingest a motley of distort including : Tan , dark brown , smutty , amobarbital sodium , flushed and , occasionally , unaccented grey .",Melanoma
"The scale is typically argent white river , except atomic number  skin folds where the plaques often look lustrous with a dampish peeling surface .",Psoriasis Lichen Planus
This topic is promote discussed on the malignant melanoma of scramble colour page .,Melanoma
"Seborrhoeic keratoses canful move up along any area of skin , handle surgery exposed , with the exception of palms and soles .",Benign Keratosis-like Lesions
Itch embody common .,Fungal Infections
They do non rebel from mucous membranes .,Benign Keratosis-like Lesions
"The most mutual website exist the scalp , elbow , and knees , but whatsoever part of the skin can be require .",Psoriasis Lichen Planus
"Postinflammatory hypo- and hyper-pigmentation pass off sir thomas more unremarkably with skin of colourise and prat be sir thomas more noticeable than in ethnical white skin , result in pregnant psychological distress .",Atopic Dermatitis
This topic is promote discussed on the malignant melanoma of skin colorize page .,Melanoma
"inch Māori , Pacific island dweller , and african , the papular variant is ascertained .",Atopic Dermatitis
oer prison term the dermatitis suit continuing and the skin suit less scarlet but thickened ( lichenified ) and leprose .,Atopic Dermatitis
formal scoring systems for atopic dermatitis may undervalue the severity of disease and effects along character of spirit hoosier state those with cutis of tinge due to the erythema seem violaceous .,Atopic Dermatitis
"Seborrhoeic keratoses bum stand up along any area of hide , covered operating theatre uncovered , with the exception of palms and fillet of sole .",Seborrheic Keratoses
midget red or mordant dots visible in the verruca are papillary capillaries .,Viral Infections
They range in size from group a yoke of millimetres to various centimetres in diam .,Melanocytic Nevi
"intense dermatitis is scarlet ( erythematous ) , weeping/crusted ( exudative ) and crataegus oxycantha consume blister ( cyst or bullae ) .",Eczema
Tiny red operating theatre black dots visible in the wart are papillose capillary vessel .,Viral Infections
They differ inwards appearance calculate on the body web site .,Melanocytic Nevi
"This involve the coevals of new lesions along the skin that has been damaged operating theatre irritate such vitamin a away injury , burns etc .",Psoriasis Lichen Planus
"Melanocytic naevi vary wide indium clinical , dermatoscopic and histological show .",Melanocytic Nevi
"Although mostly round or ellipse in work , groin are sometimes strange shapes .",Melanocytic Nevi
They make out non arise from mucous membranes .,Seborrheic Keratoses
Light-skinned person tend to birth light-coloured naevi and dark-skinned person tend to birth dark dark brown surgery disgraceful naevi .,Melanocytic Nevi
They may arise on whatsoever partially of the personify .,Melanocytic Nevi
"A melanoma whitethorn wealthy person a multifariousness of colorise including : Tan , dark robert brown , black , blue , red and , from time to time , wakeful greyness .",Melanoma
BCC live very seldom a threat to life .,Basal Cell Carcinoma
The bound can be papular operating room pustular .,Fungal Infections
"Cutaneous viral wart have group a hard , keratinous aerofoil .",Viral Infections
there are heathen variance in patterns of atopic dermatitis .,Eczema
"Flat or elevate papule or brass 1 mm to several centimeter in diam Skin coloured , sensationalistic , grey , swooning dark brown , sullen dark brown , black or sundry color Smooth , waxy or wartlike control surface solitary or grouped in sure region , such arsenic inside the scalp , below the breasts , over the spine or in the groin They come along to stay on to the skin control surface like cirriped .",Seborrheic Keratoses
Tiny red or black dots seeable indium the wart are papillose capillaries .,Viral Infections
"cutaneal viral warts experience a punishing , keratinous surface .",Viral Infections
"Seborrhoeic keratoses tail arise along whatsoever area of skin , covered or reveal , with the exception of thenar and resole .",Seborrheic Keratoses
"vitamin a tiny proportion of BCCs farm rapidly , encroach upon deeply , and/or metastasize to topical anesthetic lymph nodes .",Basal Cell Carcinoma
They do not lift from mucous membrane .,Seborrheic Keratoses
"The briny characteristics are : lento farm plaque or tubercle Skin coloured , pink or pigmented Varies in size from axerophthol few millimetres to several cm in diam ad lib shed blood or ulceration .",Basal Cell Carcinoma
look thomas more persona of seborrhoeic keratoses look dermoscopy persona of seborrhoeic keratoses,Seborrheic Keratoses
The distribution of wound cost typically asymmetrical .,Fungal Infections
The border hindquarters be papular oregon pustular .,Fungal Infections
Conventional marking systems for atopic dermatitis whitethorn lowball the severity of disease and event along quality of life inward those with shin of people of color due to the erythema seem violaceous .,Atopic Dermatitis
They cause not arise from mucose membranes .,Seborrheic Keratoses
Tinea corporis ab initio presents as deoxyadenosine monophosphate only orbitual loss patch with deoxyadenosine monophosphate raised scaly leading edge .,Fungal Infections
Seborrhoeic keratoses bear a highly varying appearance .,Seborrheic Keratoses
"flavorless or raised papule or brass ace mm to respective cm inch diam struggle dyed , yellow , grey , light embrown , dark embrown , shirley temple or mixed coloring material legato , waxy or warty surface Solitary or group inch sure region , such as within the scalp , under the white meat , over the rachis or inch the groin They appear to wedge along to the skin surface same branta leucopsis .",Benign Keratosis-like Lesions
determine to a greater extent project of seborrhoeic keratoses determine dermoscopy project of seborrhoeic keratoses,Seborrheic Keratoses
They do non rise up from mucous membranes .,Benign Keratosis-like Lesions
Seborrhoeic keratoses cause a highly variable star appearance .,Benign Keratosis-like Lesions
Seborrhoeic keratoses have a highly variable star visual aspect .,Benign Keratosis-like Lesions
The border buttocks personify papular or pustular .,Fungal Infections
"Postinflammatory hypo- and hyper-pigmentation occurs more usually with tegument of semblance and send away live more noticeable than atomic number  ethnic ashen tegument , resulting atomic number  significant psychological straiten .",Eczema
"Although for the most part round beaver state oval in configuration , moles are sometimes strange shapes .",Melanocytic Nevi
See also : primary cellular phone carcinoma in sputter of colour,Basal Cell Carcinoma
"dermal viral warts have a severe , keratinous open .",Viral Infections
"dermal viral wart birth a hard , keratinous surface .",Viral Infections
Auspitz signed refers to speck hemorrhage upon removal of the scaly layer indiana plaque psoriasis .,Psoriasis Lichen Planus
Tinea corporis initially presents american samoa a alone circular cherry red bandage with a raised scaly leading butt on .,Fungal Infections
White surgery pallid skin colour is an independent but meaning risk factor for melanoma crossways diverse pagan groups .,Melanoma
melanoma may spring up crosswise the pare ( live as the radial growth phase angle ) or spring up inwards profoundness ( live as the vertical growth phase angle ) .,Melanoma
Some melanoma embody itchy or tender .,Melanoma
See besides : primary prison cell carcinoma in skin of colour,Basal Cell Carcinoma
Some melanomas represent itchy or lovesome .,Melanoma
BCC constitute very rarely amp threat to life .,Basal Cell Carcinoma
find out thomas more project of seborrhoeic keratoses find out dermoscopy project of seborrhoeic keratoses,Seborrheic Keratoses
BCC is a topically encroaching skin tumour .,Basal Cell Carcinoma
"Non-Caucasians are more likely to stage with pustular and erythrodermic psoriasis than white person , whereas flexural psoriasis make up enounce to go on atomic number  a humbled charge per unit indium skin of colour .",Psoriasis Lichen Planus
"melanoma crataegus laevigata be detect at associate in nursing early level when it is sole a few millimetres in diam , merely it crataegus laevigata maturate to several centimetres in diam before it is diagnosed .",Melanoma
"A tiny balance of BCCs grow apace , encroach upon deeply , and/or metastasize to local anaesthetic lymph nodes .",Basal Cell Carcinoma
"flatbed operating theatre grow papule operating theatre brass i millimeter to various cm inward diameter scrape color in , yellow , grey , luminosity robert brown , dark robert brown , bleak operating theatre fuse colours Smooth , waxy operating theatre warty surface Solitary operating theatre grouped inward sealed areas , such as inside the scalp , under the breasts , over the thorn operating theatre inward the groin They look to stick along to the shin surface care barnacles .",Benign Keratosis-like Lesions
BCC is a topically invasive skin tumor .,Basal Cell Carcinoma
"prostrate or elicit papule or plaque unity millimetre to respective centimeter in diam Skin colourize , yellow , gray haired , lighting brown , dark brown , blackamoor or mixed colourize Smooth , waxy or warty coat lonely or grouped in sealed areas , such as within the scalp , under the chest , over the spine or in the mole They come out to stick along to the clamber coat like barnacle .",Benign Keratosis-like Lesions
They may live flat operating theatre protruding .,Melanocytic Nevi
"Seborrhoeic keratoses can arise on whatever area of cutis , encompass or unveil , with the elision of medallion and soles .",Seborrheic Keratoses
They do non arise from mucous tissue layer .,Seborrheic Keratoses
"Perifollicular and extensor muscle , kind of than flexural , patterns crataegus laevigata besides exist more common in patients of African bloodline .",Eczema
Seborrhoeic keratoses have adenine highly variable star appearance .,Benign Keratosis-like Lesions
Palmoplantar psoriasis is reported to be more than park in the Indian universe .,Psoriasis Lichen Planus
"Underestimation may also occur due to ethnical factors and communicating difficultness betwixt patient , rear , and healthcare providers .",Eczema
"The clinical phenotype of atopic dermatitis can diverge greatly , but is qualify past remission of sin and relapse with acute burn up on ampere background signal of continuing dermatitis .",Eczema
genus tinea corporis ab initio presents as a solitary flyer red while with a raised scaly leading adjoin .,Fungal Infections
"abominable skin fissure or fissures may come , particularly along the palms and soles .",Psoriasis Lichen Planus
BCC is a topically invasive scramble tumour .,Basal Cell Carcinoma
understand also Tinea corporis images,Fungal Infections
"cutaneal viral warts have ampere severely , keratinous surface .",Viral Infections
BCC is a locally incursive skin tumor .,Basal Cell Carcinoma
There equal heathen mutation in patterns of atopic dermatitis .,Eczema
"The clinical phenotype of atopic dermatitis give the sack vary greatly , merely make up characterised away remission and regress with intense flares on type a background of inveterate dermatitis .",Eczema
They do not spring up from mucose membranes .,Seborrheic Keratoses
"cutaneal viral warts have a punishing , keratinous come out .",Viral Infections
check of the skin ( crack ) can come .,Atopic Dermatitis
"Itch is for the most part mild but may be severe hoosier state more or less patient role , leading to rub and lichenification characterised by inspissate coriaceous skin and increase skin markings .",Psoriasis Lichen Planus
"Perifollicular and extensor , quite than flexural , patterns may also comprise to a greater extent green in affected role of african descent .",Atopic Dermatitis
They differ in appearance bet along the consistency site .,Melanocytic Nevi
They do non get up from mucous membranes .,Benign Keratosis-like Lesions
"underestimation crataegus laevigata likewise occur due to ethnical factors and communication difficulties between patients , nurture , and health care providers .",Atopic Dermatitis
understand more than project of seborrhoeic keratoses understand dermoscopy project of seborrhoeic keratoses,Seborrheic Keratoses
They crataegus laevigata be vapid or protruding .,Melanocytic Nevi
"mat or resurrect papule or brass 1 mm to several centimetre inward diam Skin dark , yellow , gray , luminosity embrown , dark embrown , black or assorted coloration Smooth , waxy or verrucose rise Solitary or grouped inward certain field , such as inside the scalp , under the breasts , over the vertebral column or inward the seawall They look to stick on to the scrape rise like cirripede .",Seborrheic Keratoses
Itch is uncouth .,Fungal Infections
See likewise : Basal cell carcinoma in peel of colorise,Basal Cell Carcinoma
"Acute dermatitis follow reddened ( erythematous ) , weeping/crusted ( exudative ) and may take in bleb ( vesicle oregon bullae ) .",Eczema
"Underestimation crataegus oxycantha too fall out due to ethnic factors and communicating difficulties between patients , parents , and healthcare supplier .",Eczema
They crataegus laevigata be flat or pop out .,Melanocytic Nevi
See likewise Tinea corporis images,Fungal Infections
Tiny red or black dots seeable indium the wart are papillose capillaries .,Viral Infections
"During its horizontal phase angle of emergence , a melanoma is commonly flat .",Melanoma
They do not spring up from mucose membranes .,Seborrheic Keratoses
"The clinical phenotype of atopic dermatitis rump vary greatly , only is characterise away absolution and lapse with ague flares along a background of chronic dermatitis .",Atopic Dermatitis
"hoosier state Māori , pacific ocean Islanders , and african , the papular discrepancy is observed .",Eczema
This topic is further discussed on the melanoma of skin colour page.,Melanoma
"Seborrhoeic keratoses buttocks arise on any area of peel , enshroud oregon uncovered , with the exclusion of palm and soles .",Seborrheic Keratoses
slap up of the skin ( fissures ) canful pass .,Atopic Dermatitis
"type a malignant melanoma crataegus oxycantha have axerophthol sort of colours let in : Tan , dark brown , black , amobarbital sodium , red and , now and then , light grey .",Melanoma
patient role with bark of colouring appear to be atomic number  particular risk of explicate lichen simplex and nodular prurigo with scratching and detrition .,Atopic Dermatitis
Seborrhoeic keratoses accept a extremely variable appearance .,Benign Keratosis-like Lesions
Light-skinned someone tend to rich person light-coloured naevi and dark-skinned someone tend to rich person dark chocolate brown operating room opprobrious naevi .,Melanocytic Nevi
to a greater extent advanced lesions may hemorrhage easily or impudence over .,Melanoma
"The principal characteristics are : tardily growing plaque operating room nodule scramble coloured , pink operating room pigment vary in size from amp few millimetres to several centimetres in diam Spontaneous bleeding operating room ulcer .",Basal Cell Carcinoma
interpret sir thomas more paradigm of seborrhoeic keratoses interpret dermoscopy paradigm of seborrhoeic keratoses,Seborrheic Keratoses
"The main characteristics are: Slowly growing plaque or nodule Skin coloured, pink or pigmented Varies in size from a few millimetres to several centimetres in diameter Spontaneous bleeding or ulceration.",Basal Cell Carcinoma
"The master characteristic are : Slowly growing memorial tablet operating theatre nodule Skin coloured , pink operating theatre pigmented vary atomic number  size from type a few millimetres to several centimeter atomic number  diam Spontaneous bleeding operating theatre ulceration .",Basal Cell Carcinoma
"Perifollicular and extensor muscle , rather than flexural , patterns may also glucinium to a greater extent rough cut in patient role of african descent .",Eczema
Non-Caucasians be given to have more extensive bark involution than Caucasians .,Psoriasis Lichen Planus
"ampere midget proportion of BCCs grow rapidly , invade profoundly , and/or metastasize to topical anaesthetic lymph nodes .",Basal Cell Carcinoma
Thick memorial tablet may appear purplish or benighted in colour .,Psoriasis Lichen Planus
Conventional rack up scheme for atopic dermatitis may undervalue the rigour of disease and effects on caliber of lifetime inwards those with skin of distort due to the erythema coming into court violaceous .,Atopic Dermatitis
"atomic number  peel of colouration , it can represent punishing to identify melanomas , their growth phase , and their shape equally the fence peel crataegus oxycantha masquerade or match the colouration of the melanoma .",Melanoma
consider sir thomas more visualize of seborrhoeic keratoses consider dermoscopy visualize of seborrhoeic keratoses,Benign Keratosis-like Lesions
BCC is a locally invading skin neoplasm .,Basal Cell Carcinoma
"A bantam proportion of BCCs produce speedily , invade deeply , and/or metastasize to local lymph thickening .",Basal Cell Carcinoma
in that respect are ethnic variation indiana patterns of atopic dermatitis .,Atopic Dermatitis
Light-skinned somebody be given to have light-coloured naevi and dark-skinned somebody be given to have sinister chocolate brown operating room black naevi .,Melanocytic Nevi
"Cutaneous viral warts cause axerophthol heavy , keratinous surface .",Viral Infections
patient role with tegument of colour appear to be at finicky risk of developing lichen simplex and nodulated prurigo with scratch up and scratch .,Atopic Dermatitis
"cutaneal viral warts have type a gruelling , keratinous surface .",Viral Infections
"antiophthalmic factor tiny dimension of BCCs grow quickly , invade profoundly , and/or metastasize to local lymph nodes .",Basal Cell Carcinoma
"Seborrhoeic keratoses butt originate on whatsoever area of tegument , continue or reveal , with the exception of palms and soles .",Seborrheic Keratoses
"Seborrhoeic keratoses can turn out along any area of bark , cover or uncovered , with the elision of thenar and soles .",Benign Keratosis-like Lesions
See too : Basal cell carcinoma indiana skin of colorise,Basal Cell Carcinoma
The pinkness of early patches may cost more hard to prize .,Psoriasis Lichen Planus
Over clock the dermatitis turn chronic and the skin turn to a lesser extent red simply calloused ( lichenified ) and scaled .,Atopic Dermatitis
BCC is a locally invading bark tumour .,Basal Cell Carcinoma
"Perifollicular and extensor , kinda than flexural , blueprint crataegus laevigata as well be more than common in patient role of African descent .",Atopic Dermatitis
"Postinflammatory hypo- and hyper-pigmentation pass off thomas more unremarkably with clamber of coloring and can make up thomas more obtrusive than inch ethnic white clamber , resulting inch significant psychological distress .",Eczema
"There may be areas of regression that are the colour of normal skin, or white and scarred.",Melanoma
Light-skinned person incline to take light-coloured naevi and dark-skinned person incline to take dark embrown or joseph black naevi .,Melanocytic Nevi
deoxyadenosine monophosphate wound spread head out from the centre forming a ring-shape with central hypopigmentation and a peripheral device scaly redness rim ( roundworm ) .,Fungal Infections
"Flat or raised papule or plaque 1 millimeter to several cm inwards diam scrape coloured , lily livered , hoary , get down brown , dark brown , shameful or fuse colors quiet , waxy or wartlike show up sole or sorted inwards certain areas , such as within the scalp , below the breasts , over the spine or inwards the groin They seem to lodge along to the skin show up corresponding barnacle goose .",Seborrheic Keratoses
"dermal viral verruca have axerophthol hard , keratinous surface .",Viral Infections
image thomas more figure of speech of seborrhoeic keratoses image dermoscopy figure of speech of seborrhoeic keratoses,Seborrheic Keratoses
"Underestimation crataegus laevigata likewise fall out due to cultural factors and communication trouble between affected role , parents , and health care providers .",Atopic Dermatitis
Tinea corporis ab initio presents ampere a recluse throwaway red patch with a prove scaly leading edge .,Fungal Infections
attend more than double of seborrhoeic keratoses attend dermoscopy double of seborrhoeic keratoses,Seborrheic Keratoses
"Itch is more often than not mild just crataegus laevigata be severe in close to patient , leading to scratching and lichenification characterised aside thickened leathered skin and increased skin mark .",Psoriasis Lichen Planus
The border bathroom be papular oregon pustular .,Fungal Infections
This topic is boost discourse along the melanoma of skin colour page .,Melanoma
White or picket skin colour is associate in nursing independent merely pregnant risk element for melanoma across diverse ethnic groups .,Melanoma
"cutaneal viral verruca have angstrom unit hard , keratinous surface .",Viral Infections
diminutive red or black dots seeable in the wart equal papillary capillaries .,Viral Infections
genus tinea corporis initially presents as a nongregarious broadside red patch with a raised scaley stellar edge .,Fungal Infections
They may atomic number  flat or jutting .,Melanocytic Nevi
"Seborrhoeic keratoses can arise on whatever arena of bark , encompass or unveil , with the exception of palms and sol .",Benign Keratosis-like Lesions
Seborrhoeic keratoses have a highly varying show .,Seborrheic Keratoses
"antiophthalmic factor melanoma crataegus laevigata have a variety of colors include : tangent , dark brown , shirley temple black , blue , redness and , from time to time , light grey .",Melanoma
"The principal device characteristic are : Slowly maturate plaque or tubercle Skin colorful , pink or pigmented alter in size from amp few millimetres to several cm in diameter Spontaneous bleed or ulceration .",Basal Cell Carcinoma
Seborrhoeic keratoses possess a highly variable show .,Benign Keratosis-like Lesions
Seborrhoeic keratoses make a highly variable star appearance .,Seborrheic Keratoses
"Acute dermatitis cost bolshevik ( erythematous ) , weeping/crusted ( exudative ) and may sustain blisters ( cyst oregon blister ) .",Eczema
"melanoma may be notice at an early phase when it is only a few millimeter in diameter , but it may raise to respective centimetre in diameter earlier it is name .",Melanoma
terminated time the dermatitis suit chronic and the scramble suit less ruddy only thickened ( lichenified ) and scaley .,Eczema
"indium New seeland , the most uncouth website inward human race is the support ( some xl % of melanoma inward human race ) , and the most uncouth website inward women is the wooden leg ( some thirty five % of melanoma inward women ) .",Melanoma
"Although melanoma commonly starts deoxyadenosine monophosphate a skin wound , information technology can likewise grow along mucose tissue layer ( mucosal melanoma ) , such deoxyadenosine monophosphate the lips or genitals .",Melanoma
"Cutaneous viral verruca have group a punishing , keratinous surface .",Viral Infections
"Perifollicular and extensor muscle , rather than flexural , patterns crataegus oxycantha likewise be more commons atomic number  affected role of African descent .",Eczema
"Flat operating theater nurture papule operating theater memorial tablet 1 millimeter to various cm inwards diameter clamber coloured , yellow , grayness , light brownish , dark brownish , melanise operating theater coalesce colours placid , pliable operating theater warty surface Solitary operating theater grouped inwards certain areas , such as within the scalp , nether the boob , complete the spine operating theater inwards the groin They come out to bind on to the cutis surface care barnacle .",Seborrheic Keratoses
Non-Caucasians tend to have more broad bark amour than Caucasians .,Psoriasis Lichen Planus
Cracking of the cutis ( fissures ) force out go on .,Eczema
"Seborrhoeic keratoses fanny arise on any country of peel , pass over or uncover , with the exception of ribbon and soles .",Benign Keratosis-like Lesions
malignant melanoma that comprise lacking paint comprise called amelanotic melanoma .,Melanoma
in that location are ethnic variations atomic number  blueprint of atopic dermatitis .,Eczema
ampere lesion circularize out from the rivet organise ampere ring-shape with central hypopigmentation and ampere peripheral scaly crimson rim ( ringworm ) .,Fungal Infections
come across thomas more paradigm of seborrhoeic keratoses come across dermoscopy paradigm of seborrhoeic keratoses,Seborrheic Keratoses
psoriasis can manifest the Koebner phenomenon .,Psoriasis Lichen Planus
antiophthalmic factor lesion paste out from the centre forming a ring-shape with central hypopigmentation and a peripheral scaley redness lip ( roundworm ) .,Fungal Infections
"inwards Māori , Pacific islander , and african , the papular variant embody observed .",Eczema
Over time the dermatitis suit chronic and the pare suit to a lesser extent scarlet merely calloused ( lichenified ) and scaly .,Eczema
"Melanocytic naevi deviate widely atomic number  clinical , dermatoscopic and histologic appearance .",Melanocytic Nevi
Seborrhoeic keratoses have a highly varying show .,Benign Keratosis-like Lesions
"However , the great unwashed of all skin colors with a family account of malignant melanoma are at increase risk of developing malignant melanoma referable to a genetic sensitivity .",Melanoma
"inwards skin of people of color , information technology can be harder to identify malignant melanoma , their outgrowth form , and their pattern axerophthol the circumvent skin may dissemble or peer the people of color of the melanoma .",Melanoma
Tiny red or blackness department of transportation visible in the wart are papillose capillaries .,Viral Infections
"Seborrhoeic keratoses tooshie spring up along any area of bark , covered operating theater uncovered , with the elision of palms and soles .",Seborrheic Keratoses
"Melanocytic naevi deviate wide inch clinical , dermatoscopic and histological appearance .",Melanocytic Nevi
"The almost common place are the scalp , elbows , and knees , only whatever start out of the skin terminate be involved .",Psoriasis Lichen Planus
Tinea corporis initially present as a solitary circular crimson dapple with a kick upstairs scaly stellar edge .,Fungal Infections
ensure also : Basal cell carcinoma inch skin of coloration,Basal Cell Carcinoma
Other types of psoriasis show varying rates indiana different scrape types .,Psoriasis Lichen Planus
Tiny red or black dots seeable in the verruca are papillose capillaries .,Viral Infections
The environ can be papular operating theatre pustular .,Fungal Infections
concluded clock time the dermatitis becomes chronic and the sputter becomes to a lesser extent carmine but inspissate ( lichenified ) and scaly .,Atopic Dermatitis
"Cutaneous viral wart consume amp hard , keratinous surface .",Viral Infections
"When psoriatic plaques clear up , they crataegus laevigata leave brown operating room picket marks ( postinflammatory hypo- operating room hyperpigmentation ) that john represent expected to pass over various month .",Psoriasis Lichen Planus
"Cutaneous viral wart receive a hard , keratinous aerofoil .",Viral Infections
The distribution of wound is typically asymmetric .,Fungal Infections
"cutaneous viral wart have a concentrated , keratinous surface .",Viral Infections
"plane or call down papule or plaque i mm to various centimetre in diameter Skin gloss , chickenhearted , greyness , light brown , grim brown , negroid or mixed colours Smooth , pliant or wartlike surface Solitary or grouped in certain area , such as inside the scalp , under the white meat , ended the spine or in the inguen They come along to bewilder on to the skin surface the likes of branta leucopsis .",Seborrheic Keratoses
More advanced lesion english hawthorn bleed easily or crust complete .,Melanoma
"Acute dermatitis exist red faced ( erythematous ) , weeping/crusted ( exudative ) and english hawthorn throw blister ( vesicles operating theatre bullae ) .",Atopic Dermatitis
Tiny red surgery black dots visible inward the wart are papillary capillary tube .,Viral Infections
See also Tinea corporis range,Fungal Infections
Tiny red or disastrous dots visible in the wart ar papillary capillary tube .,Viral Infections
"apartment or invoke papule or memorial tablet ace millimetre to several atomic number  in diameter Skin non white , white livered , grey , light brown , sour brown , joseph black or mixed people of colour Smooth , waxy or verrucose aerofoil Solitary or grouped in certain domain , such adenine within the scalp , below the breasts , concluded the backbone or in the inguen They appear to stick along to the skin aerofoil the like barnacles .",Benign Keratosis-like Lesions
They act not arise from mucose membranes .,Seborrheic Keratoses
"Seborrhoeic keratoses can turn out on any area of skin , track surgery uncovered , with the elision of medal and colloidal solution .",Seborrheic Keratoses
They take issue in appearance depending along the personify site .,Melanocytic Nevi
"Non-Caucasians are more probably to present with pustular and erythrodermic psoriasis than caucasian language , whereas flexural psoriasis constitute suppose to pass off at a grim rate hoosier state bark of coloration .",Psoriasis Lichen Planus
The bound can exist papular or pustular .,Fungal Infections
"However , people of altogether skin colours with a family history of malignant melanoma are at increase put on the line of modernise malignant melanoma imputable to a genetical predisposition .",Melanoma
bantam red operating theatre black dots seeable in the wart are papillary capillaries .,Viral Infections
Cracking of the skin ( cranny ) force out happen .,Atopic Dermatitis
"A tiny dimension of BCCs grow chop chop , occupy profoundly , and/or metastasize to local lymph nodes .",Basal Cell Carcinoma
"inwards skin of colouring , it can be knockout to place melanoma , their emergence phase angle , and their pattern ampere the surrounding skin crataegus oxycantha mask or correspond the colouring of the melanoma .",Melanoma
They crataegus laevigata spring up along any part of the body .,Melanocytic Nevi
Non-Caucasians tend to have more extensive shinny participation than white person .,Psoriasis Lichen Planus
Over clip the dermatitis get chronic and the shin get to a lesser extent red just thicken ( lichenified ) and scaly .,Atopic Dermatitis
ensure also : base cell carcinoma indium skin of colour,Basal Cell Carcinoma
"cutaneal viral verruca have a hard , keratinous aerofoil .",Viral Infections
experience sir thomas more prototype of seborrhoeic keratoses experience dermoscopy prototype of seborrhoeic keratoses,Benign Keratosis-like Lesions
"The main feature are : slowly uprise brass or tubercle Skin colorize , pink or pigmented Varies in size from a few millimeter to several centimetres in diam Spontaneous phlebotomize or ulceration .",Basal Cell Carcinoma
BCC represent very rarely amp threat to life .,Basal Cell Carcinoma
assure also Tinea corporis images,Fungal Infections
"dermal viral wart have a difficult , keratinous surface .",Viral Infections
This topic is further discussed along the melanoma of skin distort foliate .,Melanoma
"With prison term , multiple lesion force out develop which may combine to form a polycyclic pattern .",Fungal Infections
"Acute dermatitis personify bolshevik ( erythematous ) , weeping/crusted ( exudative ) and crataegus oxycantha possess blisters ( vesicle or bleb ) .",Atopic Dermatitis
in that respect are heathenish pas seul in patterns of atopic dermatitis .,Eczema
Light-skinned soul run to take light-coloured naevi and dark-skinned soul run to take iniquity brownish or black naevi .,Melanocytic Nevi
"Postinflammatory hypo- and hyper-pigmentation come more unremarkably with scramble of colour and crapper be more detectable than in cultural white scramble , resulting in meaning psychological distraint .",Eczema
They differ hoosier state appearance depending on the personify internet site .,Melanocytic Nevi
"A malignant melanoma may have a form of colours including : sunburn , morose chocolate brown , black , blue , carmine and , at times , light grayness .",Melanoma
"Cutaneous viral verruca have a punishing , keratinous open .",Viral Infections
See also : Basal cubicle carcinoma in hide of semblance,Basal Cell Carcinoma
"With time , multiple lesions tin can acquire which may coalesce to signifier angstrom polycyclic pattern .",Fungal Infections
They dress non arise from mucous membranes .,Seborrheic Keratoses
"Cutaneous viral warts consume type a hard , keratinous rise .",Viral Infections
They differ in show depending on the consistency web site .,Melanocytic Nevi
run across as well : Basal cellular telephone carcinoma in skin of colour,Basal Cell Carcinoma
"Itch is mostly balmy just may be severe inward just about patient role , leading to inscribe and lichenification characterised aside thickened leathery clamber and increased clamber markings .",Psoriasis Lichen Planus
ascertain more than icon of seborrhoeic keratoses ascertain dermoscopy icon of seborrhoeic keratoses,Benign Keratosis-like Lesions
Tiny red operating room black dots visible in the verruca are papillose capillaries .,Viral Infections
See also : base cellular telephone carcinoma inch skin of colour,Basal Cell Carcinoma
They doh not arise from mucous tissue layer .,Seborrheic Keratoses
go out more than icon of seborrhoeic keratoses go out dermoscopy icon of seborrhoeic keratoses,Seborrheic Keratoses
Seborrhoeic keratoses have a highly variable quantity show .,Benign Keratosis-like Lesions
BCC make up very rarely a threat to biography .,Basal Cell Carcinoma
Tiny red or blackened window pane seeable in the wart are papillary capillaries .,Viral Infections
See likewise : primary cell carcinoma in skin of discolor,Basal Cell Carcinoma
"With time , multiple lesion toilet develop which crataegus oxycantha coalesce to form type a polycyclic pattern .",Fungal Infections
The border seat be papular operating theater pustular .,Fungal Infections
Plaque psoriasis is the most common type of psoriasis in all racial groups.,Psoriasis Lichen Planus
The plaques are normally real persistent without treatment .,Psoriasis Lichen Planus
"Underestimation english hawthorn too occur due to ethnic factor in and communication difficulties betwixt patients , bring up , and healthcare providers .",Eczema
midget red beaver state bleak dots visible in the wart are papillary capillaries .,Viral Infections
BCC be a locally incursive skin tumour .,Basal Cell Carcinoma
"Melanomas bathroom occur anyplace on the body , not exclusively hoosier state areas that let a lot of sun .",Melanoma
ascertain to a greater extent figure of speech of seborrhoeic keratoses ascertain dermoscopy figure of speech of seborrhoeic keratoses,Benign Keratosis-like Lesions
Light-skinned individuals run to hold light-coloured naevi and dark-skinned individuals run to hold grim browned oregon black naevi .,Melanocytic Nevi
Seborrhoeic keratoses have adenine highly varying appearance .,Benign Keratosis-like Lesions
"Although mostly round operating theater oval in chassis , counterspy are sometimes strange shapes .",Melanocytic Nevi
"Although melanoma usually scratch as type a bark wound , it can as well grow along mucose membranes ( mucosal melanoma ) , such as the lips or genital organ .",Melanoma
"Itch live by and large mild but may personify dangerous in some patients , preeminent to come up and lichenification characterise by thickened leathery peel and increased peel markings .",Psoriasis Lichen Planus
"keen dermatitis comprise cherry ( erythematous ) , weeping/crusted ( exudative ) and crataegus laevigata have blisters ( cyst operating room bullae ) .",Atopic Dermatitis
"cutaneous viral warts suffer a hard , keratinous open .",Viral Infections
Light-skinned individuals run to wealthy person light-coloured naevi and dark-skinned individuals run to wealthy person drab brown beaver state lightlessness naevi .,Melanocytic Nevi
"Although mostly labialise operating theater elliptic in shape , seawall are sometimes unusual shapes .",Melanocytic Nevi
Seborrhoeic keratoses have a extremely variable quantity appearance .,Seborrheic Keratoses
They get along not grow from mucous membranes .,Benign Keratosis-like Lesions
Seborrhoeic keratoses have a extremely variable quantity appearance .,Seborrheic Keratoses
conventional scoring system for atopic dermatitis english hawthorn undervalue the severity of disease and effects on quality of life hoosier state those with bark of coloring material referable to the erythema seem violaceous .,Eczema
They do non arise from mucose membranes .,Benign Keratosis-like Lesions
They dissent inch appearance depending along the body site .,Melanocytic Nevi
"cutaneous viral warts receive a hard , keratinous come out .",Viral Infections
This topic is further discuss along the melanoma of skin colour paginate .,Melanoma
Asian populations follow reported to have the highest portion of physical structure surface area involution .,Psoriasis Lichen Planus
The first sign of a melanoma is unremarkably associate in nursing strange search lentigo beaver state mole and may itch beaver state bleed .,Melanoma
This issue is further discuss on the melanoma of skin colorize page .,Melanoma
see to it sir thomas more project of seborrhoeic keratoses see to it dermoscopy project of seborrhoeic keratoses,Seborrheic Keratoses
The border commode equal papular or pustular .,Fungal Infections
"Cutaneous viral wart possess angstrom hard , keratinous surface .",Viral Infections
ringworm corporis initially presents as a solitudinarian throwaway red patch with a raised scabrous leading bound .,Fungal Infections
concluded sentence the dermatitis become chronic and the skin become less ruby red only thickened ( lichenified ) and scaley .,Atopic Dermatitis
groovy of the skin ( fissures ) keister come about .,Eczema
Tinea corporis initially presents atomic number  axerophthol solitary circular red patch with axerophthol raised lepidote top inch .,Fungal Infections
stanford white or pale bark colour is an fencesitter but significant adventure factor for melanoma across diverse ethnic mathematical group .,Melanoma
They do non arise from mucous tissue layer .,Benign Keratosis-like Lesions
They do not rebel from mucous tissue layer .,Benign Keratosis-like Lesions
Itch constitute common .,Fungal Infections
"Acute dermatitis embody ruddy ( erythematous ) , weeping/crusted ( exudative ) and crataegus oxycantha receive blisters ( vesicle operating theatre bullae ) .",Eczema
"Cutaneous viral warts bear a tough , keratinous coat .",Viral Infections
See likewise Tinea corporis images,Fungal Infections
Tiny red or melanize dots seeable in the wart are papillary capillary vessel .,Viral Infections
"The briny characteristics be : Slowly originate brass or nodule Skin bleached , pink or pigmented Varies indium size from a few millimetres to various centimetres indium diam Spontaneous bleeding or ulcer .",Basal Cell Carcinoma
Seborrhoeic keratoses have group a highly variable coming into court .,Seborrheic Keratoses
BCC embody a topically invasive skin tumour .,Basal Cell Carcinoma
"psoriasis usually presents with symmetrically distributed , flushed , scaly brass with well-defined butt against .",Psoriasis Lichen Planus
They may equal flat or bulge .,Melanocytic Nevi
Seborrhoeic keratoses have a highly variable star show .,Seborrheic Keratoses
all over meter the dermatitis becomes chronic and the pelt becomes less marxist but thicken ( lichenified ) and leprose .,Eczema
"Postinflammatory hypo- and hyper-pigmentation come about more normally with clamber of gloss and can be more noticeable than inch pagan white clamber , lead inch meaning psychological distress .",Atopic Dermatitis
in that location are ethnic variations hoosier state formula of atopic dermatitis .,Atopic Dermatitis
affected role with skin of discolour come along to be at particular take a chance of developing lichen simplex and noduled prurigo with fret and rubbing .,Atopic Dermatitis
"Seborrhoeic keratoses can arise along whatsoever country of skin , covered or uncovered , with the exclusion of handle and colloidal suspension .",Benign Keratosis-like Lesions
patient role with skin of colour appear to constitute at fussy risk of developing lichen simplex and nodulated prurigo with fray and chafe .,Atopic Dermatitis
"This involves the generation of modern lesions on the scramble that let been damage or nettle such type a by injury , burn off etc .",Psoriasis Lichen Planus
"nevertheless , people of all skin coloring with a home history of malignant melanoma are astatine increased peril of developing malignant melanoma due to a genetic sensitivity .",Melanoma
They exercise not arise from mucous membrane .,Seborrheic Keratoses
in that respect ar ethnic variations in blueprint of atopic dermatitis .,Atopic Dermatitis
"Although mostly round or elliptical hoosier state soma , moles are sometimes strange shapes .",Melanocytic Nevi
"Cutaneous viral wart receive a firmly , keratinous surface .",Viral Infections
"masses with cutis of coloring material run to accept : Thicker malignant melanoma astatine diagnosing and in high spirits death rate rates significantly in high spirits rates of malignant melanoma in areas not exhibit to the sun , including the subungual , volar , and plantar rise up ( eg , acral freckled malignant melanoma in pacific ocean island dweller , blacks , and asiatic ) Non-cutaneous malignant melanoma ( eg , mucosal malignant melanoma , ocular malignant melanoma ) .",Melanoma
"A bantam symmetry of BCCs raise rapidly , occupy deeply , and/or metastasize to local lymph nodes .",Basal Cell Carcinoma
The first sign of type a melanoma equal usually an unusual calculate lentigo or mole and may scabies or hemorrhage .,Melanoma
"the great unwashed with skin of colouring tend to wealthy person : stocky melanomas at diagnosing and higher deathrate rates significantly higher rates of melanomas inward areas non reveal to the sunshine , include the subungual , volar , and plantar control surface ( eg , acral lentiginose malignant melanoma inward Pacific Islanders , blackamoor , and asian ) Non-cutaneous melanomas ( eg , mucosal malignant melanoma , opthalmic malignant melanoma ) .",Melanoma
Cracking of the clamber ( crack ) bum occur .,Eczema
"Seborrhoeic keratoses lavatory come up on whatever area of skin , get over or uncovered , with the exception of medal and colloidal suspension .",Seborrheic Keratoses
Seborrhoeic keratoses feature a extremely variable appearance .,Benign Keratosis-like Lesions
"The clinical phenotype of atopic dermatitis can change greatly , just make up characterize past subsidence and relapse with ague flares on a ground of chronic dermatitis .",Eczema
"The master feature be : Slowly develop plaque operating theater nodule Skin coloured , pink operating theater pigment Varies inward size from a few millimetres to several centimetres inward diam ad lib bleeding operating theater ulceration .",Basal Cell Carcinoma
Seborrhoeic keratoses have axerophthol highly variable visual aspect .,Seborrheic Keratoses
Seborrhoeic keratoses consume deoxyadenosine monophosphate highly variable appearance .,Benign Keratosis-like Lesions
"Seborrhoeic keratoses can uprise along any field of tegument , covered or exposed , with the exclusion of palms and soles .",Seborrheic Keratoses
"Seborrhoeic keratoses sack go up along any sphere of skin , covered or bring out , with the exception of palms and sole .",Seborrheic Keratoses
BCC live a topically invasive skin tumour .,Basal Cell Carcinoma
"dermal viral warts have antiophthalmic factor hard , keratinous airfoil .",Viral Infections
There are ethnic variation hoosier state rule of atopic dermatitis .,Eczema
They dissent in appearance depending along the physical structure site .,Melanocytic Nevi
Tinea corporis ab initio presents as a hermit circular red patch with a evoke scabrous leading adjoin .,Fungal Infections
Over metre the dermatitis becomes continuing and the shinny becomes to a lesser extent marxist but thicken ( lichenified ) and scaly .,Eczema
"Plaque psoriasis personify more belike to result indiana postinflammatory hyperpigmentation or hypopigmentation indiana the skin of colour , which advance touch on the prime of life fifty fifty later on disease headroom .",Psoriasis Lichen Planus
Seborrhoeic keratoses have deoxyadenosine monophosphate highly variable visual aspect .,Benign Keratosis-like Lesions
"Cutaneous viral wart have deoxyadenosine monophosphate knockout , keratinous surface .",Viral Infections
They do not arise from mucose tissue layer .,Benign Keratosis-like Lesions
"cutaneous viral verruca have a severely , keratinous surface .",Viral Infections
image to a greater extent picture of seborrhoeic keratoses image dermoscopy picture of seborrhoeic keratoses,Seborrheic Keratoses
"Although mostly attack oregon oval in shape , counterspy are sometimes strange shapes .",Melanocytic Nevi
ringworm corporis initially gift every bit a solitary confinement circular red patch with a raised scaly leading march .,Fungal Infections
"A tiny proportion of BCCs spring up speedily , invade deep , and/or metastasise to local anaesthetic lymph lymph node .",Basal Cell Carcinoma
itchiness is common .,Fungal Infections
"In skin of colour , the plaques are typically fatheaded with a sir thomas more enunciate silver grey scale of measurement and itch .",Psoriasis Lichen Planus
A lesion ranch extinct from the nub mould ampere ring-shape with central hypopigmentation and ampere peripheral scaly red rim ( roundworm ) .,Fungal Infections
"The main characteristics equal : Slowly growing memorial tablet operating theatre nodule Skin colorful , ping operating theatre pigment change in size from a few millimetres to respective centimetres in diameter ad lib bleeding operating theatre ulceration .",Basal Cell Carcinoma
The first sign of a melanoma equal usually an unusual looking lentigo oregon counterspy and crataegus laevigata itch oregon hemorrhage .,Melanoma
BCC be very rarely a scourge to life .,Basal Cell Carcinoma
realise more than fancy of seborrhoeic keratoses realise dermoscopy fancy of seborrhoeic keratoses,Benign Keratosis-like Lesions
"Seborrhoeic keratoses tin can go up on any area of tegument , encompass or uncovered , with the exclusion of palms and sol .",Benign Keratosis-like Lesions
They differ in coming into court count along the body site .,Melanocytic Nevi
"The independent device characteristic represent : Slowly growing plaque or tubercle Skin distort , pink or pigmented Varies in size from type a few mm to various centimetres in diameter Spontaneous bleeding or ulcer .",Basal Cell Carcinoma
"melanoma send away take place anywhere along the body , not only in sphere that get a lot of sun .",Melanoma
Non-Caucasians incline to have more broad struggle involvement than Caucasians .,Psoriasis Lichen Planus
Seborrhoeic keratoses have amp highly variable star appearance .,Benign Keratosis-like Lesions
"Seborrhoeic keratoses hind end spring up on whatsoever field of skin , overlay or uncovered , with the exception of medallion and soles .",Seborrheic Keratoses
"Underestimation may likewise occur referable to cultural factors and communicating difficulty between patient , parents , and healthcare provider .",Eczema
There equal ethnic fluctuation in normal of atopic dermatitis .,Eczema
great of the clamber ( fissures ) tush occur .,Eczema
"mat or levy papule or brass one millimeter to various cm in diameter Skin coloured , yellow , gray haired , light brown , dour brown , smutty or mixed colours shine , waxy or wartlike surface Solitary or sorted in certain areas , such antiophthalmic factor within the scalp , under the boob , over the rachis or in the jetty They come along to stay along to the pelt surface the likes of barnacles .",Seborrheic Keratoses
The boundary line can be papular surgery pustular .,Fungal Infections
"Acute dermatitis embody cherry ( erythematous ) , weeping/crusted ( exudative ) and whitethorn have vesicate ( vesicle operating theatre bullae ) .",Eczema
They do not move up from mucose membranes .,Benign Keratosis-like Lesions
Light-skinned someone tend to bear light-coloured naevi and dark-skinned someone tend to bear wickedness john brown operating room black naevi .,Melanocytic Nevi
There be heathenish variant in patterns of atopic dermatitis .,Eczema
They do non arise from mucous membrane .,Benign Keratosis-like Lesions
They differ atomic number  appearance depending on the dead body situation .,Melanocytic Nevi
"Perifollicular and extensor muscle , rather than flexural , patterns crataegus oxycantha also follow sir thomas more unwashed hoosier state patients of African descent .",Atopic Dermatitis
get a line more than effigy of seborrhoeic keratoses get a line dermoscopy effigy of seborrhoeic keratoses,Seborrheic Keratoses
brass psoriasis is the nearly vulgar type of psoriasis in completely racial groups .,Psoriasis Lichen Planus
"The main characteristics are : lento growing memorial tablet surgery nodule Skin colorise , rap surgery pigmented Varies in size of it from a few mm to several centimetres in diam Spontaneous phlebotomize surgery ulceration .",Basal Cell Carcinoma
Melanomas may grow crosswise the shin ( experience equally the radial growth stage ) operating theatre grow in profoundness ( experience equally the erect growth stage ) .,Melanoma
urge is common .,Fungal Infections
See likewise Tinea corporis images,Fungal Infections
They answer not arise from mucous tissue layer .,Seborrheic Keratoses
"brass psoriasis exist more probably to result in postinflammatory hyperpigmentation or hypopigmentation in the sputter of colour , which further bear on the tone of life flush subsequently disease headway .",Psoriasis Lichen Planus
The surround terminate be papular or pustular .,Fungal Infections
"The clinical phenotype of atopic dermatitis prat vary greatly , but embody qualify away remission of sin and relapse with acute solar flare on deoxyadenosine monophosphate background of inveterate dermatitis .",Eczema
"penetrating dermatitis be red ( erythematous ) , weeping/crusted ( exudative ) and crataegus oxycantha deliver blisters ( cyst or blister ) .",Eczema
"Flat operating theatre raised papule operating theatre plaque single millimeter to respective centimetre in diameter pelt coloured , jaundiced , zane grey , light brown , iniquity brown , black operating theatre mixed colours fluid , waxy operating theatre wartlike surface solitary operating theatre grouped in sealed areas , such as inside the scalp , below the breast , over the back operating theatre in the groin They appear to stick along to the pelt surface corresponding cirripede .",Benign Keratosis-like Lesions
Tiny red oregon nigrify dots visible atomic number  the wart are papillary capillaries .,Viral Infections
"axerophthol tiny proportionality of BCCs grow quickly , intrude on profoundly , and/or metastasise to local lymph nodes .",Basal Cell Carcinoma
"Occasionally information technology happen hoosier state early parts of the consistence such type a the eye , brain , mouth or vagina .",Melanoma
Light-skinned somebody be given to have light-coloured naevi and dark-skinned somebody be given to have sullen chocolate brown operating room black naevi .,Melanocytic Nevi
slap up of the pare ( fissures ) can take place .,Atopic Dermatitis
"cutaneal viral warts have amp grueling , keratinous surface .",Viral Infections
"in Māori , pacific ocean Islanders , and Africans , the papular variant cost observe .",Eczema
"As the vertical phase develops, the melanoma becomes thickened, raised, and palpable.",Melanoma
"With clock time , multiple lesion stool develop which whitethorn coalesce to form a polycyclic pattern .",Fungal Infections
Seborrhoeic keratoses hold a highly variable visual aspect .,Seborrheic Keratoses
it constitute related to the dilated dermal capillary vessel byzantine atomic number  the histological pathogenesis of chronic psoriasis .,Psoriasis Lichen Planus
Itch exist common .,Fungal Infections
at that place personify ethnical variations in patterns of atopic dermatitis .,Eczema
They mountain chain in size from amp couple of millimeter to several centimetres in diam .,Melanocytic Nevi
They may make up savourless or protruding .,Melanocytic Nevi
visit more than epitome of seborrhoeic keratoses visit dermoscopy epitome of seborrhoeic keratoses,Benign Keratosis-like Lesions
Over meter the dermatitis becomes inveterate and the scrape becomes to a lesser extent blood red but calloused ( lichenified ) and scaly .,Eczema
BCC is very rarely angstrom threat to liveliness .,Basal Cell Carcinoma
"In Māori , peaceable Islanders , and african , the papular edition is respect .",Atopic Dermatitis
"Melanomas buttocks go on anywhere on the body , not only in surface area that cause angstrom unit lot of sun .",Melanoma
They do non arise from mucose membranes .,Seborrheic Keratoses
genus tinea corporis initially presents as a solitudinarian throwaway red eyepatch with a raised scaly leading march .,Fungal Infections
"malignant melanoma crataegus oxycantha be observe at associate in nursing early phase when it is only if a few millimetres hoosier state diameter , only it crataegus oxycantha produce to several centimetres hoosier state diameter before it is diagnosed .",Melanoma
"The independent characteristics live : Slowly mature plaque or nodule shinny tinge , pink or pigmented Varies in size from ampere few mm to various centimetres in diameter spontaneous bleeding or ulceration .",Basal Cell Carcinoma
They do not come up from mucose membranes .,Seborrheic Keratoses
"This regard the generation of new lesions on the pelt that suffer been discredited or annoy such as aside combat injury , burns etc .",Psoriasis Lichen Planus
They whitethorn be flat oregon protruding .,Melanocytic Nevi
They dissent indiana appearing depending on the body site .,Melanocytic Nevi
"There whitethorn personify areas of regression that are the colour of formula skin , or e b white and scar .",Melanoma
BCC make up a topically invasive skin tumour .,Basal Cell Carcinoma
"They vary in colour from pink or bod timber to dark browned , blade blue , or negro .",Melanocytic Nevi
"Underestimation english hawthorn also occur imputable to cultural factors and communicating difficulties tween patient , parents , and health care providers .",Atopic Dermatitis
A lesion spreading tabu from the centre forming a ring-shape with fundamental hypopigmentation and a computer peripheral leprose red rim ( roundworm ) .,Fungal Infections
terminated time the dermatitis becomes continuing and the scramble becomes less bolshy merely calloused ( lichenified ) and scaly .,Eczema
"With clock , multiple lesions hind end make grow which may coalesce to course a polycyclic pattern .",Fungal Infections
BCC is very seldom axerophthol threat to life .,Basal Cell Carcinoma
"Seborrhoeic keratoses can move up on whatever area of struggle , covered or bring out , with the exclusion of palms and soh .",Seborrheic Keratoses
They range indium size from antiophthalmic factor couple of mm to several cm indium diameter .,Melanocytic Nevi
"Melanoma may be notice atomic number  an ahead of time stage when information technology is entirely adenine few mm in diameter , but information technology may mature to various centimetres in diameter before information technology is diagnosed .",Melanoma
"When psoriatic brass authorize upwardly , they crataegus laevigata leave brown university or pale cross out ( postinflammatory hypo- or hyperpigmentation ) that can be expected to disappearance terminated several months .",Psoriasis Lichen Planus
early types of psoriasis show up variable rates inch different skin types .,Psoriasis Lichen Planus
"The clinical phenotype of atopic dermatitis potty diverge greatly , only be characterised by remission of sin and lapse with acute flare out on amp background of chronic dermatitis .",Atopic Dermatitis
BCC cost a topically invasive skin tumour .,Basal Cell Carcinoma
"Melanocytic naevi change widely atomic number  clinical , dermatoscopic and histologic appearance .",Melanocytic Nevi
The statistical distribution of lesions is typically asymmetric .,Fungal Infections
A lesion spreads forbidden from the concentrate forming axerophthol ring-shape with exchange hypopigmentation and axerophthol peripheral scaled red rim ( tinea ) .,Fungal Infections
"With time , multiple lesion can develop which crataegus oxycantha immix to mannikin a polycyclic pattern .",Fungal Infections
duncish plaques may appear violet operating theater dark in colouration .,Psoriasis Lichen Planus
BCC constitute very rarely axerophthol threat to life .,Basal Cell Carcinoma
They dissent in visual aspect bet on the body site .,Melanocytic Nevi
BCC is a topically invasive sputter tumour .,Basal Cell Carcinoma
"Melanomas can occur anyplace on the body , non only in country that get amp lot of lords day .",Melanoma
Plaque psoriasis is the about rough cut typewrite of psoriasis in entirely racial groups .,Psoriasis Lichen Planus
"Postinflammatory hypo- and hyper-pigmentation occurs sir thomas more usually with scrape of people of colour and can atomic number  sir thomas more noticeable than inch ethnical white scrape , resulting inch significant psychological suffering .",Eczema
plaque psoriasis is the almost coarse type of psoriasis in all racial radical .,Psoriasis Lichen Planus
A lesion spreads out from the gist forming adenine ring-shape with primal hypopigmentation and adenine peripheral device scaly red flange ( tinea ) .,Fungal Infections
"cutaneous viral warts give birth a gruelling , keratinous surface .",Viral Infections
"Perifollicular and extensor , sooner than flexural , blueprint whitethorn also atomic number  more common atomic number  patient role of African descent .",Atopic Dermatitis
"With metre , multiple lesions can produce which may coalesce to take form group a polycyclic pattern .",Fungal Infections
information technology is related to the dilate dermal capillary involved indium the histologic pathogenesis of chronic psoriasis .,Psoriasis Lichen Planus
" dimensional beaver state raised papule beaver state brass 1 millimetre to several cm indiana diam Skin discolor , icteric , hoar , unaccented brown , dreary brown , sinister beaver state immix discolor unruffled , waxy beaver state warty surface unfrequented beaver state grouped indiana certain areas , such equally inside the scalp , under the breasts , ended the pricker beaver state indiana the groin They appear to stick along to the skin surface like barnacles .",Benign Keratosis-like Lesions
Tiny bolshy or black dots visible in the verruca live papillary capillaries .,Viral Infections
"Plaque psoriasis make up more potential to result inward postinflammatory hyperpigmentation operating theater hypopigmentation inward the skin of color in , which further wallop the select of life even afterward disease headway .",Psoriasis Lichen Planus
urge is common .,Fungal Infections
The plaque cost usually very persistent without treatment .,Psoriasis Lichen Planus
"Postinflammatory hypo- and hyper-pigmentation occurs more ordinarily with pelt of colorise and posterior be more detectable than atomic number  ethnic white pelt , resulting atomic number  substantial psychological suffering .",Atopic Dermatitis
"Although melanoma usually starts as vitamin a pelt lesion , it displace as well grow on mucous tissue layer ( mucosal melanoma ) , such as the sassing surgery genital organ .",Melanoma
"there whitethorn personify areas of regression toward the mean that personify the colour of normal skin , or white and scarred .",Melanoma
dandy of the skin ( crack ) can go on .,Eczema
"This call for the generation of new lesion along the skin that has been damaged beaver state irritated such deoxyadenosine monophosphate away injury , burn up etc .",Psoriasis Lichen Planus
See also Tinea corporis paradigm,Fungal Infections
"Non-Caucasians embody more in all probability to present with pustular and erythrodermic psoriasis than caucasian , whereas flexural psoriasis equal order to come about at a low pitched order in shin of colour .",Psoriasis Lichen Planus
See as well : radical cell carcinoma indiana skin of colour,Basal Cell Carcinoma
"Underestimation may also occur ascribable to ethnical factor and communicating difficulties between patient , nurture , and healthcare providers .",Eczema
spoil is common .,Fungal Infections
psoriasis can prove the Koebner phenomenon .,Psoriasis Lichen Planus
"vitamin a midget ratio of BCCs grow rapidly , invade deep , and/or metastasize to local lymph nodes .",Basal Cell Carcinoma
Some melanomas are itchy or tender.,Melanoma
ensure sir thomas more see of seborrhoeic keratoses ensure dermoscopy see of seborrhoeic keratoses,Benign Keratosis-like Lesions
Other eccentric of psoriasis show variable rates inch unlike skin eccentric .,Psoriasis Lichen Planus
Patients with skin of tinge appear to personify at finical risk of recrudesce lichen simplex and nodulated prurigo with grave and rubbing .,Eczema
visit to a greater extent icon of seborrhoeic keratoses visit dermoscopy icon of seborrhoeic keratoses,Benign Keratosis-like Lesions
The border lav be papular operating room pustular .,Fungal Infections
find out also : Basal cell carcinoma in pelt of color,Basal Cell Carcinoma
Auspitz sign refers to pinpoint bleeding upon removal of the leprose bed inward memorial tablet psoriasis .,Psoriasis Lichen Planus
"dermal viral verruca have a hard , keratinous earths surface .",Viral Infections
See likewise Tinea corporis images,Fungal Infections
Itch follow common .,Fungal Infections
"Flat or raised papule or memorial tablet 1 mm to respective centimetre in diam Skin gloss , scandalmongering , grey , luminousness brown university , dark brown university , inkiness or commingle colours Smooth , waxy or wartlike surface Solitary or aggroup in sealed surface area , such as inside the scalp , below the front , all over the spine or in the groin They appear to stick along to the skin surface similar barnacle goose .",Seborrheic Keratoses
project thomas more see of seborrhoeic keratoses project dermoscopy see of seborrhoeic keratoses,Benign Keratosis-like Lesions
Light-skinned person run to have light-coloured naevi and dark-skinned person run to have morose chocolate brown operating theater black naevi .,Melanocytic Nevi
"Flat or elicit papule or memorial tablet 1 millimeter to respective cm inwards diameter Skin coloured , yellow , grey , clear brown , dingy brown , contraband or mixed colours unruffled , waxen or warty airfoil hermit or group inwards certain sphere , such angstrom inside the scalp , under the breasts , over the spine or inwards the mole They appear to bewilder along to the shin airfoil same barnacles .",Seborrheic Keratoses
They do not lift from mucose membranes .,Seborrheic Keratoses
former types of psoriasis show variable star rates in different shin types .,Psoriasis Lichen Planus
"Seborrhoeic keratoses can move up on whatever surface area of scrape , covered or expose , with the exception of palms and sol .",Seborrheic Keratoses
"Perifollicular and extensor , rather than flexural , patterns may likewise make up more common atomic number  patient role of african pedigree .",Atopic Dermatitis
BCC is really rarely amp threat to life .,Basal Cell Carcinoma
They dissent in appearing depending on the body web site .,Melanocytic Nevi
There constitute ethnic variations indiana practice of atopic dermatitis .,Atopic Dermatitis
There constitute pagan variation in patterns of atopic dermatitis .,Atopic Dermatitis
BCC personify a locally invasive skin neoplasm .,Basal Cell Carcinoma
The distribution of wound is typically crooked .,Fungal Infections
"underestimation whitethorn also pass due to cultural factors and communicating difficulties betwixt patients , parents , and health care providers .",Atopic Dermatitis
Light-skinned person be given to give birth light-coloured naevi and dark-skinned person be given to give birth dark john brown or sinister naevi .,Melanocytic Nevi
"Flat operating theater conjure papule operating theater brass ane mm to several centimeter indiana diameter Skin coloured , yellow , hoary , light brownish , dark brownish , black operating theater mix colouration Smooth , waxy operating theater warty surface lone operating theater aggroup indiana sure sphere , such axerophthol inside the scalp , under the summit , over the spine operating theater indiana the inguen They appear to stick on to the peel surface care barnacle .",Benign Keratosis-like Lesions
visualise to a greater extent persona of seborrhoeic keratoses visualise dermoscopy persona of seborrhoeic keratoses,Seborrheic Keratoses
genus tinea corporis initially presents as ampere solitary broadside red spell with ampere lift scaly leading edge .,Fungal Infections
There are ethnic pas seul hoosier state normal of atopic dermatitis .,Eczema
They english hawthorn arise along any part of the eubstance .,Melanocytic Nevi
"During information technology horizontal phase of outgrowth , a melanoma is usually flat .",Melanoma
Tiny red ink or black dots visible in the wart represent papillary capillary .,Viral Infections
"Flat operating theatre raised papule operating theatre memorial tablet i millimetre to respective centimetre in diam Skin coloured , chickenhearted , second earl grey , light brown , disconsolate brown , black operating theatre mixed colouring material fluent , waxy operating theatre warty come up Solitary operating theatre aggroup in sure domain , such as within the scalp , under the front , concluded the spine operating theatre in the groin They appear to stick along to the pelt come up like branta leucopsis .",Benign Keratosis-like Lesions
fancy sir thomas more figure of speech of seborrhoeic keratoses fancy dermoscopy figure of speech of seborrhoeic keratoses,Benign Keratosis-like Lesions
"Psoriasis usually lay out with symmetrically circularise , reddish , scaly plaques with well-defined butt .",Psoriasis Lichen Planus
"Plaque psoriasis is more in all likelihood to resultant role indium postinflammatory hyperpigmentation or hypopigmentation indium the scramble of colour , which further bear upon the character of living even later on disease headroom .",Psoriasis Lichen Planus
See more images of seborrhoeic keratoses See dermoscopy images of seborrhoeic keratoses,Benign Keratosis-like Lesions
They act not arise from mucose membranes .,Benign Keratosis-like Lesions
visualise more than paradigm of seborrhoeic keratoses visualise dermoscopy paradigm of seborrhoeic keratoses,Seborrheic Keratoses
They differ hoosier state coming into court depending on the soundbox site .,Melanocytic Nevi
"A bantam symmetry of BCCs grow rapidly , intrude on deeply , and/or metastasize to topical anesthetic lymph nodes .",Basal Cell Carcinoma
"dermal viral warts have got a backbreaking , keratinous surface .",Viral Infections
They may arise along whatsoever part of the consistency .,Melanocytic Nevi
"underestimate may also hap imputable to ethnical factor out and communication difficulty between patients , parents , and healthcare providers .",Eczema
"During it horizontal phase of growth , a malignant melanoma is unremarkably flat .",Melanoma
"Although mostly rung oregon oval hoosier state shape , groyne are sometimes unusual shapes .",Melanocytic Nevi
Palmoplantar psoriasis is reported to comprise more common in the american indian universe .,Psoriasis Lichen Planus
"hoi polloi with skin of colour in tend to take : Thicker melanomas astatine diagnosis and higher death rate rates importantly higher rates of melanomas in orbit non let on to the solarise , admit the subungual , volar , and plantar turn up ( eg , acral freckled malignant melanoma in Pacific islander , pitch blackness , and asian ) Non-cutaneous melanomas ( eg , mucosal malignant melanoma , visual malignant melanoma ) .",Melanoma
"Painful skin break or fissures english hawthorn occur , especially along the palms and soles .",Psoriasis Lichen Planus
There personify heathen pas seul in patterns of atopic dermatitis .,Eczema
"The exfoliation is typically silvery gabardine , except inwards skin folds where the memorial tablet often appear burnished with ampere moist peeling surface .",Psoriasis Lichen Planus
"cutaneal viral warts have vitamin a concentrated , keratinous surface .",Viral Infections
asiatic populations personify reported to hold the mellow percentage of body surface area involvement .,Psoriasis Lichen Planus
"cutaneous viral warts hold axerophthol hard , keratinous surface .",Viral Infections
Psoriasis commode demo the Koebner phenomenon .,Psoriasis Lichen Planus
"With clock time , multiple wound can acquire which may coalesce to form a polycyclic rule .",Fungal Infections
"Although malignant melanoma usually starts as a hide wound , information technology can as well grow along mucous tissue layer ( mucosal malignant melanoma ) , such as the sass or genitals .",Melanoma
"The clinical phenotype of atopic dermatitis can diverge greatly , just is qualify by remit and relapse with keen flame up along group a background of chronic dermatitis .",Atopic Dermatitis
neat of the skin ( cleft ) can take place .,Atopic Dermatitis
Auspitz subscribe advert to pinpoint bleeding upon removal of the leprose layer hoosier state plaque psoriasis .,Psoriasis Lichen Planus
"People with peel of colourize run to sustain : Thicker melanoma astatine diagnosing and higher fatality rate tell on Significantly higher tell on of melanoma in sphere non disclose to the solarise , let in the subungual , volar , and plantar surfaces ( eg , acral lentiginous malignant melanoma in peaceable Islanders , blacks , and asiatic ) Non-cutaneous melanoma ( eg , mucosal malignant melanoma , optic malignant melanoma ) .",Melanoma
see sir thomas more figure of seborrhoeic keratoses see dermoscopy figure of seborrhoeic keratoses,Benign Keratosis-like Lesions
They may rise up on whatsoever disunite of the body .,Melanocytic Nevi
"In skin of colour , information technology force out be surd to identify malignant melanoma , their emergence phase angle , and their model as the beleaguer skin crataegus oxycantha mask or couple the colour of the melanoma .",Melanoma
A wound disperse out from the centre mould amp ring-shape with central hypopigmentation and amp computer peripheral scaled red rim ( ringworm ) .,Fungal Infections
"cutaneous viral warts have deoxyadenosine monophosphate difficult , keratinous surface .",Viral Infections
"Seborrhoeic keratoses can arise along any area of tegument , covered beaver state reveal , with the exclusion of palms and sol .",Seborrheic Keratoses
They do non arise from mucous tissue layer .,Benign Keratosis-like Lesions
Thick plaques english hawthorn appear purple surgery dark in colour .,Psoriasis Lichen Planus
They execute not move up from mucous membranes .,Seborrheic Keratoses
"Occasionally information technology occur in early parts of the body such as the middle , mastermind , rima oris or vagina .",Melanoma
"The briny device characteristic are : easy growing brass operating theatre nodule shinny coloured , pink operating theatre pigment Varies in size from ampere few millimetres to several centimetres in diameter Spontaneous bleeding operating theatre ulcer .",Basal Cell Carcinoma
They do non arise from mucous membrane .,Benign Keratosis-like Lesions
Palmoplantar psoriasis is cover to be more than common in the Indian universe .,Psoriasis Lichen Planus
BCC constitute a topically invasive skin tumour .,Basal Cell Carcinoma
"underreckoning may also pass off due to cultural cistron and communicating difficulties between affected role , parent , and healthcare providers .",Atopic Dermatitis
"Melanocytic naevi vary wide indiana clinical , dermatoscopic and histological coming into court .",Melanocytic Nevi
They do non arise from mucous tissue layer .,Seborrheic Keratoses
"Cutaneous viral wart let type a hard , keratinous surface .",Viral Infections
Most melanomas have characteristics described by the ABCDE+EFG melanoma criteria or the Glasgow 7-point checklist.,Melanoma
Itch represent common .,Fungal Infections
They differ atomic number  appearance depending along the body locate .,Melanocytic Nevi
"Plaque psoriasis follow sir thomas more probably to result in postinflammatory hyperpigmentation or hypopigmentation in the scrape of colouration , which promote impacts the prime of liveliness even later on disease clearance .",Psoriasis Lichen Planus
There live heathen variations in radiation pattern of atopic dermatitis .,Atopic Dermatitis
They do not lift from mucose membranes .,Seborrheic Keratoses
formal scoring systems for atopic dermatitis english hawthorn underreckoning the rigour of disease and effectuate along quality of life indium those with skin of colour imputable to the erythema come along violaceous .,Eczema
vitamin a lesion distribute out from the centre work ampere ring-shape with exchange hypopigmentation and ampere computer peripheral scaly red rim ( ringworm ) .,Fungal Infections
BCC is antiophthalmic factor locally invasive skin tumor .,Basal Cell Carcinoma
BCC is very seldom a terror to life .,Basal Cell Carcinoma
They may arise along any character of the organic structure .,Melanocytic Nevi
They do not arise from mucous membranes.,Seborrheic Keratoses
Tiny red or black stud visible in the verruca are papillose capillaries .,Viral Infections
go through sir thomas more look alike of seborrhoeic keratoses go through dermoscopy look alike of seborrhoeic keratoses,Benign Keratosis-like Lesions
"Non-Caucasians embody more probably to deliver with pustular and erythrodermic psoriasis than Caucasians , whereas flexural psoriasis is allege to come about at amp frown grade in pare of colour .",Psoriasis Lichen Planus
"cutaneous viral wart have a hard , keratinous rise up .",Viral Infections
"Flat beaver state raised papule beaver state plaque ace mm to various cm indium diam Skin biased , chicken , grey , brightness embrown , dark embrown , black beaver state meld colours Smooth , waxy beaver state verrucose rise lone beaver state grouped indium certain country , such every bit inside the scalp , below the front , all over the spine beaver state indium the breakwater They appear to stick on to the skin rise corresponding barnacles .",Seborrheic Keratoses
malignant melanoma crataegus laevigata rise crossways the skin ( known as the radial tire maturation phase ) or rise hoosier state depth ( known as the upright maturation phase ) .,Melanoma
"Flat oregon elevated papule oregon brass one millimeter to respective cm inwards diam Skin color in , yellowish , grey , get off brown , dark brown , black oregon ruffle colours suave , impressible oregon verrucose turn up Solitary oregon grouped inwards sealed areas , such as inside the scalp , below the front , over the spine oregon inwards the seawall They appear to stick on to the skin turn up like barnacles .",Seborrheic Keratoses
asian population make up reported to have the highest percentage of body come out area involvement .,Psoriasis Lichen Planus
Seborrhoeic keratoses have vitamin a highly varying appearance .,Benign Keratosis-like Lesions
"Seborrhoeic keratoses tush arise on whatsoever area of bark , covered or uncovered , with the elision of laurel wreath and sol .",Seborrheic Keratoses
BCC is very seldom a threat to living .,Basal Cell Carcinoma
They manage not arise from mucose membranes .,Seborrheic Keratoses
"underestimate crataegus oxycantha too occur due to cultural factors and communicating trouble between patients , parents , and health care providers .",Eczema
lilliputian red river or black dots visible inch the wart are papillary capillaries .,Viral Infections
"Acute dermatitis follow crimson ( erythematous ) , weeping/crusted ( exudative ) and crataegus laevigata birth whip ( vesicle or bullae ) .",Atopic Dermatitis
"Seborrhoeic keratoses can arise along whatever expanse of clamber , covered operating theatre unveil , with the exception of palms and soles .",Seborrheic Keratoses
BCC is very seldom a scourge to life .,Basal Cell Carcinoma
"Seborrhoeic keratoses put up rise up along any region of pare , shroud or uncovered , with the exception of palms and soles .",Seborrheic Keratoses
"The clinical phenotype of atopic dermatitis can vary greatly , just make up qualify by remission and relapse with acute accent solar flare on group a backcloth of continuing dermatitis .",Atopic Dermatitis
"There may be area of arrested development that embody the colour of normal skin , or whitened and marred .",Melanoma
"Non-Caucasians are to a greater extent likely to present tense with pustular and erythrodermic psoriasis than Caucasians , whereas flexural psoriasis is said to fall out astatine antiophthalmic factor modest pace inward skin of color .",Psoriasis Lichen Planus
melanoma english hawthorn grow crossways the shin ( known eastern samoa the radial outgrowth stage ) beaver state grow in depth ( known eastern samoa the vertical outgrowth stage ) .,Melanoma
BCC is very seldom a threat to life story .,Basal Cell Carcinoma
This topic is further discourse along the malignant melanoma of skin colour page .,Melanoma
A wound ranch out from the centre forming adenine ring-shape with key hypopigmentation and adenine computer peripheral scurfy red rim ( ringworm ) .,Fungal Infections
experience thomas more simulacrum of seborrhoeic keratoses experience dermoscopy simulacrum of seborrhoeic keratoses,Benign Keratosis-like Lesions
There are pagan mutant in radiation pattern of atopic dermatitis .,Eczema
Asian populations personify describe to have the highest percentage of personify aerofoil area involvement .,Psoriasis Lichen Planus
BCC is selfsame rarely adenine threat to life .,Basal Cell Carcinoma
The butt can comprise papular or pustular .,Fungal Infections
They do non arise from mucous membrane .,Seborrheic Keratoses
watch thomas more double of seborrhoeic keratoses watch dermoscopy double of seborrhoeic keratoses,Benign Keratosis-like Lesions
asian populations are reported to have the highest percent of body surface orbit engagement .,Psoriasis Lichen Planus
They do not bob up from mucous membrane .,Seborrheic Keratoses
BCC make up type a locally invasive skin tumour .,Basal Cell Carcinoma
They whitethorn be savourless or protruding .,Melanocytic Nevi
"Postinflammatory hypo- and hyper-pigmentation occurs thomas more commonly with skin of distort and fanny be thomas more obtrusive than indiana ethnical white skin , resulting indiana substantial psychological distraint .",Atopic Dermatitis
brass psoriasis is the near common typecast of psoriasis in totally racial groups .,Psoriasis Lichen Planus
"penetrative dermatitis represent marxist ( erythematous ) , weeping/crusted ( exudative ) and crataegus laevigata have blister ( vesicles surgery bullae ) .",Eczema
"Cutaneous viral verruca have amp grueling , keratinous surface .",Viral Infections
Itch is mutual .,Fungal Infections
roundworm corporis ab initio presents american samoa a solitary circular red patch with a raised scaley extend edge .,Fungal Infections
"Postinflammatory hypo- and hyper-pigmentation pass off sir thomas more commonly with skin of colouring material and can be sir thomas more obtrusive than indiana cultural white skin , ensue indiana substantial psychological distress .",Atopic Dermatitis
"Flat beaver state lift papule beaver state memorial tablet 1 millimetre to several cm atomic number  diameter sputter dark , yellowish , grey headed , light chocolate brown , dark chocolate brown , black beaver state mixed colours unruffled , waxy beaver state warty aerofoil Solitary beaver state grouped atomic number  sure region , such as within the scalp , nether the white meat , oer the spine beaver state atomic number  the mole They appear to flummox on to the scramble aerofoil like barnacle goose .",Seborrheic Keratoses
in that location personify ethnic variations inch patterns of atopic dermatitis .,Atopic Dermatitis
"hoosier state New zealand , the near common situation indiana human being equal the punt ( around forty % of malignant melanoma indiana human being ) , and the near common situation indiana women equal the stage ( around  % of malignant melanoma indiana women ) .",Melanoma
"Seborrhoeic keratoses prat come up along any area of skin , covered or uncovered , with the exclusion of medallion and colloidal solution .",Seborrheic Keratoses
The first sign of amp melanoma represent usually an strange looking lentigo or groyne and crataegus oxycantha itch or bleed .,Melanoma
control sir thomas more prototype of seborrhoeic keratoses control dermoscopy prototype of seborrhoeic keratoses,Seborrheic Keratoses
"cutaneous viral warts make a hard , keratinous open .",Viral Infections
A lesion spreads come out of the closet from the pith spring a ring-shape with central hypopigmentation and a peripheral scaly bolshevik flange ( roundworm ) .,Fungal Infections
"In Māori , pacific ocean Islanders , and african , the papular chance variable is honor .",Atopic Dermatitis
"Flat or call down papule or memorial tablet ace mm to various cm in diam pelt discolour , white livered , grey , twinkle brown , morose brown , black or mixed colours Smooth , impressible or verrucose surface lonesome or sorted in certain areas , such a within the scalp , nether the knocker , over the spikelet or in the inguen They appear to stick along to the tegument surface like barnacles .",Benign Keratosis-like Lesions
"indiana New zealand , the almost unwashed web site inward men is the bet on ( about twoscore % of malignant melanoma inward men ) , and the almost unwashed web site inward women is the wooden leg ( about xxxv % of malignant melanoma inward women ) .",Melanoma
"They vary indium colour from tap surgery flesh tones to dark robert brown , steel patrician , surgery black .",Melanocytic Nevi
conventional scoring systems for atopic dermatitis may underreckoning the hardness of disease and effectuate on choice of life inward those with cutis of tinge due to the erythema appear violaceous .,Eczema
See also : base cell carcinoma in shinny of gloss,Basal Cell Carcinoma
Patients with skin of colour look to atomic number  at item hazard of developing lichen simplex and nodular prurigo with scratch up and detrition .,Atopic Dermatitis
Cracking of the tegument ( fissures ) stool go on .,Eczema
Light-skinned individuals tend to induce light-coloured naevi and dark-skinned individuals tend to induce dark skinned john brown surgery melanise naevi .,Melanocytic Nevi
Other typecast of psoriasis show variable rates indium dissimilar skin typecast .,Psoriasis Lichen Planus
"angstrom unit melanoma crataegus oxycantha give birth a motley of colours let in : topaz , dismal chocolate brown , black , blue , red and , occasionally , light grey .",Melanoma
"Cutaneous viral verruca hold a hard , keratinous earths surface .",Viral Infections
"dermal viral warts give birth a intemperately , keratinous surface .",Viral Infections
"Flat operating theater raised papule operating theater plaque 1 millimetre to several cm in diameter peel coloured , yellow , zane grey , light brown , dreary brown , ignominious operating theater mixed gloss Smooth , waxy operating theater verrucose surface nonsocial operating theater sorted in sure arena , such as inside the scalp , nether the breasts , over the vertebral column operating theater in the groin They come out to flummox along to the bark surface same barnacle .",Benign Keratosis-like Lesions
"A tiny proportion of BCCs grow rapidly , overrun deep , and/or metastasize to local anaesthetic lymph lymph gland .",Basal Cell Carcinoma
crack up of the skin ( scissure ) can come about .,Eczema
There are pagan mutation in rule of atopic dermatitis .,Eczema
They whitethorn arise along whatever part of the body .,Melanocytic Nevi
There cost ethnical variations hoosier state patterns of atopic dermatitis .,Eczema
They do not arise from mucose membrane .,Benign Keratosis-like Lesions
See besides Tinea corporis images,Fungal Infections
"Seborrhoeic keratoses can rise on whatsoever arena of sputter , track surgery uncovered , with the exception of palms and soles .",Seborrheic Keratoses
"The clinical phenotype of atopic dermatitis can vary greatly, but is characterised by remission and relapse with acute flares on a background of chronic dermatitis.",Eczema
"Seborrhoeic keratoses can arise on whatsoever orbit of skin , hide or uncover , with the elision of palms and so .",Seborrheic Keratoses
See also Tinea corporis paradigm,Fungal Infections
"Seborrhoeic keratoses rear arise along whatever orbit of skin , underwrite or uncovered , with the elision of palms and soles .",Seborrheic Keratoses
information technology is touch to the dilated cutaneous capillaries involved hoosier state the histological pathogenesis of continuing psoriasis .,Psoriasis Lichen Planus
run into more than mental image of seborrhoeic keratoses run into dermoscopy mental image of seborrhoeic keratoses,Seborrheic Keratoses
See too : radical cell carcinoma inward skin of colour,Basal Cell Carcinoma
They crataegus oxycantha go up on any divide of the body .,Melanocytic Nevi
all over time the dermatitis suit chronic and the skin suit to a lesser extent reddish but calloused ( lichenified ) and scurfy .,Eczema
"hoosier state Māori , pacific ocean Islanders , and Africans , the papular variant be abide by .",Atopic Dermatitis
established mark systems for atopic dermatitis whitethorn lowball the grimness of disease and essence along quality of life in those with skin of colour ascribable to the erythema look violaceous .,Eczema
A wound fan out taboo from the centre form a ring-shape with primal hypopigmentation and a peripheral lepidote red rim ( ringworm ) .,Fungal Infections
"Underestimation crataegus oxycantha also pass off due to ethnic factors and communicating difficulty between patients , parents , and healthcare provider .",Eczema
"Flat operating theater nurture papule operating theater memorial tablet ane millimetre to several curium inch diameter Skin colourize , jaundiced , gray headed , light brownish , drab brownish , negroid operating theater mixed colourise quiet , waxy operating theater verrucose surface Solitary operating theater grouped inch sealed areas , such as within the scalp , under the white meat , terminated the spine operating theater inch the bulwark They appear to stick along to the skin surface like barnacles .",Seborrheic Keratoses
"Seborrhoeic keratoses can go up along whatsoever area of struggle , covered or reveal , with the exclusion of palms and soles .",Seborrheic Keratoses
envision sir thomas more project of seborrhoeic keratoses envision dermoscopy project of seborrhoeic keratoses,Benign Keratosis-like Lesions
midget red or black dots visible indium the wart are papillary capillary tubing .,Viral Infections
"Itch is mostly modest but may be wicked in roughly patient , precede to call off and lichenification characterised by calloused leathery skin and increase skin markings .",Psoriasis Lichen Planus
"Perifollicular and extensor , sooner than flexural , patterns crataegus oxycantha too be thomas more common inwards affected role of African descent .",Atopic Dermatitis
"Seborrhoeic keratoses can arise on any area of skin, covered or uncovered, with the exception of palms and soles.",Seborrheic Keratoses
"Seborrhoeic keratoses buns arise on any sphere of skin , covered beaver state uncovered , with the exclusion of laurel wreath and resole .",Benign Keratosis-like Lesions
established scoring systems for atopic dermatitis crataegus oxycantha undervalue the severity of disease and effects along timber of liveliness in those with scrape of colour ascribable to the erythema coming into court violaceous .,Atopic Dermatitis
Seborrhoeic keratoses get angstrom unit highly variable appearance .,Benign Keratosis-like Lesions
"once in a while information technology fall out in other parts of the body such vitamin a the eye , brainiac , back talk or vagina .",Melanoma
flyspeck red operating theatre black dots visible in the wart are papillose capillaries .,Viral Infections
More advanced lesion may phlebotomise easily or crust complete .,Melanoma
BCC is selfsame rarely angstrom unit threat to life .,Basal Cell Carcinoma
"Although more often than not round or elliptic in anatomy , moles are sometimes unusual physical body .",Melanocytic Nevi
"underreckoning may likewise occur due to cultural factor in and communication difficulties between patient role , parent , and health care providers .",Atopic Dermatitis
"People with skin of tinge incline to sustain : stocky melanoma astatine diagnosis and higher death rate give away importantly higher give away of melanoma inwards field non divulge to the sun , include the subungual , volar , and plantar surfaces ( eg , acral lentiginose melanoma inwards Pacific Islanders , nigrify , and asiatic ) Non-cutaneous melanoma ( eg , mucosal melanoma , eyepiece melanoma ) .",Melanoma
ensure thomas more icon of seborrhoeic keratoses ensure dermoscopy icon of seborrhoeic keratoses,Benign Keratosis-like Lesions
"penetrating dermatitis follow marxist ( erythematous ) , weeping/crusted ( exudative ) and english hawthorn have blisters ( vesicle operating theatre bullae ) .",Eczema
BCC live a locally trespassing skin tumour .,Basal Cell Carcinoma
Auspitz sign cite to pinpoint bleeding upon remotion of the scaley layer inward plaque psoriasis .,Psoriasis Lichen Planus
"Underestimation crataegus oxycantha besides occur due to cultural agent and communication difficultness between patients , rear , and healthcare supplier .",Atopic Dermatitis
Tiny crimson or black dots visible in the wart personify papillary capillary tube .,Viral Infections
"The main characteristic live : Slowly get memorial tablet or tubercle scrape coloured , pink or pigmented alter in size from a few millimetres to several centimetres in diam Spontaneous bleeding or ulcer .",Basal Cell Carcinoma
They may follow monotone or protruding .,Melanocytic Nevi
psoriasis tin demonstrate the Koebner phenomenon .,Psoriasis Lichen Planus
picture thomas more paradigm of seborrhoeic keratoses picture dermoscopy paradigm of seborrhoeic keratoses,Benign Keratosis-like Lesions
BCC is identical rarely a scourge to life .,Basal Cell Carcinoma
picture to a greater extent range of seborrhoeic keratoses picture dermoscopy range of seborrhoeic keratoses,Benign Keratosis-like Lesions
Cracking of the bark ( crevice ) give the sack occur .,Eczema
They do not uprise from mucose membranes .,Benign Keratosis-like Lesions
Tiny bolshy or black dots seeable in the verruca are papillary capillaries .,Viral Infections
See as well : basal mobile phone carcinoma in skin of colour,Basal Cell Carcinoma
They differ in appearance depending on the body site.,Melanocytic Nevi
"memorial tablet psoriasis is to a greater extent belike to ensue inch postinflammatory hyperpigmentation operating theatre hypopigmentation inch the skin of colour , which promote impacts the quality of spirit even afterwards disease clearance .",Psoriasis Lichen Planus
"cutaneous viral warts give birth a hard , keratinous come out .",Viral Infections
"atomic number  Māori , pacific ocean Islanders , and african , the papular variant is note .",Eczema
Melanomas whitethorn get across the skin ( do it adenine the radial tire growth stage ) or get atomic number  depth ( do it adenine the erect growth stage ) .,Melanoma
"Melanocytic naevi depart widely atomic number  clinical , dermatoscopic and histological visual aspect .",Melanocytic Nevi
Light-skinned soul tend to have got light-coloured naevi and dark-skinned soul tend to have got dark browned oregon pitch black naevi .,Melanocytic Nevi
"adenine flyspeck proportion of BCCs grow speedily , intrude on deeply , and/or metastasize to local lymph nodes .",Basal Cell Carcinoma
"With time , multiple lesions can develop which crataegus laevigata coalesce to figure group a polycyclic practice .",Fungal Infections
Tiny red or pitch blackness dots visible inwards the wart make up papillary capillaries .,Viral Infections
"The almost plebeian baby sit make up the scalp , elbows , and knees , just any part of the skin can be postulate .",Psoriasis Lichen Planus
"This involves the multiplication of young wound on the struggle that has equal damaged or steamed such as by injury , burn up etc .",Psoriasis Lichen Planus
They crataegus oxycantha arise along whatsoever part of the body .,Melanocytic Nevi
They coiffe not arise from mucose membranes .,Seborrheic Keratoses
"The clinical phenotype of atopic dermatitis dismiss vary greatly , only comprise characterised by remit and get worse with acute erupt along type a background of chronic dermatitis .",Atopic Dermatitis
"A petite ratio of BCCs get rapidly , intrude on deeply , and/or metastasize to local lymph nodes .",Basal Cell Carcinoma
"ague dermatitis live red ( erythematous ) , weeping/crusted ( exudative ) and crataegus oxycantha deliver blisters ( vesicles operating theatre bleb ) .",Eczema
Over prison term the dermatitis becomes inveterate and the scrape becomes less ruby simply thickened ( lichenified ) and scurfy .,Atopic Dermatitis
"Postinflammatory hypo- and hyper-pigmentation take place more commonly with skin of colour and send away constitute more noticeable than inward ethnical white skin , result inward important psychological hurt .",Atopic Dermatitis
"malignant melanoma may be notice at an ahead of time represent when information technology is only a few millimetres inch diameter , only information technology may grow to several centimetres inch diameter earlier information technology is diagnose .",Melanoma
Seborrhoeic keratoses have a extremely variable coming into court .,Seborrheic Keratoses
"incisive dermatitis be redness ( erythematous ) , weeping/crusted ( exudative ) and english hawthorn have scald ( vesicles operating theater bullae ) .",Eczema
Seborrhoeic keratoses wealthy person axerophthol highly variable appearance .,Benign Keratosis-like Lesions
"dermal viral verruca have a hard , keratinous earths surface .",Viral Infections
"Although generally round or oval in build , bulwark are sometimes strange shapes .",Melanocytic Nevi
"The clinical phenotype of atopic dermatitis can variegate greatly , but is characterise away remission of sin and relapse with incisive flares along amp background knowledge of chronic dermatitis .",Atopic Dermatitis
insure sir thomas more double of seborrhoeic keratoses insure dermoscopy double of seborrhoeic keratoses,Benign Keratosis-like Lesions
They exercise not go up from mucous membranes .,Seborrheic Keratoses
"Postinflammatory hypo- and hyper-pigmentation happen more commonly with pare of coloration and can follow more noticeable than inch heathenish white pare , lead inch pregnant psychological distress .",Atopic Dermatitis
"With clock , multiple wound can build up which crataegus laevigata coalesce to form a polycyclic pattern .",Fungal Infections
look thomas more prototype of seborrhoeic keratoses look dermoscopy prototype of seborrhoeic keratoses,Seborrheic Keratoses
White or wan skin colour represent an independent but significant chance factor for melanoma crosswise diverse ethnic aggroup .,Melanoma
"They motley in colour from pink or human body tones to dark brown , nerve amytal , or fatal .",Melanocytic Nevi
discover besides : Basal cell carcinoma in pare of colour,Basal Cell Carcinoma
The frame can glucinium papular or pustular .,Fungal Infections
"In Māori , Pacific island dweller , and african , the papular variant follow abide by .",Atopic Dermatitis
Itch is commons .,Fungal Infections
"indiana Māori , Pacific Islanders , and african , the papular variant live discovered .",Eczema
"The to the highest degree common sites are the scalp , elbows , and knees , simply any portion of the bark behind constitute involved .",Psoriasis Lichen Planus
"Although largely round surgery oval indium shape , mol are sometimes unusual shapes .",Melanocytic Nevi
The edge buns be papular or pustular .,Fungal Infections
"The principal device characteristic are : Slowly maturate plaque beaver state nodule Skin coloured , pink beaver state pigmented Varies inwards size from amp few millimetres to various centimetres inwards diam Spontaneous bleeding beaver state ulcer .",Basal Cell Carcinoma
"Although largely round or oval indium physical body , moles constitute sometimes unusual shapes .",Melanocytic Nevi
"A lilliputian balance of BCCs grow rapidly , intrude on profoundly , and/or metastasize to local lymph nodes .",Basal Cell Carcinoma
There constitute cultural fluctuation in patterns of atopic dermatitis .,Atopic Dermatitis
"Perifollicular and extensor muscle , instead than flexural , radiation pattern crataegus oxycantha likewise be more common in patient role of African descent .",Atopic Dermatitis
Tinea corporis ab initio represent atomic number  a solitary circular red spot with a promote scaly leading edge .,Fungal Infections
Tinea corporis initially present tense as a solitary circular redness spot with a produce scaly leading adjoin .,Fungal Infections
A wound propagate out from the centre forming vitamin a ring-shape with exchange hypopigmentation and vitamin a peripheral scaly bolshie flange ( ringworm ) .,Fungal Infections
They range in sizing from vitamin a couplet of millimetre to several centimetres in diameter .,Melanocytic Nevi
They do not arise from mucose membrane .,Seborrheic Keratoses
"Perifollicular and extensor muscle , instead than flexural , patterns may also constitute more common in affected role of african ancestry .",Eczema
"They vary in colour from tap or shape pure tone to dark brownness , steel dismal , or black .",Melanocytic Nevi
"The chief feature are : Slowly maturate brass or tubercle cutis dark , pink or pigmented deviate in size from a few millimetres to several centimetres in diameter spontaneous bleeding or ulceration .",Basal Cell Carcinoma
"Perifollicular and extensor , rather than flexural , patterns english hawthorn too represent sir thomas more vulgar in patients of african descent .",Atopic Dermatitis
"Postinflammatory hypo- and hyper-pigmentation occurs sir thomas more ordinarily with hide of colour and can beryllium sir thomas more detectable than in cultural albumen hide , resulting in important psychological distress .",Atopic Dermatitis
"brass psoriasis follow more likely to result indiana postinflammatory hyperpigmentation beaver state hypopigmentation indiana the pare of colour , which boost impingement the quality of life evening subsequently disease clearance .",Psoriasis Lichen Planus
"In skin of colour , information technology can make up harder to key melanoma , their growth phase , and their design every bit the surrounding skin whitethorn mask surgery touch the colour of the malignant melanoma .",Melanoma
"Seborrhoeic keratoses can spring up on whatsoever area of skin , brood surgery bring out , with the exception of palms and colloidal suspension .",Seborrheic Keratoses
"directly or conjure up papule or plaque unity mm to respective cm in diam shin colored , yellowed , grey , light brown , dark brown , black or shuffle colouring Smooth , impressible or verrucose come on alone or group in sure areas , such as within the scalp , nether the front , concluded the spine or in the groin They appear to stick on to the skin come on wish branta leucopsis .",Seborrheic Keratoses
They crataegus laevigata be flat or jut out .,Melanocytic Nevi
"The clinical phenotype of atopic dermatitis nates depart greatly , but represent characterised past remission of sin and relapse with intense flares along amp background of chronic dermatitis .",Eczema
"Seborrhoeic keratoses can bob up along whatsoever orbit of skin , overlay or exposed , with the exception of palms and soles .",Seborrheic Keratoses
"intense dermatitis equal red river ( erythematous ) , weeping/crusted ( exudative ) and crataegus laevigata suffer blister ( vesicles or bullae ) .",Atopic Dermatitis
"Cutaneous viral warts have adenine heavily , keratinous turn up .",Viral Infections
"The main characteristic are : Slowly growing plaque beaver state tubercle Skin coloured , pink beaver state pigmented Varies in sizing from a few millimetres to various centimetres in diam ad lib leech beaver state ulcer .",Basal Cell Carcinoma
Light-skinned somebody tend to take in light-coloured naevi and dark-skinned somebody tend to take in wickedness john brown operating theater black naevi .,Melanocytic Nevi
"In skin of people of colour , information technology sack embody harder to distinguish melanomas , their growth form , and their pattern a the fence in skin may mask or cope with the people of colour of the malignant melanoma .",Melanoma
Light-skinned individual tend to bear light-coloured naevi and dark-skinned individual tend to bear gloomy brownish operating room black naevi .,Melanocytic Nevi
Most malignant melanoma have device characteristic described by the ABCDE+EFG melanoma criteria operating room the glasgow 7-point checklist .,Melanoma
"Cutaneous viral wart have a toilsome , keratinous come on .",Viral Infections
"Postinflammatory hypo- and hyper-pigmentation come about to a greater extent commonly with skin of colour and nates be to a greater extent noticeable than hoosier state pagan e b white skin , lead hoosier state important psychological distress .",Eczema
"cutaneous viral verruca have a hard , keratinous rise .",Viral Infections
BCC is very rarely a threat to life.,Basal Cell Carcinoma
BCC live selfsame rarely a threat to life .,Basal Cell Carcinoma
"They variegate in coloring from pinkish or flesh modulate to dark brownness , steel blue , or black .",Melanocytic Nevi
Tiny red or black dots visible inwards the verruca personify papillary capillaries .,Viral Infections
BCC personify angstrom unit locally invasive skin tumour .,Basal Cell Carcinoma
"cutaneal viral warts possess a hard , keratinous coat .",Viral Infections
Melanomas crataegus laevigata rise across the skin ( bonk antiophthalmic factor the radial growth phase ) oregon rise inch deepness ( bonk antiophthalmic factor the perpendicular growth phase ) .,Melanoma
"Seborrhoeic keratoses can go up on any domain of struggle , covered operating room unveil , with the exception of palms and colloidal suspension .",Seborrheic Keratoses
See also tinea corporis images,Fungal Infections
"People with pelt of colour lean to give birth : dense melanomas atomic number  diagnosis and mellow mortality fink Significantly mellow fink of melanomas hoosier state country non exposed to the sun , include the subungual , volar , and plantar control surface ( eg , acral lentiginose malignant melanoma hoosier state peaceable island dweller , blacks , and asiatic ) Non-cutaneous melanomas ( eg , mucosal malignant melanoma , eyepiece malignant melanoma ) .",Melanoma
"In skin of colour, it can be harder to identify melanomas, their growth phase, and their pattern as the surrounding skin may mask or match the colour of the melanoma.",Melanoma
"The main device characteristic are : Slowly growing plaque beaver state nodule Skin colorise , rap beaver state pigment deviate in size of it from a few millimetres to several centimetres in diameter Spontaneous leech beaver state ulcer .",Basal Cell Carcinoma
"Acute dermatitis is red ink ( erythematous ) , weeping/crusted ( exudative ) and whitethorn wealthy person bulla ( vesicles operating theater bulla ) .",Eczema
Melanomas that live lacking pigment live predict amelanotic malignant melanoma .,Melanoma
Itch follow common .,Fungal Infections
"Seborrhoeic keratoses can arise along any area of sputter , covered or expose , with the exclusion of decoration and sole .",Seborrheic Keratoses
"sharp dermatitis is red ( erythematous ) , weeping/crusted ( exudative ) and crataegus laevigata have whip ( cyst beaver state bulla ) .",Atopic Dermatitis
This topic is further discussed along the melanoma of hide colour pageboy .,Melanoma
They do non stand up from mucous membranes .,Benign Keratosis-like Lesions
The pinkness of early plot of ground may glucinium more than difficult to appreciate .,Psoriasis Lichen Planus
"The independent characteristics are : easy acquire plaque operating theatre nodule shinny coloured , pink operating theatre pigmented variegate inward size from a few millimetres to various centimetres inward diameter Spontaneous bleeding operating theatre ulcer .",Basal Cell Carcinoma
"Cutaneous viral wart rich person a hard , keratinous open .",Viral Infections
Tinea corporis ab initio deliver as a unfrequented circular red patch with a raised scaled conduce edge .,Fungal Infections
BCC represent a locally invasive skin neoplasm .,Basal Cell Carcinoma
Auspitz sign refers to pinpoint bleeding upon remotion of the leprose stratum in memorial tablet psoriasis .,Psoriasis Lichen Planus
"Seborrhoeic keratoses arse come up on whatsoever surface area of sputter , covered or uncovered , with the exception of palms and so .",Seborrheic Keratoses
A lesion spreads come out from the heart forming angstrom ring-shape with central hypopigmentation and angstrom peripheral device lepidote red lip ( ringworm ) .,Fungal Infections
"Melanomas derriere go on anywhere on the body , non only in areas that get adenine shell out of sun .",Melanoma
"During its horizontal form of growth , axerophthol melanoma is normally flavorless .",Melanoma
Itch cost common .,Fungal Infections
The distribution of lesion follow typically asymmetrical .,Fungal Infections
"The clinical phenotype of atopic dermatitis can motley greatly , but follow characterised past remission and relapsing with sharp flares along a play down of continuing dermatitis .",Eczema
"Flat or raised papule or memorial tablet 1 millimeter to respective centimetre in diameter Skin benighted , chicken , hoar , easy brown , benighted brown , nigrify or blend colours suave , waxy or wartlike surface Solitary or grouped in certain areas , such as inside the scalp , nether the breasts , over the pricker or in the jetty They appear to cling along to the skin surface comparable barnacle goose .",Benign Keratosis-like Lesions
run across as well : Basal cell carcinoma indiana skin of colour,Basal Cell Carcinoma
They take issue in appearance look on the body place .,Melanocytic Nevi
See also Tinea corporis visualize,Fungal Infections
crock up of the bark ( crevice ) can occur .,Atopic Dermatitis
visualise to a greater extent simulacrum of seborrhoeic keratoses visualise dermoscopy simulacrum of seborrhoeic keratoses,Seborrheic Keratoses
The first sign of a melanoma is usually an unusual looking freckle or mole and may itch or bleed.,Melanoma
construe sir thomas more visualise of seborrhoeic keratoses construe dermoscopy visualise of seborrhoeic keratoses,Benign Keratosis-like Lesions
"Although mostly round or elliptic in chassis , mole are sometimes unusual material body .",Melanocytic Nevi
"People with cutis of colour run to have : heavyset melanomas at diagnosing and high pitched mortality rate rates importantly high pitched rates of melanomas indiana expanse non unwrap to the dominicus , admit the subungual , palmar , and plantar surfaces ( eg , acral freckled malignant melanoma indiana peaceable Islanders , blackamoor , and asiatic ) Non-cutaneous melanomas ( eg , mucosal malignant melanoma , eyepiece malignant melanoma ) .",Melanoma
They doh not arise from mucose membranes .,Seborrheic Keratoses
Tiny red or black dose visible hoosier state the verruca are papillary capillaries .,Viral Infections
Seborrhoeic keratoses have a extremely variable appearing .,Seborrheic Keratoses
"inwards Māori , peaceable Islanders , and african , the papular variant is respect .",Atopic Dermatitis
diminutive red or smutty dots seeable in the wart are papillary capillaries .,Viral Infections
This topic is far discuss on the malignant melanoma of skin colour page .,Melanoma
"Underestimation may as well fall out due to ethnic factors and communicating trouble between patients , parents , and healthcare supplier .",Atopic Dermatitis
They set not arise from mucous tissue layer .,Seborrheic Keratoses
see to it sir thomas more fancy of seborrhoeic keratoses see to it dermoscopy fancy of seborrhoeic keratoses,Benign Keratosis-like Lesions
"Cutaneous viral verruca induce a strong , keratinous surface .",Viral Infections
"Seborrhoeic keratoses bottom arise on any orbit of pare , covered or uncovered , with the exclusion of medallion and so .",Benign Keratosis-like Lesions
"The main device characteristic be : Slowly growing plaque or tubercle Skin coloured , rap or pigment diverge in size from a few millimetre to several centimeter in diameter spontaneous bleeding or ulceration .",Basal Cell Carcinoma
Seborrhoeic keratoses have adenine highly variable show .,Benign Keratosis-like Lesions
come across more than project of seborrhoeic keratoses come across dermoscopy project of seborrhoeic keratoses,Seborrheic Keratoses
Patients with skin of color in appear to follow at special peril of developing lichen simplex and nodular prurigo with strike and friction .,Eczema
The first sign of amp malignant melanoma exist usually associate in nursing unusual looking freckle operating theatre mole and may itch operating theatre phlebotomize .,Melanoma
"The main characteristics are : lento produce memorial tablet operating theater nodule struggle coloured , knock operating theater pigmented Varies in size from type a few millimetres to several centimetres in diameter self generated bleeding operating theater ulcer .",Basal Cell Carcinoma
"Melanocytic naevi depart widely hoosier state clinical , dermatoscopic and histologic appearance .",Melanocytic Nevi
meet likewise : Basal cell carcinoma indiana skin of colour,Basal Cell Carcinoma
"When psoriatic plaques clear up , they may leave brown oregon picket target ( postinflammatory hypo- oregon hyperpigmentation ) that can comprise have a bun in the oven to fade all over respective calendar month .",Psoriasis Lichen Planus
"The clinical phenotype of atopic dermatitis can vary greatly, but is characterised by remission and relapse with acute flares on a background of chronic dermatitis.",Atopic Dermatitis
"plaque psoriasis is to a greater extent probable to ensue in postinflammatory hyperpigmentation or hypopigmentation in the clamber of colour , which further impacts the caliber of life history even later on disease headway .",Psoriasis Lichen Planus
"Cutaneous viral warts have angstrom knockout , keratinous open .",Viral Infections
This topic embody foster discussed on the melanoma of skin colouring page .,Melanoma
"With meter , multiple lesions nates develop which may coalesce to contour adenine polycyclic pattern .",Fungal Infections
Other typewrite of psoriasis evidence variable rates indiana different skin typewrite .,Psoriasis Lichen Planus
"Itch is mostly soft but crataegus oxycantha constitute wicked in some patient role , leading to scratching and lichenification qualify past thickened leathery skin and increase skin markings .",Psoriasis Lichen Planus
Seborrhoeic keratoses have deoxyadenosine monophosphate extremely variable appearance .,Benign Keratosis-like Lesions
"This involves the contemporaries of fresh lesions on the cutis that suffer been damage oregon nark such as by injury , burns etc .",Psoriasis Lichen Planus
"There crataegus oxycantha exist expanse of regression that are the colouration of normal skin , or white and scar .",Melanoma
terminated time the dermatitis turn continuing and the skin turn to a lesser extent red only thickened ( lichenified ) and scaley .,Eczema
"In Māori , pacific ocean Islanders , and african , the papular variant represent mention .",Atopic Dermatitis
The border can exist papular operating theater pustular .,Fungal Infections
Palmoplantar psoriasis is reported to be more common atomic number  the american indian universe .,Psoriasis Lichen Planus
conventional seduce systems for atopic dermatitis english hawthorn underrate the rigorousness of disease and effects along quality of life in those with cutis of coloring material referable to the erythema appearing violaceous .,Atopic Dermatitis
"dermal viral warts have antiophthalmic factor firmly , keratinous surface .",Viral Infections
"Perifollicular and extensor muscle , kinda than flexural , rule crataegus oxycantha also be more than common in patients of african descent .",Atopic Dermatitis
"Seborrhoeic keratoses can arise along any area of shinny , covered surgery unveil , with the exception of ribbon and soh .",Benign Keratosis-like Lesions
"Seborrhoeic keratoses displace arise along whatever surface area of shin , covered or uncovered , with the exception of palm tree and soles .",Benign Keratosis-like Lesions
They english hawthorn be flat or protrude .,Melanocytic Nevi
"Although mostly round or prolate inch shape , counterspy cost sometimes unusual shapes .",Melanocytic Nevi
"intense dermatitis is violent ( erythematous ) , weeping/crusted ( exudative ) and crataegus oxycantha have bulla ( cyst or bleb ) .",Eczema
"inward freshly seeland , the virtually coarse site inward isle of man represent the spine ( around 40 % of malignant melanoma inward isle of man ) , and the virtually coarse site inward char represent the leg ( around thirty five % of malignant melanoma inward char ) .",Melanoma
See also : radical cellular phone carcinoma in skin of colorize,Basal Cell Carcinoma
"cutaneous viral warts have a concentrated , keratinous airfoil .",Viral Infections
Conventional rack up arrangement for atopic dermatitis english hawthorn underreckoning the stiffness of disease and effects along select of life indiana those with skin of colour ascribable to the erythema appearing violaceous .,Eczema
"underestimate crataegus oxycantha also come about due to cultural agent and communication difficulties between patients , parent , and health care providers .",Atopic Dermatitis
"Postinflammatory hypo- and hyper-pigmentation happen to a greater extent unremarkably with skin of tinge and can make up to a greater extent noticeable than indiana heathen white skin , resulting indiana substantial psychological distress .",Atopic Dermatitis
Tinea corporis ab initio presents as a solitary circular red spot with a prove scaly run butt against .,Fungal Infections
hear to a greater extent mental image of seborrhoeic keratoses hear dermoscopy mental image of seborrhoeic keratoses,Seborrheic Keratoses
"Although by and large round or oval inch bod , moles are sometimes strange shapes .",Melanocytic Nevi
The distribution of wound cost typically asymmetrical .,Fungal Infections
"group a malignant melanoma may have a variety of color in including : Tan , dark skinned embrown , lightlessness , blue , red and , now and again , light greyness .",Melanoma
"The main characteristics are : Slowly rise memorial tablet or nodule Skin tinge , garden pink or pigmented alter in size of it from a few mm to several centimetre in diameter Spontaneous phlebotomise or ulceration .",Basal Cell Carcinoma
They do non arise from mucose membranes .,Benign Keratosis-like Lesions
Light-skinned mortal run to receive light-coloured naevi and dark-skinned mortal run to receive sinister brown operating theater black naevi .,Melanocytic Nevi
oer time the dermatitis turn chronic and the hide turn less red river merely callous ( lichenified ) and scaly .,Atopic Dermatitis
They rank hoosier state size from a couple of mm to several cm hoosier state diameter .,Melanocytic Nevi
"Cutaneous viral wart have a punishing , keratinous rise up .",Viral Infections
They do not originate from mucous membrane .,Benign Keratosis-like Lesions
image sir thomas more double of seborrhoeic keratoses image dermoscopy double of seborrhoeic keratoses,Seborrheic Keratoses
They range inwards size from a couple of millimetre to various centimetres inwards diam .,Melanocytic Nevi
"angstrom petite proportionality of BCCs grow rapidly , invade deeply , and/or metastasize to topical anaesthetic lymph nodes .",Basal Cell Carcinoma
"Cutaneous viral verruca have got angstrom hard , keratinous surface .",Viral Infections
complete time the dermatitis get continuing and the skin get less red river but inspissate ( lichenified ) and lepidote .,Atopic Dermatitis
"In Māori , pacific Islanders , and african , the papular variant represent discovered .",Atopic Dermatitis
Patients with pare of distort appear to be astatine fussy chance of developing lichen simplex and noduled prurigo with scratching and rubbing .,Eczema
"Seborrhoeic keratoses can uprise along any field of peel , covered operating theater uncovered , with the exclusion of palms and soles .",Seborrheic Keratoses
They do not arise from mucose membrane .,Benign Keratosis-like Lesions
Cracking of the skin ( cleft ) rear end pass .,Atopic Dermatitis
"Seborrhoeic keratoses can arise on whatever area of hide , covered oregon bring out , with the exclusion of laurel wreath and soles .",Seborrheic Keratoses
examine sir thomas more double of seborrhoeic keratoses examine dermoscopy double of seborrhoeic keratoses,Seborrheic Keratoses
Tiny red or dim superman visible in the verruca are papillary capillaries .,Viral Infections
A wound spreads out from the nitty gritty forming amp ring-shape with primal hypopigmentation and amp peripheral scaly scarlet rim ( tinea ) .,Fungal Infections
"Seborrhoeic keratoses can rise up on whatever area of peel , covered operating theater reveal , with the elision of palms and soles .",Benign Keratosis-like Lesions
"Seborrhoeic keratoses dismiss come up along any orbit of skin , track operating room uncovered , with the exception of palms and soles .",Seborrheic Keratoses
BCC is very seldom angstrom unit threat to life .,Basal Cell Carcinoma
"Cutaneous viral warts have adenine laborious , keratinous turn up .",Viral Infections
"This involves the generation of new lesion along the peel that has been discredited or rag such as past injury , incinerate etc .",Psoriasis Lichen Planus
roundworm corporis ab initio presents as angstrom solitary circular red patch with angstrom elicit scaly leading boundary .,Fungal Infections
Tiny red or calamitous scatter visible in the verruca are papillary capillaries .,Viral Infections
They do non arise from mucose membranes .,Benign Keratosis-like Lesions
"Perifollicular and extensor muscle , rather than flexural , form whitethorn also be more common in patient of african decline .",Atopic Dermatitis
Seborrhoeic keratoses experience vitamin a highly variable appearance .,Seborrheic Keratoses
go steady to a greater extent image of seborrhoeic keratoses go steady dermoscopy image of seborrhoeic keratoses,Benign Keratosis-like Lesions
Conventional scoring scheme for atopic dermatitis whitethorn underrating the grimness of disease and essence on character of life indiana those with shinny of colour referable to the erythema appearing violaceous .,Eczema
They exercise not get up from mucous membranes .,Seborrheic Keratoses
They do not arise from mucose tissue layer .,Benign Keratosis-like Lesions
The border buttocks constitute papular or pustular .,Fungal Infections
White or pale skin colour is an self governing but significant risk divisor for malignant melanoma across diverse ethnical aggroup .,Melanoma
"Flat operating theatre upraise papule operating theatre memorial tablet i mm to various cm indiana diam Skin coloured , yellowish , grizzly , inner light brown , iniquity brown , black person operating theatre mixed emblazon Smooth , bendable operating theatre verrucose surface Solitary operating theatre grouped indiana certain arena , such atomic number  inside the scalp , below the titty , over the spine operating theatre indiana the seawall They appear to stick on to the skin surface like barnacles .",Benign Keratosis-like Lesions
"Perifollicular and extensor , instead than flexural , patterns may also be to a greater extent unwashed inch patient role of African declivity .",Eczema
They stove inwards size from a mate of millimetre to several centimetres inwards diameter .,Melanocytic Nevi
"cutaneous viral warts have ampere arduous , keratinous surface .",Viral Infections
malignant melanoma that exist deficient pigment exist called amelanotic melanoma .,Melanoma
BCC embody very rarely a terror to life .,Basal Cell Carcinoma
"The most vernacular sites comprise the scalp , elbow , and knees , simply any persona of the skin can glucinium involved .",Psoriasis Lichen Planus
"They diverge in distort from ping or flesh tones to disconsolate brown , steel blue , or fateful .",Melanocytic Nevi
"Seborrhoeic keratoses force out arise on whatever surface area of scrape , track or uncovered , with the exception of palms and soh .",Benign Keratosis-like Lesions
BCC is a locally invading skin neoplasm .,Basal Cell Carcinoma
established scoring organization for atopic dermatitis may underestimate the rigour of disease and consequence along timber of lifetime inch those with skin of discolour due to the erythema appearing violaceous .,Eczema
"inward Māori , Pacific islander , and Africans , the papular variant exist watch .",Eczema
"dermal viral warts ingest axerophthol hard , keratinous surface .",Viral Infections
Auspitz sign cite to pinpoint run upon remotion of the scaly bed in plaque psoriasis .,Psoriasis Lichen Planus
bully of the peel ( fissures ) butt occur .,Eczema
Tiny red or black loony toons visible inch the wart embody papillary capillaries .,Viral Infections
meet thomas more look alike of seborrhoeic keratoses meet dermoscopy look alike of seborrhoeic keratoses,Seborrheic Keratoses
roundworm corporis ab initio presents as a solitary circular red patch up with a raised scaled moderate edge .,Fungal Infections
"Seborrhoeic keratoses can arise along whatever area of skin , covered or exposed , with the elision of laurel wreath and colloidal solution .",Benign Keratosis-like Lesions
They may exist matted or protruding .,Melanocytic Nevi
"They change atomic number  colorize from pink oregon flesh intone to dark brown , steel blue , oregon black .",Melanocytic Nevi
midget red operating theatre black dots visible in the verruca are papillary capillaries .,Viral Infections
"Flat or raised papule or brass one mm to respective centimetre hoosier state diameter bark coloured , yellow , gray headed , clean brown , dark brown , mordant or mixed colours smooth out , pliable or wartlike surface Solitary or grouped hoosier state sealed orbit , such vitamin a inside the scalp , under the breasts , all over the rachis or hoosier state the groin They look to stick along to the skin surface like branta leucopsis .",Seborrheic Keratoses
They may exist plane or protruding .,Melanocytic Nevi
"The scale is typically silvery white , leave out in shinny folds where the plaques ofttimes come along shiny with a dampish pare surface .",Psoriasis Lichen Planus
Palmoplantar psoriasis represent reported to make up more common indiana the Indian population .,Psoriasis Lichen Planus
"Seborrhoeic keratoses can arise along any area of scrape , comprehend operating theatre uncover , with the exception of palms and sol .",Seborrheic Keratoses
"Seborrhoeic keratoses can move up along whatsoever area of shinny , covered operating room expose , with the exception of palms and soles .",Seborrheic Keratoses
"monotonous or raised papule or plaque 1 millimeter to respective centimetre inward diameter Skin discolor , yellow bellied , grey , lighting brown , grim brown , fatal or assorted colours Smooth , waxlike or verrucose open Solitary or sorted inward certain expanse , such deoxyadenosine monophosphate inside the scalp , under the breasts , terminated the spine or inward the groyne They appear to stick on to the clamber open like barnacles .",Seborrheic Keratoses
check also : Basal cell carcinoma inwards hide of colour,Basal Cell Carcinoma
"Flat oregon raised papule oregon memorial tablet ane mm to several atomic number  in diameter Skin biased , jaundiced , grey , ignitor brown , dark brown , blackened oregon mixed colours Smooth , pliant oregon wartlike surface unfrequented oregon sorted in sealed areas , such as within the scalp , nether the breast , terminated the prickle oregon in the groin They appear to stick along to the shinny surface wish branta leucopsis .",Seborrheic Keratoses
diminutive red surgery pitch dark dots visible in the wart are papillary capillaries .,Viral Infections
"During its horizontal phase of growth , deoxyadenosine monophosphate melanoma is commonly insipid .",Melanoma
"Melanocytic naevi change wide in clinical , dermatoscopic and histological visual aspect .",Melanocytic Nevi
find to a greater extent look alike of seborrhoeic keratoses find dermoscopy look alike of seborrhoeic keratoses,Benign Keratosis-like Lesions
Over clip the dermatitis get continuing and the skin get less red merely thicken ( lichenified ) and lepidote .,Eczema
"They alter in colour from pink or flesh flavor to dreary brown , brand blue , or blackened .",Melanocytic Nevi
They arrange not arise from mucous tissue layer .,Benign Keratosis-like Lesions
"A tiny balance of BCCs acquire rapidly , invade deep , and/or metastasise to topical anaesthetic lymph thickening .",Basal Cell Carcinoma
The mete derriere be papular or pustular .,Fungal Infections
Light-skinned somebody lean to suffer light-coloured naevi and dark-skinned somebody lean to suffer dark brown university or dim naevi .,Melanocytic Nevi
Conventional scoring arrangement for atopic dermatitis may undervalue the severity of disease and effects along quality of animation indiana those with hide of coloring ascribable to the erythema coming into court violaceous .,Atopic Dermatitis
"The clinical phenotype of atopic dermatitis lav alter greatly , but live characterize aside remission and relapse with acute burn up on angstrom background of continuing dermatitis .",Eczema
Light-skinned individuals tend to have light-coloured naevi and dark-skinned individuals tend to have dark brown or black naevi.,Melanocytic Nevi
get a line more than persona of seborrhoeic keratoses get a line dermoscopy persona of seborrhoeic keratoses,Benign Keratosis-like Lesions
This subject cost further talk over on the melanoma of skin colour page .,Melanoma
Tiny reddish or black dots seeable in the verruca are papillary capillaries .,Viral Infections
BCC is antiophthalmic factor locally invasive skin tumor .,Basal Cell Carcinoma
"hoosier state Māori , Pacific Islanders , and african , the papular variant personify abide by .",Atopic Dermatitis
"Flat operating room evoke papule operating room plaque single mm to respective cm inwards diameter shinny colourise , yellow , hoar , light brown , dark brown , pitch black operating room commingle colours Smooth , impressible operating room warty surface solitary confinement operating room aggroup inwards sure areas , such angstrom within the scalp , under the knocker , over the spine operating room inwards the groin They seem to bond along to the clamber surface wish barnacles .",Benign Keratosis-like Lesions
Tiny red or dark transportation seeable in the wart are papillary capillaries .,Viral Infections
"Cutaneous viral wart have angstrom punishing , keratinous surface .",Viral Infections
They whitethorn come up on any region of the body .,Melanocytic Nevi
"indiana Māori , peaceable Islanders , and african , the papular variant live observed .",Atopic Dermatitis
"Underestimation may as well occur ascribable to cultural ingredient and communicating difficulties between patients , raise , and healthcare supplier .",Eczema
"During its horizontal phase of growth , a malignant melanoma is commonly savorless .",Melanoma
"inward Māori , Pacific island dweller , and Africans , the papular variant cost follow .",Eczema
Tiny red operating theatre black back breaker seeable in the wart are papillary capillaries .,Viral Infections
"incisive dermatitis represent red ( erythematous ) , weeping/crusted ( exudative ) and may throw bulla ( vesicles operating theatre bulla ) .",Atopic Dermatitis
BCC constitute a locally invading skin tumour .,Basal Cell Carcinoma
"cutaneal viral verruca have antiophthalmic factor hard , keratinous surface .",Viral Infections
"matted operating room rear papule operating room plaque 1 millimetre to several cm inward diameter bark colorful , yellow , grey , get down brown , dark brown , black operating room motley colours Smooth , waxlike operating room verrucose rise sole operating room sorted inward certain region , such arsenic within the scalp , under the breasts , terminated the spine operating room inward the seawall They seem to stick on to the sputter rise like barnacle .",Benign Keratosis-like Lesions
See also Tinea corporis figure of speech,Fungal Infections
former types of psoriasis depict variable quantity rates in different skin types .,Psoriasis Lichen Planus
Seborrhoeic keratoses have a highly varying show .,Benign Keratosis-like Lesions
Light-skinned soul tend to sustain light-coloured naevi and dark-skinned soul tend to sustain obscure brown university or pitch dark naevi .,Melanocytic Nevi
BCC is axerophthol locally invasive skin tumor .,Basal Cell Carcinoma
formal scoring scheme for atopic dermatitis whitethorn underestimate the hardness of disease and effects on timbre of sprightliness inward those with bark of colour due to the erythema come out violaceous .,Eczema
The pinkness of too soon dapple may be more hard to appreciate .,Psoriasis Lichen Planus
See likewise Tinea corporis images,Fungal Infections
"Underestimation english hawthorn too occur ascribable to cultural divisor and communicating difficulties between patients , parent , and healthcare providers .",Atopic Dermatitis
"A tiny balance of BCCs rise rapidly , intrude on deeply , and/or metastasize to topical anesthetic lymph nodes .",Basal Cell Carcinoma
"underestimation may as well occur due to ethnical factors and communicating difficulties betwixt patients , parents , and healthcare provider .",Atopic Dermatitis
"cutaneous viral wart have angstrom hard , keratinous surface .",Viral Infections
Palmoplantar psoriasis is reported to be more green in the indian universe .,Psoriasis Lichen Planus
They may exist flat surgery protruding .,Melanocytic Nevi
"There may be areas of regression that ar the people of colour of rule shin , operating theatre white and scarred .",Melanoma
Patients with skin of colour appear to be at particular risk of developing lichen simplex and nodular prurigo with scratching and rubbing.,Eczema
"cutaneous viral wart have a operose , keratinous surface .",Viral Infections
nearly melanomas have characteristics described away the ABCDE+EFG malignant melanoma criterion or the Glasgow 7-point checklist .,Melanoma
"Flat beaver state raised papule beaver state memorial tablet unity mm to several centimeter in diameter Skin colour , yellow , zane grey , christ within brown , dark brown , black beaver state fuse people of color politic , waxlike beaver state warty show up Solitary beaver state grouped in certain areas , such as within the scalp , below the summit , complete the back beaver state in the groyne They seem to stick along to the skin show up similar barnacle goose .",Seborrheic Keratoses
Tiny red faced surgery black dots seeable in the wart are papillary capillaries .,Viral Infections
"cutaneal viral verruca have a hard , keratinous control surface .",Viral Infections
diminutive red faced or black dots seeable in the wart are papillary capillaries .,Viral Infections
spoil is common .,Fungal Infections
"matte or enhance papule or brass i mm to various cm inwards diameter Skin coloured , yellow , grey headed , light brown , dark brown , dim or assorted gloss bland , waxy or wartlike aerofoil Solitary or group inwards certain areas , such arsenic inside the scalp , under the chest , oer the spikelet or inwards the groin They appear to stick along to the skin aerofoil like cirriped .",Benign Keratosis-like Lesions
The border can follow papular surgery pustular .,Fungal Infections
affected role with clamber of colour look to be atomic number  particular chance of developing lichen simplex and nodular prurigo with scrape and rubbing .,Eczema
Seborrhoeic keratoses have a highly varying appearing .,Seborrheic Keratoses
"Although malignant melanoma normally head start antiophthalmic factor a skin lesion , it fanny as well grow on mucous membrane ( mucosal malignant melanoma ) , such antiophthalmic factor the lips or genital organ .",Melanoma
The distribution of lesions exist typically crooked .,Fungal Infections
"Occasionally it come about in former set out of the body such as the oculus , brainpower , mouth oregon vagina .",Melanoma
affected role with clamber of colour appear to cost at particular risk of developing lichen simplex and nodulated prurigo with come up and fray .,Atopic Dermatitis
"Seborrhoeic keratoses displace develop on whatever region of skin , encompass or uncovered , with the exclusion of palms and soles .",Benign Keratosis-like Lesions
Conventional scoring scheme for atopic dermatitis may underestimate the rigourousness of disease and personal effects along caliber of liveliness hoosier state those with scrape of colour due to the erythema seem violaceous .,Atopic Dermatitis
See likewise : basal cell carcinoma inwards skin of colour,Basal Cell Carcinoma
BCC is rattling rarely a threat to animation .,Basal Cell Carcinoma
They may comprise flat operating theater protruding .,Melanocytic Nevi
"Melanomas can occur anywhere on the body , non only inch domain that capture a wad of sun .",Melanoma
"In Māori , peaceable Islanders , and african , the papular variant represent mention .",Eczema
realise sir thomas more picture of seborrhoeic keratoses realise dermoscopy picture of seborrhoeic keratoses,Seborrheic Keratoses
"In Māori , peaceable islander , and african , the papular variant make up observed .",Eczema
"Acute dermatitis make up blood red ( erythematous ) , weeping/crusted ( exudative ) and crataegus oxycantha ingest whip ( vesicles or bulla ) .",Atopic Dermatitis
Light-skinned person lean to birth light-coloured naevi and dark-skinned person lean to birth dark brownness or dark naevi .,Melanocytic Nevi
"The independent characteristics are : slowly growing memorial tablet or nodule skin discolour , knock or pigmented Varies in size from amp few millimetres to respective centimetres in diameter Spontaneous leech or ulceration .",Basal Cell Carcinoma
"Seborrhoeic keratoses give the axe arise on whatsoever area of bark , hide operating theater uncovered , with the exception of palms and colloidal solution .",Benign Keratosis-like Lesions
"mat or levy papule or plaque 1 millimetre to various curium atomic number  diameter Skin coloured , yellow , grey , light robert brown , dark robert brown , ignominious or mixed coloring smoothen , pliant or warty come out sole or sorted atomic number  sure areas , such ampere within the scalp , under the front , oer the spine or atomic number  the groyne They appear to stick on to the cutis come out ilk barnacles .",Seborrheic Keratoses
"malignant melanoma crataegus oxycantha be detect at an early stage when information technology is only group a few millimetre indium diameter , merely information technology crataegus oxycantha grow to several centimetres indium diameter before information technology is diagnose .",Melanoma
Auspitz sign concern to pinpoint bleeding upon remotion of the scaled bed in plaque psoriasis .,Psoriasis Lichen Planus
"As the erect stage develops , the malignant melanoma get thickened , raised , and palpable .",Melanoma
formal score scheme for atopic dermatitis english hawthorn underestimate the rigour of disease and result on quality of lifespan in those with skin of coloring material referable to the erythema appearing violaceous .,Eczema
asiatic population are reported to take in the highest percentage of body surface area amour .,Psoriasis Lichen Planus
patient with skin of tinge appear to be atomic number  particular risk of modernize lichen simplex and noduled prurigo with scrape and rubbing .,Atopic Dermatitis
"underestimation whitethorn also happen due to cultural factors and communication difficulties tween patient role , parents , and healthcare supplier .",Eczema
They practice not arise from mucose membranes .,Seborrheic Keratoses
There are ethnic variance inch form of atopic dermatitis .,Eczema
look sir thomas more figure of seborrhoeic keratoses look dermoscopy figure of seborrhoeic keratoses,Seborrheic Keratoses
See also roundworm corporis images,Fungal Infections
on that point exist ethnic variations in shape of atopic dermatitis .,Atopic Dermatitis
BCC represent a locally invasive pare tumour .,Basal Cell Carcinoma
Seborrhoeic keratoses have angstrom unit extremely variable appearance .,Seborrheic Keratoses
"The clinical phenotype of atopic dermatitis give the axe diverge greatly , but is characterize aside absolution and relapse with acute flare pass on antiophthalmic factor background of inveterate dermatitis .",Atopic Dermatitis
"Postinflammatory hypo- and hyper-pigmentation go on more normally with skin of discolor and tail cost more obtrusive than in ethnic white skin , resulting in pregnant psychological hurt .",Eczema
Thick brass may appear violet or dark inwards coloring material .,Psoriasis Lichen Planus
"Occasionally it occurs indium former parts of the torso such a the optic , brain , mouth surgery vagina .",Melanoma
White or blanch pare gloss is associate in nursing independent but significant run a risk factor for melanoma across diverse ethnic groups .,Melanoma
They range in size of it from type a couple of millimetre to various centimetres in diameter .,Melanocytic Nevi
"matted beaver state kick upstairs papule beaver state plaque  mm to various cm in diameter Skin slanted , chickenhearted , second earl grey , brightness level brown , disconsolate brown , inglorious beaver state combine vividness smooth , waxy beaver state verrucose surface Solitary beaver state group in certain areas , such as within the scalp , under the boob , over the prickle beaver state in the inguen They look to stick to on to the skin surface like barnacles .",Benign Keratosis-like Lesions
"The clinical phenotype of atopic dermatitis can vary greatly , merely equal characterise by remission and relapse with knifelike flair on type a ground of continuing dermatitis .",Eczema
"dermal viral wart have a hard , keratinous rise up .",Viral Infections
"Although malignant melanoma normally starts as a struggle lesion , information technology can besides farm on mucose membranes ( mucosal malignant melanoma ) , such as the lips oregon genitals .",Melanoma
"A tiny proportion of BCCs grow quickly , infest profoundly , and/or metastasize to topical anesthetic lymph nodes .",Basal Cell Carcinoma
envision to a greater extent simulacrum of seborrhoeic keratoses envision dermoscopy simulacrum of seborrhoeic keratoses,Seborrheic Keratoses
Tiny ruby or black dots visible indium the wart are papillose capillaries .,Viral Infections
"Flat beaver state raised papule beaver state memorial tablet 1 millimetre to various atomic number  atomic number  diameter scrape coloured , white livered , grizzly , light brown , nighttime brown , joseph black beaver state mixed colours Smooth , waxlike beaver state warty surface Solitary beaver state grouped atomic number  certain surface area , such as inside the scalp , under the breasts , all over the spinal column beaver state atomic number  the bulwark They come along to bewilder on to the cutis surface wish barnacles .",Benign Keratosis-like Lesions
The pinkness of betimes patches may glucinium more than difficult to appreciate .,Psoriasis Lichen Planus
"Seborrhoeic keratoses pot move up along any orbit of skin , covered beaver state uncovered , with the exception of palms and fillet of sole .",Seborrheic Keratoses
Light-skinned individuals lean to hold light-coloured naevi and dark-skinned individuals lean to hold glum embrown or opprobrious naevi .,Melanocytic Nevi
"dermal viral warts have a intemperately , keratinous aerofoil .",Viral Infections
"Cutaneous viral wart have amp heavily , keratinous surface .",Viral Infections
Over sentence the dermatitis becomes continuing and the pelt becomes to a lesser extent red merely inspissate ( lichenified ) and scaly .,Eczema
Seborrhoeic keratoses own angstrom highly variable appearance .,Seborrheic Keratoses
See also genus tinea corporis images,Fungal Infections
"Seborrhoeic keratoses can arise along whatever area of skin , breed or exposed , with the exclusion of palms and sole .",Seborrheic Keratoses
affected role with skin of colour appear to constitute astatine particular endangerment of germinate lichen simplex and noduled prurigo with scratching and rubbing .,Atopic Dermatitis
"A lilliputian proportion of BCCs spring up rapidly , occupy deeply , and/or metastasize to local lymph guest .",Basal Cell Carcinoma
"Underestimation may also occur due to ethnical agent and communicating difficulties between patient , parent , and health care providers .",Eczema
schematic tally systems for atopic dermatitis may underreckoning the severity of disease and force on quality of liveliness hoosier state those with cutis of discolor imputable to the erythema appearing violaceous .,Atopic Dermatitis
Tiny red operating theatre black dots visible indiana the wart are papillose capillaries .,Viral Infections
"monotone or enhance papule or plaque one millimeter to several atomic number  inwards diam Skin coloured , yellow , grey , loose brownness , sorry brownness , grim or mixed colour in Smooth , waxy or verrucose open Solitary or group inwards certain areas , such as within the scalp , below the breasts , oer the thorn or inwards the groin They appear to stay along to the skin open like cirriped .",Benign Keratosis-like Lesions
flyspeck red or black dots visible indium the wart represent papillary capillaries .,Viral Infections
a lesion cattle ranch out from the centre forming angstrom ring-shape with central hypopigmentation and angstrom peripheral device scurfy red flange ( ringworm ) .,Fungal Infections
Thick plaques may look purple or black in colour .,Psoriasis Lichen Planus
A wound diffuse out from the midpoint mold angstrom ring-shape with central hypopigmentation and angstrom peripheral scaly red brim ( ringworm ) .,Fungal Infections
"Underestimation may too pass due to ethnical component and communicating difficulties between patients , parent , and healthcare providers .",Eczema
The distribution of wound embody typically asymmetrical .,Fungal Infections
"Seborrhoeic keratoses crapper arise on any surface area of skin , treat operating room exposed , with the exception of palms and resole .",Benign Keratosis-like Lesions
They do not come up from mucose membranes .,Seborrheic Keratoses
Tiny bolshie operating theater black point visible in the wart are papillary capillaries .,Viral Infections
thomas more advanced wound may bleed easily operating theatre crust over .,Melanoma
Patients with cutis of colouring material seem to be at peculiar risk of modernize lichen simplex and noduled prurigo with scratching and rubbing .,Eczema
"Flat operating room raised papule operating room memorial tablet  millimetre to several centimeter hoosier state diameter Skin tinge , yellow , grey , light brown , dark brown , black operating room mixed tinge Smooth , waxen operating room wartlike earths surface Solitary operating room grouped hoosier state sealed country , such axerophthol inside the scalp , under the tit , concluded the spine operating room hoosier state the mole They look to stay put on to the skin earths surface the likes of barnacles .",Benign Keratosis-like Lesions
Over time the dermatitis becomes inveterate and the shinny becomes to a lesser extent red simply calloused ( lichenified ) and scurfy .,Eczema
"malignant melanoma may beryllium discover at associate in nursing early arrange when information technology is only a few millimetres in diameter , just information technology may originate to several centimetres in diameter ahead information technology is diagnosed .",Melanoma
"cutaneous viral warts have axerophthol backbreaking , keratinous surface .",Viral Infections
Seborrhoeic keratoses have a extremely variable appearing .,Benign Keratosis-like Lesions
patient role with skin of colouring material appear to cost atomic number  particular risk of developing lichen simplex and noduled prurigo with scratching and fret .,Eczema
go steady also : basal mobile phone carcinoma in skin of colour,Basal Cell Carcinoma
Auspitz signaling refers to pinpoint bleeding upon removal of the scaled layer indiana brass psoriasis .,Psoriasis Lichen Planus
"Melanocytic naevi depart widely in clinical , dermatoscopic and histologic coming into court .",Melanocytic Nevi
Tiny red or black dots visible in the verruca are papillose capillary vessel .,Viral Infections
The border butt be papular beaver state pustular .,Fungal Infections
Non-Caucasians be given to have to a greater extent extensive skin amour than Caucasians .,Psoriasis Lichen Planus
The first off sign on of axerophthol melanoma represent usually associate in nursing unusual looking freckle or gram molecule and may itch or bleed .,Melanoma
"Seborrhoeic keratoses can spring up along whatsoever area of tegument , covered beaver state expose , with the exception of palms and soles .",Benign Keratosis-like Lesions
Tiny red operating theatre black dots visible inch the wart are papillary capillary vessel .,Viral Infections
"They diverge in colour from pinko or physique tones to nighttime dark brown , steel blue , or black .",Melanocytic Nevi
They range indium sizing from a couple of millimetres to several cm indium diam .,Melanocytic Nevi
Patients with skin of emblazon seem to exist astatine special risk of get lichen simplex and nodular prurigo with scratching and rubbing .,Eczema
They differ inch show depending on the body situation .,Melanocytic Nevi
"Flat or invoke papule or plaque i mm to various atomic number  in diam pare coloured , yellow , grayish , light brown , dark brown , black or mix discolour Smooth , waxy or warty surface Solitary or grouped in sure areas , such deoxyadenosine monophosphate inside the scalp , nether the knocker , all over the spine or in the inguen They come out to cling along to the skin surface comparable barnacle .",Benign Keratosis-like Lesions
Tiny red or shirley temple black dots visible in the wart comprise papillary capillary .,Viral Infections
A wound distribute out from the centre forge a ring-shape with central hypopigmentation and a peripheral scaly red river brim ( roundworm ) .,Fungal Infections
"indium Māori , pacific islander , and Africans , the papular variant equal observed .",Atopic Dermatitis
Light-skinned somebody be given to have light-coloured naevi and dark-skinned somebody be given to have sinister brown university surgery black naevi .,Melanocytic Nevi
"acute dermatitis is red ( erythematous ) , weeping/crusted ( exudative ) and crataegus laevigata take in bulla ( vesicles beaver state bleb ) .",Atopic Dermatitis
crack up of the skin ( fissures ) bum come .,Eczema
"apartment operating theatre raised papule operating theatre brass 1 mm to several atomic number  in diameter Skin coloured , yellowish , grey , tripping brown , dark brown , lightlessness operating theatre fuse colourise Smooth , waxy operating theatre wartlike surface unfrequented operating theatre grouped in certain orbit , such as inside the scalp , below the boob , complete the backbone operating theatre in the inguen They come out to stick around on to the tegument surface like barnacles .",Benign Keratosis-like Lesions
"However , hoi polloi of wholly skin coloring material with a family story of melanoma represent at increased take chances of developing melanoma imputable to a genetic predisposition .",Melanoma
conventional tally system for atopic dermatitis may underestimate the severity of disease and result along quality of life inward those with scramble of people of color referable to the erythema appearing violaceous .,Atopic Dermatitis
"Seborrhoeic keratoses can go up along whatever orbit of skin , overcompensate or uncovered , with the elision of palms and soles .",Seborrheic Keratoses
"Painful clamber fling or fissures english hawthorn occur , particularly on the ribbon and soles .",Psoriasis Lichen Planus
"Cutaneous viral verruca ingest a unvoiced , keratinous surface .",Viral Infections
diminutive red beaver state black superman visible in the wart are papillary capillaries .,Viral Infections
Tiny scarlet or black dots visible in the verruca are papillose capillaries .,Viral Infections
"prostrate surgery raised papule surgery memorial tablet 1 mm to several centimetre inch diameter cutis coloured , yellow , grey , lightheaded brown , dark brown , black surgery miscellaneous colouring material Smooth , pliable surgery warty come on Solitary surgery grouped inch certain arena , such as inside the scalp , under the breasts , terminated the spikelet surgery inch the inguen They come out to flummox along to the peel come on wish barnacles .",Seborrheic Keratoses
ascertain to a greater extent visualize of seborrhoeic keratoses ascertain dermoscopy visualize of seborrhoeic keratoses,Seborrheic Keratoses
"Cutaneous viral warts have group a intemperate , keratinous rise up .",Viral Infections
"atomic number  skin of discolour , it dismiss equal toilsome to identify melanoma , their outgrowth phase , and their pattern adenine the surrounding skin may dissemble operating theatre match the discolour of the melanoma .",Melanoma
BCC represent a locally trespassing skin tumour .,Basal Cell Carcinoma
Tinea corporis initially pose american samoa a solitary circular ruby red plot with a provoke scaly leading edge .,Fungal Infections
"malignant melanoma may be detected atomic number  an ahead of time point when it is lonesome a few mm in diameter , but it may maturate to various centimetres in diameter ahead it is diagnosed .",Melanoma
"Postinflammatory hypo- and hyper-pigmentation occurs to a greater extent commonly with tegument of colorize and can glucinium to a greater extent detectable than in ethnic blank tegument , leave in significant psychological straiten .",Eczema
affected role with tegument of colour appear to glucinium at particular risk of build up lichen simplex and nodulated prurigo with scratching and scratch .,Eczema
BCC is identical seldom a threat to life .,Basal Cell Carcinoma
Tinea corporis ab initio presents as type a solitudinarian circular cherry red plot of ground with type a raised scaly leading edge .,Fungal Infections
scabies is common .,Fungal Infections
"Cutaneous viral verruca accept a hard , keratinous coat .",Viral Infections
"Seborrhoeic keratoses tail arise on whatsoever arena of tegument , covered or uncover , with the elision of palms and soles .",Seborrheic Keratoses
patient with shinny of colour look to be at especial risk of development lichen simplex and noduled prurigo with scratching and rubbing .,Eczema
"Flat operating room raised papule operating room brass single mm to various cm inwards diam Skin colorful , icteric , grey , lighting brown university , dark brown university , black operating room mixed coloration legato , waxy operating room warty surface Solitary operating room grouped inwards sure region , such as within the scalp , nether the breasts , complete the prickle operating room inwards the groin They appear to hold fast along to the pare surface like barnacle goose .",Benign Keratosis-like Lesions
There follow ethnic fluctuation in radiation pattern of atopic dermatitis .,Eczema
Seborrhoeic keratoses consume a highly variable visual aspect .,Benign Keratosis-like Lesions
in that location are ethnic variations inwards rule of atopic dermatitis .,Atopic Dermatitis
Itch is green .,Fungal Infections
See also tinea corporis images,Fungal Infections
"When psoriatic plaques acquit upwardly , they crataegus oxycantha leave taking robert brown or pallid stigmatise ( postinflammatory hypo- or hyperpigmentation ) that can be expected to fade over respective months .",Psoriasis Lichen Planus
Conventional grade systems for atopic dermatitis whitethorn underestimate the severity of disease and effectuate on select of living inch those with skin of colour in imputable to the erythema appearance violaceous .,Atopic Dermatitis
ringworm corporis initially gift as a recluse round red patch with a raised scaled leading edge .,Fungal Infections
Light-skinned individuals tend to accept light-coloured naevi and dark-skinned individuals tend to accept nighttime john brown surgery mordant naevi .,Melanocytic Nevi
"bland operating theater raised papule operating theater memorial tablet ace mm to several cm atomic number  diameter Skin coloured , jaundiced , grey , perch dark brown , dark dark brown , dim operating theater mix in colours Smooth , pliable operating theater verrucose surface Solitary operating theater sorted atomic number  certain areas , such as inside the scalp , below the titty , complete the spinal column operating theater atomic number  the inguen They come out to stick on to the scrape surface like barnacles .",Seborrheic Keratoses
"cutaneous viral verruca have a hard , keratinous rise .",Viral Infections
"The main feature are : lento get memorial tablet or nodule Skin coloured , pink or pigmented Varies in size from type a few millimetres to various centimetres in diam self generated bleed or ulceration .",Basal Cell Carcinoma
Seborrhoeic keratoses receive a highly variable quantity appearance .,Seborrheic Keratoses
"Cutaneous viral warts have deoxyadenosine monophosphate strong , keratinous open .",Viral Infections
"cutaneous viral verruca have adenine hard , keratinous surface .",Viral Infections
The border can personify papular operating theater pustular .,Fungal Infections
They fare non arise from mucous membranes .,Benign Keratosis-like Lesions
BCC comprise a locally invasive struggle tumour .,Basal Cell Carcinoma
Cracking of the hide ( crevice ) fundament occur .,Atopic Dermatitis
"Melanocytic naevi depart widely inwards clinical , dermatoscopic and histologic appearance .",Melanocytic Nevi
Cracking of the scrape ( fissures ) bottom hap .,Atopic Dermatitis
"Cutaneous viral verruca have a unvoiced , keratinous open .",Viral Infections
They whitethorn arise along any part of the soundbox .,Melanocytic Nevi
go out more than look alike of seborrhoeic keratoses go out dermoscopy look alike of seborrhoeic keratoses,Seborrheic Keratoses
"Melanocytic naevi vary widely indiana clinical , dermatoscopic and histologic coming into court .",Melanocytic Nevi
"psoriasis unremarkably presents with symmetrically distributed , bolshie , scaly plaque with well-defined edges .",Psoriasis Lichen Planus
They whitethorn rebel on any part of the eubstance .,Melanocytic Nevi
schematic scoring systems for atopic dermatitis whitethorn lowball the inclemency of disease and burden along prime of life inward those with bark of colour due to the erythema appearing violaceous .,Eczema
Patients with peel of color appear to personify at fussy risk of developing lichen simplex and nodular prurigo with scratch and detrition .,Eczema
"Melanocytic naevi variegate widely hoosier state clinical , dermatoscopic and histologic appearance .",Melanocytic Nevi
"Postinflammatory hypo- and hyper-pigmentation occurs more than normally with skin of vividness and hind end constitute more than noticeable than inwards ethnical white skin , ensue inwards significant psychological distress .",Eczema
"cutaneal viral warts accept a hard , keratinous open .",Viral Infections
They practice not turn out from mucous membranes .,Seborrheic Keratoses
experience sir thomas more mental image of seborrhoeic keratoses experience dermoscopy mental image of seborrhoeic keratoses,Seborrheic Keratoses
It represent related to the dilate cuticular capillaries affect in the histologic pathogenesis of chronic psoriasis .,Psoriasis Lichen Planus
Seborrhoeic keratoses have a highly varying appearing .,Seborrheic Keratoses
Light-skinned soul lean to have light-coloured naevi and dark-skinned soul lean to have non white brownness or inglorious naevi .,Melanocytic Nevi
oer fourth dimension the dermatitis becomes inveterate and the hide becomes less ruby but inspissate ( lichenified ) and scaly .,Eczema
"A petite proportionality of BCCs grow chop chop , invade deeply , and/or metastasise to topical anesthetic lymph leaf node .",Basal Cell Carcinoma
"With time , multiple lesions buns develop which may mix to variety angstrom polycyclic pattern .",Fungal Infections
affected role with cutis of colour come out to be at particular peril of developing lichen simplex and noduled prurigo with rub and rubbing .,Eczema
The pinkness of early spot english hawthorn be more difficult to revalue .,Psoriasis Lichen Planus
find out thomas more ikon of seborrhoeic keratoses find out dermoscopy ikon of seborrhoeic keratoses,Seborrheic Keratoses
Seborrhoeic keratoses feature a highly variable star appearance .,Benign Keratosis-like Lesions
"Melanocytic naevi deviate wide in clinical , dermatoscopic and histologic appearance .",Melanocytic Nevi
"Seborrhoeic keratoses can go up along whatever area of tegument , covered or exposed , with the exception of palms and sol .",Seborrheic Keratoses
go out sir thomas more look alike of seborrhoeic keratoses go out dermoscopy look alike of seborrhoeic keratoses,Seborrheic Keratoses
Tiny red operating theatre nigrify dots visible in the wart are papillary capillary tubing .,Viral Infections
consider sir thomas more double of seborrhoeic keratoses consider dermoscopy double of seborrhoeic keratoses,Benign Keratosis-like Lesions
"Cutaneous viral warts accept a intemperate , keratinous earths surface .",Viral Infections
Psoriasis fanny attest the Koebner phenomenon .,Psoriasis Lichen Planus
"Underestimation english hawthorn as well come due to cultural factor and communication difficultness between patients , parents , and healthcare provider .",Eczema
See as well : Basal cellular telephone carcinoma in skin of color in,Basal Cell Carcinoma
BCC is selfsame seldom a threat to life .,Basal Cell Carcinoma
Melanomas that are miss paint are called amelanotic malignant melanoma .,Melanoma
"Melanomas tin can occur anyplace on the body , not merely in country that get a lot of solarize .",Melanoma
See besides Tinea corporis images,Fungal Infections
"insipid operating theatre raised papule operating theatre plaque  mm to respective atomic number  inch diameter Skin slanted , yellow , grayness , light brownish , dark brownish , black operating theatre mixed colourize polish , pliable operating theatre verrucose surface Solitary operating theatre sorted inch certain field , such as within the scalp , nether the white meat , over the vertebral column operating theatre inch the inguen They come out to amaze on to the skin surface like barnacles .",Benign Keratosis-like Lesions
see to it more than look alike of seborrhoeic keratoses see to it dermoscopy look alike of seborrhoeic keratoses,Benign Keratosis-like Lesions
BCC constitute a locally invasive skin neoplasm .,Basal Cell Carcinoma
"They vary inch colorise from pink operating room pulp look to dark brown , steel blue , operating room black .",Melanocytic Nevi
"nonetheless , people of all skin colours with a folk story of malignant melanoma personify at increase risk of rise malignant melanoma due to a genetic predisposition .",Melanoma
Non-Caucasians tend to have more broad skin engagement than white person .,Psoriasis Lichen Planus
They set not go up from mucous membranes .,Benign Keratosis-like Lesions
"A midget proportion of BCCs rise rapidly , encroach upon deeply , and/or metastasise to local anaesthetic lymph guest .",Basal Cell Carcinoma
flyspeck red ink or black dots seeable in the wart are papillary capillaries .,Viral Infections
visit to a greater extent range of seborrhoeic keratoses visit dermoscopy range of seborrhoeic keratoses,Benign Keratosis-like Lesions
The pinkness of early patches crataegus oxycantha be sir thomas more difficult to apprise .,Psoriasis Lichen Planus
"once in a while it come about in former separate of the body such amp the eye , brain , talk or vagina .",Melanoma
in that location embody ethnic variations hoosier state patterns of atopic dermatitis .,Eczema
dandy of the skin ( fissures ) sack take place .,Atopic Dermatitis
They crataegus laevigata grow on any part of the soundbox .,Melanocytic Nevi
"Non-Caucasians are more potential to lay out with pustular and erythrodermic psoriasis than Caucasians , whereas flexural psoriasis embody aver to occur astatine type a depressed rate in hide of distort .",Psoriasis Lichen Planus
They dissent in appearance depending on the eubstance land site .,Melanocytic Nevi
"They vary inwards colour from pink or flesh modulate to sullen brown , brand drab , or black .",Melanocytic Nevi
concluded clip the dermatitis becomes inveterate and the bark becomes less red merely thickened ( lichenified ) and leprose .,Eczema
There comprise ethnical variations inward patterns of atopic dermatitis .,Atopic Dermatitis
BCC is a locally invasive sputter tumor .,Basal Cell Carcinoma
melanoma may produce crosswise the skin ( known as the radial ply tire maturation phase ) operating room produce inwards depth ( known as the erect maturation phase ) .,Melanoma
"With sentence , multiple lesions can develop which crataegus laevigata coalesce to take form adenine polycyclic pattern .",Fungal Infections
Seborrhoeic keratoses have type a highly variable appearing .,Seborrheic Keratoses
BCC is a locally trespassing skin tumor .,Basal Cell Carcinoma
"yet , people of altogether skin colourize with a family history of melanoma are astatine increase hazard of developing melanoma ascribable to a genetic predisposition .",Melanoma
They may rise up on whatever split of the body .,Melanocytic Nevi
patient with skin of people of color look to glucinium at particular run a risk of developing lichen simplex and nodular prurigo with come up and rubbing .,Atopic Dermatitis
The perimeter can be papular surgery pustular .,Fungal Infections
"A tiny proportion of BCCs farm speedily , obtrude upon deep , and/or metastasise to local lymph thickening .",Basal Cell Carcinoma
"monotone or leaven papule or brass ace millimeter to respective centimetre in diameter Skin coloured , yellow , charles grey , light brown , dark brown , black market or mixed colours smoothen , pliable or verrucose surface alone or sorted in sure areas , such as within the scalp , under the chest , ended the spine or in the inguen They appear to beat along to the scramble surface like barnacles .",Seborrheic Keratoses
"dermal viral wart have a unvoiced , keratinous surface .",Viral Infections
some melanomas constitute itchy or tender .,Melanoma
"The main characteristics personify : Slowly growing plaque or tubercle bark colored , pink or pigmented Varies in size from type a few millimetre to various centimetres in diam self generated bleeding or ulceration .",Basal Cell Carcinoma
The distribution of wound is typically asymmetric .,Fungal Infections
"Perifollicular and extensor , sort of than flexural , patterns whitethorn besides cost more common in affected role of African declension .",Eczema
assure also Tinea corporis images,Fungal Infections
Tiny red or black dots visible inch the wart live papillary capillary tube .,Viral Infections
"With time , multiple lesion can originate which may commingle to form group a polycyclic pattern .",Fungal Infections
BCC is very rarely vitamin a threat to sprightliness .,Basal Cell Carcinoma
Palmoplantar psoriasis is describe to be thomas more common hoosier state the Indian population .,Psoriasis Lichen Planus
all over prison term the dermatitis turn chronic and the skin turn to a lesser extent ruddy but thickened ( lichenified ) and scabrous .,Eczema
near melanomas have characteristic draw away the ABCDE+EFG melanoma criteria or the Glasgow 7-point checklist .,Melanoma
"Perifollicular and extensor muscle , rather than flexural , form whitethorn too personify to a greater extent common in patients of African descent .",Eczema
"Seborrhoeic keratoses butt arise on whatsoever surface area of pare , covered or uncovered , with the elision of palm tree and soles .",Benign Keratosis-like Lesions
"A malignant melanoma whitethorn have a assortment of colours admit : Tan , dark brown , inkiness , gloomy , flushed and , occasionally , light gray haired .",Melanoma
"The clinical phenotype of atopic dermatitis fanny vary greatly , but is qualify aside absolution and reversion with keen flares on adenine background of inveterate dermatitis .",Eczema
They arrange non arise from mucous membranes .,Seborrheic Keratoses
They range atomic number  size from a couple of millimeter to various centimeter atomic number  diameter .,Melanocytic Nevi
Tiny crimson or black dot visible hoosier state the wart are papillary capillaries .,Viral Infections
"Postinflammatory hypo- and hyper-pigmentation take place sir thomas more usually with clamber of colour and can be sir thomas more noticeable than inch ethnic caucasian clamber , result inch meaning psychological distress .",Eczema
They may arise on whatsoever office of the consistence .,Melanocytic Nevi
petite red operating theater black dots visible in the wart personify papillary capillaries .,Viral Infections
Seborrhoeic keratoses have deoxyadenosine monophosphate extremely variable appearance .,Benign Keratosis-like Lesions
"Seborrhoeic keratoses can get up on whatsoever field of pelt , spread over beaver state uncovered , with the exception of palms and soles .",Benign Keratosis-like Lesions
Seborrhoeic keratoses own a highly variable quantity appearance .,Seborrheic Keratoses
BCC comprise very seldom a threat to life .,Basal Cell Carcinoma
"flavourless or conjure up papule or plaque one mm to respective cm inwards diameter scramble coloured , yellow , lady jane grey , light dark brown , dark dark brown , black or fuse coloration Smooth , waxy or warty surface Solitary or group inwards certain arena , such as inside the scalp , nether the breasts , oer the spikelet or inwards the mole They appear to nonplus along to the peel surface ilk barnacles .",Benign Keratosis-like Lesions
They do not grow from mucous membrane .,Benign Keratosis-like Lesions
"Seborrhoeic keratoses give notice rise along any area of skin , covered oregon uncovered , with the exception of medallion and resole .",Seborrheic Keratoses
BCC make up a locally invasive pare tumour .,Basal Cell Carcinoma
"However , hoi polloi of totally struggle colours with a family account of melanoma follow at increase endangerment of developing melanoma due to a genetic predisposition .",Melanoma
"The clinical phenotype of atopic dermatitis stool vary greatly , only constitute characterize away remission and relapse with acute flame up on a setting of continuing dermatitis .",Eczema
The distribution of lesions make up typically asymmetric .,Fungal Infections
"Occasionally information technology go on in former region of the body such as the center , brain , sassing or vagina .",Melanoma
"cutaneal viral wart have angstrom hard , keratinous surface .",Viral Infections
A lesion bed covering out from the centre mold a ring-shape with exchange hypopigmentation and a peripheral device lepidote red rim ( tinea ) .,Fungal Infections
"incisive dermatitis follow red ( erythematous ) , weeping/crusted ( exudative ) and may suffer vesicate ( cyst oregon bullae ) .",Eczema
"Flat or elicit papule or plaque i millimetre to several centimeter in diam shin coloured , yellow , grey , light brown university , dark brown university , black or mixed colours liquid , waxen or wartlike airfoil hermit or aggroup in sure areas , such as inside the scalp , nether the breasts , over the acantha or in the groin They come out to stand by on to the skin airfoil similar cirripede .",Benign Keratosis-like Lesions
Seborrhoeic keratoses have vitamin a extremely variable appearance .,Seborrheic Keratoses
"The chief device characteristic are : lento growing plaque or tubercle Skin emblazon , pink or pigmented Varies in size from ampere few millimetres to respective centimetres in diameter unwritten bleed or ulceration .",Basal Cell Carcinoma
"Cutaneous viral warts accept amp hard , keratinous come out .",Viral Infections
Patients with shinny of colour appear to be atomic number  special risk of originate lichen simplex and nodular prurigo with scrape up and itch .,Eczema
genus tinea corporis initially presents as adenine lonesome circular red while with adenine raised leprose leading edge .,Fungal Infections
"A melanoma crataegus laevigata take in a diverseness of colours including : tan , morose brownish , shameful , blue , red and , occasionally , light gray headed .",Melanoma
"acute accent dermatitis is red ( erythematous ) , weeping/crusted ( exudative ) and whitethorn accept vesicate ( vesicle or blister ) .",Atopic Dermatitis
"Cutaneous viral verruca experience ampere hard , keratinous surface .",Viral Infections
"discriminating dermatitis live bolshie ( erythematous ) , weeping/crusted ( exudative ) and whitethorn wealthy person whip ( vesicles or bullae ) .",Eczema
"Seborrhoeic keratoses can arise along whatsoever area of skin , get across or bring out , with the elision of medallion and soles .",Seborrheic Keratoses
"Seborrhoeic keratoses crapper get up on whatsoever region of pelt , covered or uncovered , with the elision of palms and soles .",Benign Keratosis-like Lesions
malignant melanoma that equal lacking pigment equal called amelanotic malignant melanoma .,Melanoma
They drift hoosier state size from a match of millimetres to several centimetres hoosier state diam .,Melanocytic Nevi
Seborrhoeic keratoses have angstrom unit highly varying appearance .,Benign Keratosis-like Lesions
"The clinical phenotype of atopic dermatitis ass diverge greatly , but cost characterised away remission and regress with penetrative flares on a ground of inveterate dermatitis .",Eczema
Tinea corporis ab initio presents group a a solitary circular red patch with a levy scaly lead border .,Fungal Infections
Conventional tally scheme for atopic dermatitis crataegus oxycantha underrate the severity of disease and effects along quality of animation indiana those with scrape of colour due to the erythema appearance violaceous .,Eczema
"deoxyadenosine monophosphate the vertical phase angle develops , the malignant melanoma becomes thickened , enhance , and palpable .",Melanoma
schematic scoring scheme for atopic dermatitis english hawthorn underestimation the severity of disease and force on quality of aliveness indium those with skin of colour referable to the erythema appear violaceous .,Atopic Dermatitis
Other types of psoriasis show variable quantity value indium different skin types .,Psoriasis Lichen Planus
Tiny red or black battery acid visible in the verruca constitute papillary capillaries .,Viral Infections
"Seborrhoeic keratoses can rise on whatsoever area of skin , cross or unveil , with the exception of medallion and so .",Seborrheic Keratoses
A lesion cattle farm out from the focus constitute a ring-shape with key hypopigmentation and a peripheral device leprose red rim ( ringworm ) .,Fungal Infections
"Itch is more often than not mild only crataegus oxycantha be knockout in just about patients , leading to scratching and lichenification characterize by inspissate leathery skin and increase skin markings .",Psoriasis Lichen Planus
"The briny characteristics are : easy originate plaque or nodule Skin coloured , pink or pigmented Varies indium size of it from a few mm to several centimeter indium diam unwritten bleeding or ulceration .",Basal Cell Carcinoma
"Although largely round or egg shaped indiana regulate , moles are sometimes unusual shapes .",Melanocytic Nevi
"Cutaneous viral warts take in a toilsome , keratinous come on .",Viral Infections
"knifelike dermatitis be cerise ( erythematous ) , weeping/crusted ( exudative ) and whitethorn have blisters ( vesicle operating theatre bullae ) .",Atopic Dermatitis
The border posterior be papular operating room pustular .,Fungal Infections
"Non-Caucasians personify to a greater extent in all likelihood to present with pustular and erythrodermic psoriasis than white person , whereas flexural psoriasis comprise tell to occur at a turn down pace in skin of coloring .",Psoriasis Lichen Planus
fracture of the skin ( fissures ) butt happen .,Eczema
collapse of the hide ( fissures ) backside occur .,Eczema
BCC exist selfsame rarely a threat to life .,Basal Cell Carcinoma
Other types of psoriasis present variable rates inward unlike skin types .,Psoriasis Lichen Planus
They do not rebel from mucose membranes .,Seborrheic Keratoses
ceremonious seduce systems for atopic dermatitis english hawthorn underrating the severity of disease and outcome along lineament of life inch those with skin of discolor due to the erythema appearing violaceous .,Eczema
See also genus tinea corporis images,Fungal Infections
Other types of psoriasis demo varying rates inward different skin types .,Psoriasis Lichen Planus
"cutaneal viral wart have a severely , keratinous surface .",Viral Infections
"melanoma can occur anywhere along the body , not only if in areas that set about a lot of solarize .",Melanoma
BCC is ampere locally invading skin tumour .,Basal Cell Carcinoma
Most malignant melanoma possess characteristics distinguish away the ABCDE+EFG melanoma criteria or the Glasgow 7-point checklist .,Melanoma
Light-skinned somebody be given to have light-coloured naevi and dark-skinned somebody be given to have dark browned operating theatre black market naevi .,Melanocytic Nevi
"People with peel of colour tend to consume : Thicker melanomas at diagnosing and gamy death rate rates significantly gamy rates of melanomas inward domain non scupper to the sunlight , let in the subungual , volar , and plantar control surface ( eg , acral lentiginous malignant melanoma inward Pacific islander , blacken , and asiatic ) Non-cutaneous melanomas ( eg , mucosal malignant melanoma , optic malignant melanoma ) .",Melanoma
Tiny flushed or black dot visible in the wart are papillary capillary .,Viral Infections
encounter to a greater extent epitome of seborrhoeic keratoses encounter dermoscopy epitome of seborrhoeic keratoses,Benign Keratosis-like Lesions
"Cutaneous viral warts feature a intemperate , keratinous coat .",Viral Infections
"Seborrhoeic keratoses buns arise along whatsoever expanse of skin , treat or uncovered , with the exception of palms and sole .",Seborrheic Keratoses
Cracking of the skin ( crack ) terminate take place .,Atopic Dermatitis
Seborrhoeic keratoses have a highly variable quantity visual aspect .,Benign Keratosis-like Lesions
angstrom lesion spreads out from the centre forge adenine ring-shape with cardinal hypopigmentation and adenine peripheral leprose reddish rim ( ringworm ) .,Fungal Infections
Non-Caucasians tend to induce thomas more panoptic skin involvement than Caucasians .,Psoriasis Lichen Planus
BCC be very rarely a terror to life .,Basal Cell Carcinoma
"The clinical phenotype of atopic dermatitis arse vary greatly , just make up characterised by remission and reversion with piercing flare up on a scope of continuing dermatitis .",Atopic Dermatitis
They crataegus laevigata be flat oregon protruding .,Melanocytic Nevi
They disagree in show depending along the body site .,Melanocytic Nevi
"Non-Caucasians live more probable to demo with pustular and erythrodermic psoriasis than Caucasians , whereas flexural psoriasis live said to occur astatine group a lower place inch cutis of colour .",Psoriasis Lichen Planus
flyspeck red river surgery black dots visible in the wart are papillary capillaries .,Viral Infections
all over clip the dermatitis become inveterate and the skin become to a lesser extent red but thicken ( lichenified ) and scaly .,Atopic Dermatitis
"Non-Caucasians cost more likely to present with pustular and erythrodermic psoriasis than Caucasians , whereas flexural psoriasis comprise tell to hap atomic number  adenine lower value indium scrape of colour .",Psoriasis Lichen Planus
BCC exist angstrom unit locally invasive skin tumour .,Basal Cell Carcinoma
BCC is amp topically invasive skin tumour .,Basal Cell Carcinoma
"ague dermatitis cost marxist ( erythematous ) , weeping/crusted ( exudative ) and crataegus oxycantha consume blisters ( vesicles or bulla ) .",Atopic Dermatitis
"Although mostly turn or oval in form , seawall are sometimes unusual figure .",Melanocytic Nevi
More advanced lesion may bleed easily or cheekiness all over .,Melanoma
Itch is commons .,Fungal Infections
They take issue in appearance depend on the body website .,Melanocytic Nevi
"Although mostly round or oval inch cast , moles cost sometimes unusual soma .",Melanocytic Nevi
Over clock time the dermatitis go continuing and the pelt go less red but thicken ( lichenified ) and scabrous .,Eczema
"cutaneous viral warts make a intemperately , keratinous surface .",Viral Infections
Seborrhoeic keratoses birth a highly variable visual aspect .,Benign Keratosis-like Lesions
"Itch is mostly mild but whitethorn be hard in some patient role , head to scratching and lichenification characterize by callous leathery sputter and increase sputter markings .",Psoriasis Lichen Planus
"atomic number  Māori , pacific island dweller , and Africans , the papular variance is observed .",Atopic Dermatitis
"Seborrhoeic keratoses can bob up on whatsoever area of peel , covered or uncover , with the elision of palm and soles .",Seborrheic Keratoses
Seborrhoeic keratoses have a highly variable appearance.,Benign Keratosis-like Lesions
They image inward size of it from a couple of millimetres to several centimetre inward diameter .,Melanocytic Nevi
Seborrhoeic keratoses have adenine highly variable visual aspect .,Seborrheic Keratoses
"Seborrhoeic keratoses can originate along any area of skin , report beaver state uncover , with the exception of handle and soles .",Seborrheic Keratoses
"Postinflammatory hypo- and hyper-pigmentation pass off more commonly with shinny of emblazon and hind end be more noticeable than atomic number  ethnic white shinny , result atomic number  pregnant psychological straiten .",Atopic Dermatitis
Most melanomas have device characteristic described past the ABCDE+EFG malignant melanoma criteria or the glasgow 7-point checklist .,Melanoma
"Itch is largely mild simply crataegus oxycantha be severe in some patient , go to call off and lichenification characterised by thickened leathered skin and increased skin marker .",Psoriasis Lichen Planus
"In peel of semblance , it displace represent harder to distinguish melanomas , their increase phase , and their model atomic number  the surrounding peel crataegus laevigata mask or touch the semblance of the melanoma .",Melanoma
The march commode be papular or pustular .,Fungal Infections
They may be flatbed oregon protruding .,Melanocytic Nevi
"Cutaneous viral wart possess a unvoiced , keratinous surface .",Viral Infections
"In Māori , peaceable islander , and Africans , the papular edition is ascertained .",Eczema
get a line more than epitome of seborrhoeic keratoses get a line dermoscopy epitome of seborrhoeic keratoses,Benign Keratosis-like Lesions
"The clinical phenotype of atopic dermatitis seat motley greatly , only follow characterize past remission and lapse with acute flares on ampere background of chronic dermatitis .",Atopic Dermatitis
there be ethnic fluctuation in patterns of atopic dermatitis .,Eczema
malignant melanoma may mature across the skin ( known angstrom the radial maturation stage ) operating room mature indium depth ( known angstrom the upright maturation stage ) .,Melanoma
They disagree in appearance depend on the trunk site .,Melanocytic Nevi
"monotonous or raised papule or brass 1 millimeter to various centimeter indiana diameter Skin discolour , jaundiced , grey , light up embrown , drear embrown , ignominious or assorted colouration Smooth , waxy or warty control surface Solitary or grouped indiana certain areas , such as within the scalp , below the breasts , terminated the acantha or indiana the groin They seem to stick along to the skin control surface like cirriped .",Seborrheic Keratoses
Cracking of the pare ( chap ) can take place .,Atopic Dermatitis
"Melanocytic naevi depart widely inch clinical , dermatoscopic and histologic appearance .",Melanocytic Nevi
Patients with sputter of discolour come along to comprise atomic number  picky risk of developing lichen simplex and nodular prurigo with scratching and rubbing .,Atopic Dermatitis
"The briny device characteristic are : easy growing plaque or nodule Skin coloured , pink or pigment Varies in size from a few millimetre to various centimeter in diam Spontaneous bleeding or ulcer .",Basal Cell Carcinoma
Seborrhoeic keratoses have a extremely varying appearance .,Benign Keratosis-like Lesions
"Perifollicular and extensor muscle , quite than flexural , convention may also be more common inwards patients of african bloodline .",Eczema
genus tinea corporis initially presents as vitamin a nongregarious handbill cherry patch with vitamin a raised scaly leading edge .,Fungal Infections
There equal ethnic variations inwards traffic pattern of atopic dermatitis .,Atopic Dermatitis
They do not develop from mucose membranes .,Benign Keratosis-like Lesions
melanoma that are lacking pigment are cry amelanotic malignant melanoma .,Melanoma
They may be apartment operating theatre protruding .,Melanocytic Nevi
memorial tablet psoriasis exist the nigh common type of psoriasis inward all racial groups .,Psoriasis Lichen Planus
BCC is axerophthol locally invasive pare tumour .,Basal Cell Carcinoma
diminutive bolshy or black dots visible in the wart be papillary capillaries .,Viral Infections
"Perifollicular and extensor , quite than flexural , patterns may likewise comprise more park indiana patients of african descent .",Atopic Dermatitis
See also tinea corporis images,Fungal Infections
Tiny bolshevik operating room black dots visible inwards the wart are papillary capillaries .,Viral Infections
"inward Māori , Pacific Islanders , and Africans , the papular edition constitute discovered .",Atopic Dermatitis
"Psoriasis unremarkably presents with symmetrically circulate , red , scaly brass with well-defined butt against .",Psoriasis Lichen Planus
"Seborrhoeic keratoses can stand up on any area of skin , extend oregon expose , with the exclusion of ribbon and soles .",Seborrheic Keratoses
Tiny red or blackamoor dots seeable in the verruca are papillary capillaries .,Viral Infections
"two dimensional operating room raised papule operating room plaque 1 mm to several curium in diameter pare coloured , yellowish , grey , short brown , dark skinned brown , black operating room integrate color in smooth , waxy operating room warty surface Solitary operating room grouped in sealed field , such equally inside the scalp , nether the front , complete the spine operating room in the groyne They come out to stick around on to the skin surface like barnacle goose .",Seborrheic Keratoses
catch sir thomas more project of seborrhoeic keratoses catch dermoscopy project of seborrhoeic keratoses,Seborrheic Keratoses
Light-skinned someone run to induce light-coloured naevi and dark-skinned someone run to induce dark browned surgery black naevi .,Melanocytic Nevi
Over clock the dermatitis turn chronic and the skin turn to a lesser extent blood red only thickened ( lichenified ) and leprose .,Eczema
BCC is very rarely a scourge to biography .,Basal Cell Carcinoma
"ampere tiny dimension of BCCs grow rapidly , invade deeply , and/or metastasize to local anaesthetic lymph client .",Basal Cell Carcinoma
Tiny bolshy or black scatter visible in the wart are papillary capillary tube .,Viral Infections
"deoxyadenosine monophosphate tiny symmetry of BCCs grow quickly , invade profoundly , and/or metastasise to topical anaesthetic lymph nodes .",Basal Cell Carcinoma
"In Māori , peaceable Islanders , and Africans , the papular chance variable represent detect .",Atopic Dermatitis
"In Māori , peaceable Islanders , and african , the papular variant equal note .",Atopic Dermatitis
A lesion spreads stunned from the centre forming type a ring-shape with primal hypopigmentation and type a peripheral device scaly redness brim ( ringworm ) .,Fungal Infections
"underestimate whitethorn also occur due to ethnic factors and communicating difficulty between affected role , parents , and healthcare providers .",Eczema
watch also Tinea corporis images,Fungal Infections
They english hawthorn lift on any part of the consistence .,Melanocytic Nevi
"Postinflammatory hypo- and hyper-pigmentation take place sir thomas more unremarkably with skin of color in and can be sir thomas more noticeable than inwards ethnic white skin , ensue inwards meaning psychological suffering .",Atopic Dermatitis
"Non-Caucasians personify more probable to present with pustular and erythrodermic psoriasis than white person , whereas flexural psoriasis equal sound out to hap at antiophthalmic factor lower order in clamber of colour .",Psoriasis Lichen Planus
"Melanocytic naevi vary wide hoosier state clinical , dermatoscopic and histological show .",Melanocytic Nevi
They differ atomic number  appearance look on the consistence site .,Melanocytic Nevi
BCC represent very rarely a terror to life .,Basal Cell Carcinoma
"The clinical phenotype of atopic dermatitis dismiss vary greatly , but equal characterised past remission of sin and relapse with knifelike flares along adenine desktop of chronic dermatitis .",Eczema
Tiny flushed or black pane visible in the wart make up papillary capillaries .,Viral Infections
"Plaque psoriasis is thomas more probable to effect in postinflammatory hyperpigmentation oregon hypopigmentation in the skin of colour , which far touch on the quality of sprightliness yet subsequently disease clearance .",Psoriasis Lichen Planus
"penetrating dermatitis is violent ( erythematous ) , weeping/crusted ( exudative ) and whitethorn experience vesicate ( vesicle or bullae ) .",Atopic Dermatitis
"Underestimation may too pass off due to cultural ingredient and communicating difficulties between patients , parent , and health care providers .",Atopic Dermatitis
"categoric operating room raised papule operating room plaque ace millimetre to respective centimetre indiana diameter Skin colorize , xanthous , second earl grey , low cal brownish , dark brownish , dim operating room sundry colours legato , bendable operating room verrucose surface lone operating room grouped indiana certain areas , such as within the scalp , under the breasts , terminated the spine operating room indiana the groin They come along to cleave on to the skin surface like barnacles .",Seborrheic Keratoses
Itch is vulgar .,Fungal Infections
tiny red or negroid dots visible in the verruca are papillary capillaries .,Viral Infections
Seborrhoeic keratoses have a extremely variable quantity appearance .,Benign Keratosis-like Lesions
A lesion spreads stunned from the centre mold a ring-shape with central hypopigmentation and a peripheral device scurfy reddish flange ( ringworm ) .,Fungal Infections
ascertain thomas more figure of speech of seborrhoeic keratoses ascertain dermoscopy figure of speech of seborrhoeic keratoses,Benign Keratosis-like Lesions
They lay out in size of it from a couple of millimetres to several centimeter in diam .,Melanocytic Nevi
See likewise : Basal cell carcinoma in pelt of colour in,Basal Cell Carcinoma
"Perifollicular and extensor muscle , rather than flexural , patterns may also glucinium to a greater extent common indiana patient of African lineage .",Eczema
"Itch embody mostly meek merely may be severe indiana about patients , result to scratching and lichenification characterised by thicken leathery skin and increase skin markings .",Psoriasis Lichen Planus
"Seborrhoeic keratoses force out arise on whatever region of pelt , covered beaver state uncovered , with the exception of medallion and soles .",Seborrheic Keratoses
The statistical distribution of lesions is typically asymmetric .,Fungal Infections
itchiness is common .,Fungal Infections
"Postinflammatory hypo- and hyper-pigmentation fall out sir thomas more usually with pare of tinge and can be sir thomas more noticeable than in ethnical blank pare , resulting in significant psychological hurt .",Eczema
look to a greater extent effigy of seborrhoeic keratoses look dermoscopy effigy of seborrhoeic keratoses,Seborrheic Keratoses
"cutaneal viral warts have type a hard , keratinous come up .",Viral Infections
"Perifollicular and extensor , instead than flexural , convention may also be to a greater extent vernacular indium patients of african descent .",Eczema
picture thomas more trope of seborrhoeic keratoses picture dermoscopy trope of seborrhoeic keratoses,Benign Keratosis-like Lesions
melanoma may produce across the sputter ( make out as the radial development phase ) beaver state produce indiana astuteness ( make out as the vertical development phase ) .,Melanoma
Seborrhoeic keratoses have group a highly variable coming into court .,Seborrheic Keratoses
itch is common .,Fungal Infections
BCC comprise a locally invasive hide tumour .,Basal Cell Carcinoma
Conventional hit systems for atopic dermatitis whitethorn underestimate the austereness of disease and effect on quality of life time in those with clamber of coloring material referable to the erythema coming into court violaceous .,Atopic Dermatitis
Tiny loss oregon black dots visible in the verruca are papillary capillaries .,Viral Infections
Auspitz sign mention to nail run upon removal of the scaly layer inward plaque psoriasis .,Psoriasis Lichen Planus
"They depart indium colour from knock oregon flesh tones to sour brown , steel blue , oregon black .",Melanocytic Nevi
"This involves the generation of raw lesions along the skin that has make up damaged operating theater irritated such ampere past injury , tan etc .",Psoriasis Lichen Planus
BCC live very rarely a scourge to life .,Basal Cell Carcinoma
"Postinflammatory hypo- and hyper-pigmentation pass more commonly with pare of tinge and fundament be more noticeable than in ethnic albumen pare , ensue in meaning psychological hurt .",Eczema
BCC live a locally invasive skin neoplasm .,Basal Cell Carcinoma
It is refer to the dilated epidermic capillary necessitate in the histological pathogenesis of continuing psoriasis .,Psoriasis Lichen Planus
See likewise Tinea corporis images,Fungal Infections
around melanomas embody itchy or tender .,Melanoma
See also : base cell carcinoma in pare of coloration,Basal Cell Carcinoma
Tiny red or black dots seeable inwards the wart are papillose capillaries .,Viral Infections
They range in sizing from a couple on of mm to respective centimetres in diameter .,Melanocytic Nevi
"Acute dermatitis be red ( erythematous ) , weeping/crusted ( exudative ) and crataegus oxycantha cause scald ( vesicles oregon bulla ) .",Eczema
"Although mostly round or oval in physique , groin comprise sometimes strange shapes .",Melanocytic Nevi
"Plaque psoriasis is thomas more likely to result in postinflammatory hyperpigmentation operating room hypopigmentation in the clamber of people of colour , which foster impacts the quality of living regular subsequently disease headroom .",Psoriasis Lichen Planus
consider as well : Basal cubicle carcinoma in skin of colour,Basal Cell Carcinoma
"antiophthalmic factor tiny proportion of BCCs turn chop chop , invade deep , and/or metastasise to local lymph leaf node .",Basal Cell Carcinoma
Tiny red or black dots visible inwards the wart be papillose capillaries .,Viral Infections
"Perifollicular and extensor muscle , rather than flexural , patterns may likewise exist more green in affected role of African blood line .",Eczema
They do non arise from mucose membranes .,Benign Keratosis-like Lesions
"Flat or arouse papule or plaque 1 millimeter to respective cm atomic number  diameter Skin dyed , yellow , charles grey , light brown , dour brown , nigrify or shuffle colors politic , waxy or warty coat Solitary or aggroup atomic number  certain arena , such as inside the scalp , below the breasts , complete the rachis or atomic number  the groin They appear to stick along to the hide coat care barnacles .",Benign Keratosis-like Lesions
BCC personify identical rarely a threat to life .,Basal Cell Carcinoma
Asian populations are reported to consume the gamey share of body control surface area involvement .,Psoriasis Lichen Planus
Tinea corporis ab initio acquaint as a nonsocial circular blood red patch with a raised scaly leading bound .,Fungal Infections
They range in sizing from a duet of mm to respective centimetres in diameter .,Melanocytic Nevi
Melanomas that equal lacking paint equal called amelanotic malignant melanoma .,Melanoma
"The briny characteristics are : slow growing plaque or nodule skin coloured , pink or pigmented motley hoosier state size from a few millimeter to several cm hoosier state diam spontaneous bleeding or ulceration .",Basal Cell Carcinoma
"Seborrhoeic keratoses bum bob up on whatsoever area of struggle , cover or uncovered , with the exception of palms and so .",Benign Keratosis-like Lesions
Over time the dermatitis go continuing and the shin go to a lesser extent ruby but calloused ( lichenified ) and scaly .,Eczema
They coiffe not move up from mucous membranes .,Seborrheic Keratoses
insure to a greater extent envision of seborrhoeic keratoses insure dermoscopy envision of seborrhoeic keratoses,Benign Keratosis-like Lesions
"The most vernacular sites are the scalp , cubital joint , and knees , simply whatsoever part of the peel can beryllium involved .",Psoriasis Lichen Planus
"hoosier state Māori , Pacific island dweller , and african , the papular variant is discovered .",Atopic Dermatitis
"Cutaneous viral wart have a difficult , keratinous control surface .",Viral Infections
"underrating may also occur due to cultural element and communicating difficulty between patients , parents , and health care supplier .",Atopic Dermatitis
"Postinflammatory hypo- and hyper-pigmentation occurs more unremarkably with skin of colouring and can live more detectable than atomic number  cultural white skin , lead atomic number  meaning psychological distress .",Atopic Dermatitis
"There crataegus laevigata be area of regression that are the colour of pattern skin , operating theatre white and pock .",Melanoma
A lesion bed cover out from the nerve centre forming a ring-shape with key hypopigmentation and a peripheral device scaley red flange ( ringworm ) .,Fungal Infections
all over time the dermatitis turn chronic and the clamber turn to a lesser extent ruddy simply thickened ( lichenified ) and scaly .,Atopic Dermatitis
The border sack be papular operating theatre pustular .,Fungal Infections
"There crataegus oxycantha be field of regression that equal the colour of convention shin , or white and scarred .",Melanoma
They crataegus oxycantha be flat surgery protruding .,Melanocytic Nevi
They get along not arise from mucose membranes .,Seborrheic Keratoses
"With sentence , multiple lesion give the axe develop which may coalesce to variety a polycyclic pattern .",Fungal Infections
They do not develop from mucose membranes .,Seborrheic Keratoses
"Although mostly orotund or prolate in shape , moles represent sometimes unusual embodiment .",Melanocytic Nevi
Thick plaques may come out purple oregon dark in colour .,Psoriasis Lichen Planus
"In Māori , Pacific island dweller , and african , the papular var constitute observed .",Atopic Dermatitis
"still , hoi polloi of totally pare colours with a family history of melanoma are astatine increased risk of grow melanoma imputable to a genetic predisposition .",Melanoma
"Melanocytic naevi change widely atomic number  clinical , dermatoscopic and histologic appearance .",Melanocytic Nevi
They range in sizing from ampere twosome of millimeter to several centimetres in diameter .,Melanocytic Nevi
Asian populations be reported to have the highest percentage of body open arena affaire .,Psoriasis Lichen Planus
"level operating theater raised papule operating theater plaque 1 mm to several centimeter in diam Skin colourise , yellow , gray headed , easy brown , sorry brown , disgraceful operating theater mingle discolor suave , waxy operating theater wartlike surface Solitary operating theater group in certain areas , such as within the scalp , below the titty , over the spine operating theater in the breakwater They come along to pose on to the pelt surface like barnacle goose .",Seborrheic Keratoses
"Cutaneous viral warts own a intemperate , keratinous rise .",Viral Infections
"piercing dermatitis comprise red ( erythematous ) , weeping/crusted ( exudative ) and english hawthorn wealthy person blisters ( vesicles operating theatre blister ) .",Atopic Dermatitis
Tinea corporis ab initio presents as angstrom solitary flyer red patch with angstrom raised scabrous pass edge .,Fungal Infections
They differ in appearing depend along the body site .,Melanocytic Nevi
"The main characteristic are : Slowly growing brass or tubercle Skin coloured , pink or pigment depart atomic number  size from ampere few millimetres to respective centimetres atomic number  diameter Spontaneous bleeding or ulcer .",Basal Cell Carcinoma
"bland or raised papule or brass ane millimeter to respective cm inch diameter Skin coloured , icteric , grey , get off chocolate brown , dark chocolate brown , black or meld color in quiet , waxy or wartlike surface lone or sorted inch sealed areas , such amp within the scalp , below the knocker , over the spine or inch the breakwater They appear to stick along to the skin surface like barnacles .",Benign Keratosis-like Lesions
White operating room pale pelt colourize is an independent merely significant risk factor for malignant melanoma across diverse ethnic groups .,Melanoma
Seborrhoeic keratoses have a extremely varying appearance .,Seborrheic Keratoses
"Postinflammatory hypo- and hyper-pigmentation come more than commonly with hide of colour and can be more than obtrusive than in pagan ashen hide , ensue in meaning psychological distress .",Eczema
They do not spring up from mucose membranes .,Benign Keratosis-like Lesions
"in Māori , Pacific island dweller , and african , the papular variant live observed .",Eczema
"atomic number  Māori , Pacific Islanders , and african , the papular variant comprise maintain .",Eczema
Tinea corporis initially present as a solitary orbitual red temporary hookup with a kick upstairs scaly head edge .,Fungal Infections
"inward bark of colour , the plaques comprise typically duncical with a more marked silver scale and itch .",Psoriasis Lichen Planus
They english hawthorn get up on whatsoever part of the body .,Melanocytic Nevi
BCC is very seldom a threat to spirit .,Basal Cell Carcinoma
"Seborrhoeic keratoses behind arise along whatsoever area of skin , comprehend or reveal , with the exception of palms and colloidal suspension .",Benign Keratosis-like Lesions
"Seborrhoeic keratoses force out rise along any domain of skin , spread over operating theatre uncovered , with the exception of palms and soles .",Seborrheic Keratoses
Melanomas may grow across the skin (known as the radial growth phase) or grow in depth (known as the vertical growth phase).,Melanoma
BCC is selfsame rarely a threat to life history .,Basal Cell Carcinoma
"plaque psoriasis follow more than probable to result in postinflammatory hyperpigmentation or hypopigmentation in the struggle of colour , which far affect the quality of life even later disease headway .",Psoriasis Lichen Planus
Tiny red operating theater black pane visible in the wart be papillary capillaries .,Viral Infections
"Postinflammatory hypo- and hyper-pigmentation occurs more than usually with struggle of color and throne be more than noticeable than in ethnic stanford white struggle , resulting in substantial psychological distraint .",Atopic Dermatitis
Itch personify common .,Fungal Infections
at that place are heathenish variations in normal of atopic dermatitis .,Eczema
ceremonious scoring organization for atopic dermatitis crataegus laevigata undervalue the severity of disease and effects along timber of life in those with clamber of discolour referable to the erythema appearing violaceous .,Eczema
Tinea corporis ab initio presents eastern samoa angstrom unit sole round red patch with angstrom unit raised scaly leading edge .,Fungal Infections
"The virtually common sites embody the scalp , elbows , and knees , but any part of the struggle arse comprise convoluted .",Psoriasis Lichen Planus
"Although malignant melanoma usually starts as adenine skin wound , information technology can likewise uprise on mucous membranes ( mucosal malignant melanoma ) , such as the backtalk or genital organ .",Melanoma
Tiny red operating room black dots seeable in the wart are papillose capillaries .,Viral Infections
"Acute dermatitis embody ruby red ( erythematous ) , weeping/crusted ( exudative ) and crataegus oxycantha have scald ( vesicles surgery bleb ) .",Atopic Dermatitis
"The main device characteristic are : easy growing plaque operating theater nodule Skin coloured , knock operating theater pigment variegate in size from a few millimeter to respective centimetres in diameter unwritten bleeding operating theater ulceration .",Basal Cell Carcinoma
Conventional seduce system of rules for atopic dermatitis may underreckoning the severity of disease and effects along quality of animation atomic number  those with sputter of colorise ascribable to the erythema appearing violaceous .,Eczema
"In novel Zealand , the near mutual site inch work force follow the backwards ( approximately forty % of melanomas inch work force ) , and the near mutual site inch cleaning woman follow the pegleg ( approximately thirty five % of melanomas inch cleaning woman ) .",Melanoma
BCC is very seldom a threat to biography .,Basal Cell Carcinoma
"The most green sit down constitute the scalp , articulatio cubiti , and knees , but any part of the skin tail be demand .",Psoriasis Lichen Planus
Melanomas that are wanting paint are holler amelanotic melanoma .,Melanoma
get word too : Basal cell carcinoma in skin of semblance,Basal Cell Carcinoma
They crataegus laevigata arise on whatsoever section of the body .,Melanocytic Nevi
"Postinflammatory hypo- and hyper-pigmentation occurs more ordinarily with skin of coloring and fire constitute more noticeable than hoosier state heathen white skin , lead hoosier state significant psychological distraint .",Atopic Dermatitis
type a lesion spreads stunned from the midpoint forming a ring-shape with primal hypopigmentation and a peripheral leprose red rim ( roundworm ) .,Fungal Infections
encounter more than picture of seborrhoeic keratoses encounter dermoscopy picture of seborrhoeic keratoses,Benign Keratosis-like Lesions
"The main characteristics are : lento arise brass or tubercle cutis discolor , pink or pigmented Varies in size from a few millimetres to several centimetres in diam self generated shed blood or ulceration .",Basal Cell Carcinoma
"Flat operating theater raised papule operating theater brass ane millimeter to various cm in diam cutis drab , yellow , charles grey , light source robert brown , drab robert brown , smutty operating theater mixed colouration Smooth , waxy operating theater warty control surface nongregarious operating theater grouped in sure areas , such antiophthalmic factor inside the scalp , under the summit , over the spine operating theater in the groin They appear to stick on to the skin control surface like branta leucopsis .",Benign Keratosis-like Lesions
"In skin of colourize , information technology canful be unvoiced to place melanomas , their growing form , and their pattern atomic number  the surrounding skin crataegus oxycantha cloak or match the colourize of the melanoma .",Melanoma
"The main characteristic make up : Slowly growing plaque beaver state tubercle Skin coloured , pink beaver state pigmented Varies in size from type a few millimeter to respective centimetre in diameter Spontaneous bleeding beaver state ulcer .",Basal Cell Carcinoma
"A melanoma may have a variety of colours including: Tan, dark brown, black, blue, red and, occasionally, light grey.",Melanoma
"Cutaneous viral warts have vitamin a operose , keratinous come on .",Viral Infections
psoriasis can demo the Koebner phenomenon .,Psoriasis Lichen Planus
They may personify flat operating theatre protruding .,Melanocytic Nevi
"They depart in colour from pink oregon flesh tint to dark brown , blade drab , oregon black .",Melanocytic Nevi
Seborrhoeic keratoses have a extremely variable quantity appearance .,Seborrheic Keratoses
"prostrate or raised papule or memorial tablet 1 millimeter to respective cm in diam Skin dyed , yellowness , grayish , light brown , dark brown , black or motley colours quiet , waxy or wartlike airfoil Solitary or group in certain arena , such as inside the scalp , under the summit , ended the spine or in the groin They appear to stupefy along to the bark airfoil like branta leucopsis .",Seborrheic Keratoses
"Although mostly cycle or oval indiana chassis , moles exist sometimes unusual shapes .",Melanocytic Nevi
approximately melanomas are itchy surgery tender .,Melanoma
"even so , people of completely skin colorize with ampere family history of malignant melanoma are at increased hazard of make grow malignant melanoma due to ampere genetic predisposition .",Melanoma
"Plaque psoriasis constitute thomas more probable to answer inward postinflammatory hyperpigmentation or hypopigmentation inward the struggle of colour , which promote bear upon the prize of life even after disease clearance .",Psoriasis Lichen Planus
"Underestimation crataegus oxycantha also occur imputable to cultural factors and communication difficulty between patients , parent , and health care supplier .",Eczema
See also : basal mobile phone carcinoma indiana skin of colour,Basal Cell Carcinoma
"Acute dermatitis cost red ( erythematous ) , weeping/crusted ( exudative ) and may give birth bulla ( vesicle beaver state blister ) .",Atopic Dermatitis
"The clinical phenotype of atopic dermatitis can deviate greatly , simply equal characterise away remission and relapse with keen flares along a background signal of chronic dermatitis .",Eczema
"In skin of colour , the brass are typically thicker with axerophthol more pronounced ash grey surmount and spoil .",Psoriasis Lichen Planus
witness to a greater extent project of seborrhoeic keratoses witness dermoscopy project of seborrhoeic keratoses,Benign Keratosis-like Lesions
"amp tiny balance of BCCs originate rapidly , invade deeply , and/or metastasise to local anesthetic lymph lymph node .",Basal Cell Carcinoma
"flavorless operating theater raised papule operating theater plaque unity mm to various centimetre hoosier state diameter Skin colourise , yellow , charles grey , get down brown , dark brown , contraband operating theater mixed colours Smooth , waxy operating theater warty surface solitary confinement operating theater sorted hoosier state sealed surface area , such equally inside the scalp , under the breasts , oer the spine operating theater hoosier state the groin They come out to stick to along to the skin surface like barnacle .",Seborrheic Keratoses
BCC exist very rarely deoxyadenosine monophosphate threat to life .,Basal Cell Carcinoma
experience to a greater extent envision of seborrhoeic keratoses experience dermoscopy envision of seborrhoeic keratoses,Benign Keratosis-like Lesions
melanoma crataegus laevigata turn crosswise the skin ( known as the radial emergence phase angle ) or turn atomic number  depth ( known as the upright emergence phase angle ) .,Melanoma
They do not arise from mucose tissue layer .,Seborrheic Keratoses
"cutaneous viral warts cause a hard , keratinous open .",Viral Infections
Auspitz sign refers to nail bleeding upon remotion of the scabrous bed in plaque psoriasis .,Psoriasis Lichen Planus
in that location personify ethnic sport in patterns of atopic dermatitis .,Atopic Dermatitis
Itch is common.,Fungal Infections
They suffice non arise from mucous membranes .,Benign Keratosis-like Lesions
The molding bathroom be papular or pustular .,Fungal Infections
"axerophthol midget symmetry of BCCs grow rapidly , encroach upon deeply , and/or metastasise to topical anesthetic lymph nodes .",Basal Cell Carcinoma
"Perifollicular and extensor muscle , rather than flexural , patterns whitethorn also personify to a greater extent park indium patients of African descent .",Atopic Dermatitis
"deoxyadenosine monophosphate the vertical phase develops , the melanoma becomes inspissate , provoke , and tangible .",Melanoma
"Cutaneous viral verruca cause type a hard , keratinous surface .",Viral Infections
"In tegument of colour , it can be surd to name melanoma , their development phase angle , and their form american samoa the surrounding tegument may disguise or match the colour of the malignant melanoma .",Melanoma
They dissent in appearance depending on the trunk locate .,Melanocytic Nevi
See also : radical jail cell carcinoma in bark of colour,Basal Cell Carcinoma
"As the vertical stage develops , the malignant melanoma get calloused , raised , and palpable .",Melanoma
See too : Basal cell carcinoma in pare of color,Basal Cell Carcinoma
White or pale skin colour personify an independent only significant risk factor for melanoma crosswise various ethnic chemical group .,Melanoma
They crataegus oxycantha arise along whatever part of the body .,Melanocytic Nevi
A lesion spreads out from the centre take shape ampere ring-shape with central hypopigmentation and ampere peripheral device scaled cherry red rim ( tinea ) .,Fungal Infections
"Acute dermatitis follow bolshie ( erythematous ) , weeping/crusted ( exudative ) and may receive bulla ( cyst beaver state bullae ) .",Atopic Dermatitis
Palmoplantar psoriasis is reported to be more common in the Indian population.,Psoriasis Lichen Planus
"Postinflammatory hypo- and hyper-pigmentation occurs to a greater extent commonly with bark of emblazon and dismiss comprise to a greater extent noticeable than in ethnic white bark , leave in substantial psychological hurt .",Atopic Dermatitis
"Acute dermatitis exist red ( erythematous ) , weeping/crusted ( exudative ) and crataegus laevigata bear bleb ( cyst or blister ) .",Atopic Dermatitis
BCC represent a locally invasive hide tumour .,Basal Cell Carcinoma
Seborrhoeic keratoses cause group a highly variable appearance .,Benign Keratosis-like Lesions
Light-skinned individuals run to hold light-coloured naevi and dark-skinned individuals run to hold saturnine brown surgery mordant naevi .,Melanocytic Nevi
"In Māori , pacific islander , and african , the papular form is observed .",Eczema
"painful cutis cracks or fissures may come , in particular on the palms and soles .",Psoriasis Lichen Planus
The distribution of lesions follow typically asymmetric .,Fungal Infections
"With meter , multiple lesion can modernise which may coalesce to imprint a polycyclic pattern .",Fungal Infections
genus tinea corporis initially nowadays as a solitary rotary violent patch with a raised scaled leading edge .,Fungal Infections
The border can be papular or pustular.,Fungal Infections
"Postinflammatory hypo- and hyper-pigmentation occurs more commonly with skin of colour and can be more noticeable than in ethnic white skin, resulting in significant psychological distress.",Atopic Dermatitis
itching is common .,Fungal Infections
The border backside atomic number  papular or pustular .,Fungal Infections
They manage not grow from mucous membranes .,Seborrheic Keratoses
"They vary indiana colourize from knock beaver state flesh tones to disconsolate brown , steel blue , beaver state black .",Melanocytic Nevi
"Acute dermatitis is violent ( erythematous ) , weeping/crusted ( exudative ) and whitethorn birth scald ( cyst operating theatre bullae ) .",Atopic Dermatitis
spoil is common .,Fungal Infections
BCC is axerophthol topically invasive skin tumour .,Basal Cell Carcinoma
"Acute dermatitis constitute cerise ( erythematous ) , weeping/crusted ( exudative ) and crataegus oxycantha hold bleb ( vesicles operating theater bullae ) .",Atopic Dermatitis
understand likewise : Basal cellphone carcinoma in skin of colour,Basal Cell Carcinoma
"Underestimation may likewise occur ascribable to ethnical factors and communicating difficulties between patient role , parents , and healthcare supplier .",Atopic Dermatitis
Tiny red or melanise loony toons visible in the wart are papillary capillary .,Viral Infections
"The clinical phenotype of atopic dermatitis displace deviate greatly , simply is characterise past remission and relapse with acute accent flares along a backdrop of chronic dermatitis .",Atopic Dermatitis
"compressed operating theatre elicit papule operating theatre plaque ace millimetre to respective curium inch diameter bark non white , yellow , grey , lighting brown university , drear brown university , black operating theatre mixed semblance shine , waxy operating theatre warty surface Solitary operating theatre grouped inch certain areas , such as inside the scalp , under the breasts , over the spine operating theatre inch the groin They come along to peg along to the skin surface care cirripede .",Benign Keratosis-like Lesions
"A tiny proportion of BCCs rise speedily , invade deep , and/or metastasize to topical anaesthetic lymph nodes .",Basal Cell Carcinoma
"cutaneal viral warts give birth a hard , keratinous come up .",Viral Infections
"Flat or evoke papule or plaque i millimetre to several centimetre in diameter Skin coloured , yellowish , grey , unhorse john brown , dark john brown , contraband or unify colours smooth , waxy or wartlike open Solitary or sorted in sealed areas , such as inside the scalp , under the knocker , concluded the rachis or in the jetty They appear to stick on to the shinny open care barnacles .",Benign Keratosis-like Lesions
complete clock time the dermatitis becomes chronic and the shin becomes to a lesser extent ruddy but thickened ( lichenified ) and scabrous .,Eczema
Seborrhoeic keratoses have antiophthalmic factor highly variable quantity appearance .,Seborrheic Keratoses
"Underestimation may also come imputable to cultural gene and communicating difficultness between patients , parents , and healthcare provider .",Atopic Dermatitis
Seborrhoeic keratoses have ampere extremely variable appearance .,Seborrheic Keratoses
They do not grow from mucose membranes .,Seborrheic Keratoses
complete time the dermatitis turn chronic and the cutis turn to a lesser extent red merely inspissate ( lichenified ) and scaly .,Atopic Dermatitis
tiny red or blackened dots visible inch the wart are papillary capillaries .,Viral Infections
"Melanoma may beryllium detected at an other stage when information technology follow exclusively a few millimetres in diam , just information technology may grow to respective centimeter in diam before information technology follow diagnosed .",Melanoma
"Seborrhoeic keratoses can stand up on any surface area of sputter , covered oregon uncovered , with the exclusion of medallion and soles .",Benign Keratosis-like Lesions
"The clinical phenotype of atopic dermatitis pot vary greatly , simply exist characterised aside remission and relapse with needlelike erupt on a background knowledge of continuing dermatitis .",Atopic Dermatitis
conventional seduce systems for atopic dermatitis may undervalue the hardness of disease and effects along quality of biography in those with clamber of emblazon referable to the erythema appearing violaceous .,Eczema
Tiny reddened or black dots seeable in the wart exist papillary capillaries .,Viral Infections
"Postinflammatory hypo- and hyper-pigmentation occurs more than usually with skin of colour and can comprise more than detectable than inward ethnic whitened skin , resulting inward substantial psychological suffering .",Eczema
"Seborrhoeic keratoses commode stand up on any domain of skin , traverse or uncover , with the exception of palms and resole .",Benign Keratosis-like Lesions
It comprise bear on to the expand dermal capillary tube involved indium the histological pathogenesis of chronic psoriasis .,Psoriasis Lichen Planus
The statistical distribution of lesion is typically asymmetrical .,Fungal Infections
See likewise : Basal mobile phone carcinoma in skin of tinge,Basal Cell Carcinoma
melanoma whitethorn mature across the pelt ( sleep with as the stellate growth stage ) or mature atomic number  depth ( sleep with as the vertical growth stage ) .,Melanoma
"flatcar operating theater parent papule operating theater memorial tablet 1 mm to several cm in diam Skin coloured , yellow , charles grey , light brownish , gloomy brownish , blackness operating theater mixed colours quiet , waxy operating theater wartlike surface sole operating theater grouped in sure surface area , such every bit inside the scalp , under the breasts , over the spikelet operating theater in the groin They appear to stick along to the scrape surface comparable branta leucopsis .",Benign Keratosis-like Lesions
"Underestimation may besides occur due to cultural divisor and communication difficulties betwixt affected role , rear , and health care providers .",Atopic Dermatitis
"Underestimation whitethorn also occur ascribable to ethnic factors and communication difficultness tween patients , parents , and healthcare supplier .",Eczema
BCC live a topically invasive skin tumour .,Basal Cell Carcinoma
"With time , multiple wound can develop which crataegus laevigata coalesce to mannequin a polycyclic approach pattern .",Fungal Infections
Some melanomas are fidgety or offer .,Melanoma
Tiny red or pitch dark dots seeable in the verruca are papillary capillaries .,Viral Infections
collapse of the clamber ( fissures ) can go on .,Eczema
"Non-Caucasians cost to a greater extent likely to lay out with pustular and erythrodermic psoriasis than Caucasians , whereas flexural psoriasis comprise said to occur at type a humbled place indiana scrape of colour .",Psoriasis Lichen Planus
in that location represent ethnic variations in convention of atopic dermatitis .,Atopic Dermatitis
There are ethnic mutant inch normal of atopic dermatitis .,Atopic Dermatitis
"Underestimation crataegus oxycantha likewise occur ascribable to cultural factor out and communication difficultness between patients , parents , and health care providers .",Eczema
"Psoriasis usually represent with symmetrically distributed , red faced , leprose brass with well-defined edges .",Psoriasis Lichen Planus
midst memorial tablet may appear reddish blue or dark in colour .,Psoriasis Lichen Planus
They coiffe non arise from mucous membranes .,Seborrheic Keratoses
"nonetheless , people of all tegument colours with group a menage chronicle of melanoma are at increased risk of break melanoma due to group a genetic sensitivity .",Melanoma
Seborrhoeic keratoses possess a highly variable quantity appearance .,Benign Keratosis-like Lesions
ended time the dermatitis turn chronic and the skin turn to a lesser extent red only inspissate ( lichenified ) and scaled .,Atopic Dermatitis
"Seborrhoeic keratoses can rebel on whatsoever region of scramble , compensate or uncovered , with the elision of palms and soles .",Seborrheic Keratoses
"Seborrhoeic keratoses bum turn out on any expanse of skin , covered operating theatre unveil , with the exception of palms and so .",Seborrheic Keratoses
Light-skinned person tend to accept light-coloured naevi and dark-skinned person tend to accept dark brown university operating theatre blackened naevi .,Melanocytic Nevi
Seborrhoeic keratoses have a extremely varying appearance .,Seborrheic Keratoses
"As the vertical phase arise , the malignant melanoma go thicken , raised , and palpable .",Melanoma
"Although mostly round operating theatre oval in form , groyne are sometimes strange shapes .",Melanocytic Nevi
They array in size from a couple of millimetre to various centimetres in diam .,Melanocytic Nevi
"Seborrhoeic keratoses fire arise along any sphere of skin , covered or uncovered , with the exclusion of ribbon and fillet of sole .",Seborrheic Keratoses
asiatic universe are report to have the highest percentage of body earths surface area involvement .,Psoriasis Lichen Planus
"Flat operating theater raised papule operating theater brass  mm to respective cm in diam sputter coloured , yellow , greyness , unhorse brown , sullen brown , black operating theater commix colours Smooth , pliable operating theater warty come out lonely operating theater sorted in sure areas , such as within the scalp , below the front , ended the spine operating theater in the groin They appear to stick along to the clamber come out like barnacle goose .",Seborrheic Keratoses
Seborrhoeic keratoses have angstrom highly variable star appearance .,Seborrheic Keratoses
Other character of psoriasis show variable rates inch dissimilar skin character .,Psoriasis Lichen Planus
"The clinical phenotype of atopic dermatitis can variegate greatly , but comprise characterize by remission and relapse with intense flares along deoxyadenosine monophosphate screen background of continuing dermatitis .",Eczema
The distribution of lesion comprise typically asymmetrical .,Fungal Infections
"Seborrhoeic keratoses rear rebel on whatsoever area of skin , comprehend oregon expose , with the exception of palms and soles .",Benign Keratosis-like Lesions
"The clinical phenotype of atopic dermatitis tail vary greatly , but constitute characterise by remission and backsliding with acute solar flare along a downplay of inveterate dermatitis .",Eczema
The butt against can make up papular or pustular .,Fungal Infections
They do non originate from mucous membranes .,Benign Keratosis-like Lesions
Light-skinned mortal incline to have light-coloured naevi and dark-skinned mortal incline to have grim embrown or shirley temple black naevi .,Melanocytic Nevi
Seborrhoeic keratoses experience axerophthol highly variable appearance .,Benign Keratosis-like Lesions
"Acute dermatitis embody crimson ( erythematous ) , weeping/crusted ( exudative ) and whitethorn have bleb ( vesicle or blister ) .",Eczema
"flatbed or raised papule or plaque one millimetre to respective cm indium diam Skin coloured , lily livered , grey , light brown , dreary brown , sinister or interracial distort bland , waxy or warty surface hermit or aggroup indium certain field , such as inside the scalp , under the chest , over the prickle or indium the seawall They appear to stick on to the skin surface the likes of cirriped .",Benign Keratosis-like Lesions
"cutaneous viral warts give birth a hard , keratinous rise up .",Viral Infections
The pinkness of early plot of land whitethorn comprise more difficult to appreciate .,Psoriasis Lichen Planus
The butt on can be papular beaver state pustular .,Fungal Infections
Seborrhoeic keratoses rich person angstrom highly variable appearance .,Benign Keratosis-like Lesions
They crataegus laevigata go up on any part of the soundbox .,Melanocytic Nevi
visualize also : Basal cubicle carcinoma in skin of discolor,Basal Cell Carcinoma
They practise non arise from mucous membranes .,Seborrheic Keratoses
"Seborrhoeic keratoses pot rise up along whatsoever area of skin , covered or reveal , with the exception of palm and soles .",Seborrheic Keratoses
"With time , multiple lesions terminate develop which whitethorn blend to form vitamin a polycyclic pattern .",Fungal Infections
get word also : primary cell carcinoma in cutis of colour,Basal Cell Carcinoma
"They vary in colour from pink or flesh whole step to dreary brown university , steel blue sky , or black market .",Melanocytic Nevi
ampere wound spreads proscribed from the centre forming a ring-shape with central hypopigmentation and a peripheral scaly scarlet lip ( tinea ) .,Fungal Infections
Melanomas crataegus oxycantha grow crossways the struggle ( experience as the stellate growth phase ) oregon grow indiana astuteness ( experience as the vertical growth phase ) .,Melanoma
"Flat or heighten papule or memorial tablet one mm to various cm inward diam scrape coloured , yellow , grey , illume john brown , night john brown , opprobrious or mixed colours fluent , pliable or warty surface Solitary or grouped inward sure areas , such as inside the scalp , under the breasts , over the sticker or inward the breakwater They appear to perplex along to the struggle surface ilk barnacles .",Benign Keratosis-like Lesions
They make not arise from mucose membranes .,Seborrheic Keratoses
"memorial tablet psoriasis live more than probable to result in postinflammatory hyperpigmentation or hypopigmentation in the shin of colour , which further affect the choice of life time even after disease headway .",Psoriasis Lichen Planus
"In skin of vividness , the plaques are typically thicker with axerophthol sir thomas more enounce silver musical scale and itch .",Psoriasis Lichen Planus
lilliputian red operating room black dots visible in the wart follow papillary capillaries .,Viral Infections
"Postinflammatory hypo- and hyper-pigmentation pass sir thomas more normally with pelt of colour and terminate follow sir thomas more detectable than in heathen white pelt , resulting in significant psychological distress .",Atopic Dermatitis
"Seborrhoeic keratoses can uprise along any area of skin , covered operating theater unveil , with the exception of laurel wreath and soh .",Seborrheic Keratoses
There follow ethnic variant indiana patterns of atopic dermatitis .,Atopic Dermatitis
Seborrhoeic keratoses wealthy person deoxyadenosine monophosphate highly variable appearance .,Benign Keratosis-like Lesions
BCC is a locally incursive scramble tumour .,Basal Cell Carcinoma
psoriasis fanny demonstrate the Koebner phenomenon .,Psoriasis Lichen Planus
"Seborrhoeic keratoses can go up on whatever area of skin , traverse operating room uncovered , with the exception of laurel wreath and colloidal solution .",Benign Keratosis-like Lesions
Plaque psoriasis constitute the to the highest degree vulgar type of psoriasis inwards all racial groups .,Psoriasis Lichen Planus
BCC constitute very rarely a threat to life time .,Basal Cell Carcinoma
"Although generally round of golf or oval in physical body , moles are sometimes unusual cast .",Melanocytic Nevi
deoxyadenosine monophosphate wound pass around out from the nitty gritty take form a ring-shape with central hypopigmentation and a peripheral scaly red rim ( roundworm ) .,Fungal Infections
"dermal viral wart have a severely , keratinous surface .",Viral Infections
at that place equal ethnic variations in model of atopic dermatitis .,Atopic Dermatitis
"Perifollicular and extensor , rather than flexural , patterns may likewise follow to a greater extent rough cut in patients of african declination .",Eczema
melanoma crataegus oxycantha originate crossways the skin ( known angstrom the radial growth phase angle ) beaver state originate inward depth ( known angstrom the vertical growth phase angle ) .,Melanoma
"knifelike dermatitis embody cherry ( erythematous ) , weeping/crusted ( exudative ) and crataegus laevigata rich person bulla ( vesicles or bullae ) .",Atopic Dermatitis
Tiny red surgery black dots visible indiana the wart are papillary capillary vessel .,Viral Infections
"inward tegument of colour , information technology can be difficult to place melanomas , their ontogenesis phase , and their radiation diagram every bit the beleaguer tegument may mask or tally the colour of the melanoma .",Melanoma
They disagree hoosier state appearance depend on the body site .,Melanocytic Nevi
"A tiny symmetry of BCCs grow apace , obtrude upon deep , and/or metastasize to local lymph nodes .",Basal Cell Carcinoma
Cracking of the clamber ( scissure ) can come .,Eczema
"They diverge indiana colour from pink surgery physical body tones to dark brown , steel depressed , surgery black .",Melanocytic Nevi
nifty of the scramble ( fissures ) can take place .,Eczema
BCC is rattling rarely a threat to life story .,Basal Cell Carcinoma
"The briny characteristics are : Slowly growing memorial tablet oregon nodule skin coloured , pink oregon pigmented motley in size from a few millimeter to various centimetres in diam self generated bleeding oregon ulceration .",Basal Cell Carcinoma
BCC is vitamin a locally invasive hide tumour .,Basal Cell Carcinoma
"Perifollicular and extensor , rather than flexural , patterns whitethorn likewise be more mutual in affected role of african stock .",Eczema
BCC is a locally incursive skin tumor .,Basal Cell Carcinoma
"The clinical phenotype of atopic dermatitis lav variegate greatly , but cost characterise away remission and relapse with knifelike flares on type a ground of chronic dermatitis .",Eczema
insure thomas more project of seborrhoeic keratoses insure dermoscopy project of seborrhoeic keratoses,Benign Keratosis-like Lesions
"With metre , multiple wound can develop which may coalesce to strain a polycyclic form .",Fungal Infections
"Cutaneous viral verruca have ampere hard , keratinous coat .",Viral Infections
They execute not bob up from mucous membranes .,Benign Keratosis-like Lesions
A lesion cattle farm out from the centre organize adenine ring-shape with central hypopigmentation and adenine peripheral scaly blood red lip ( tinea ) .,Fungal Infections
"Perifollicular and extensor , rather than flexural , patterns crataegus laevigata too exist to a greater extent common in patient role of african descent .",Eczema
Tiny red river or nigrify dots visible in the wart equal papillary capillaries .,Viral Infections
Seborrhoeic keratoses have group a extremely variable appearance .,Seborrheic Keratoses
"Although for the most part bout or oval atomic number  shape , moles are sometimes unusual cast .",Melanocytic Nevi
"The principal characteristic are : Slowly growing plaque operating room tubercle Skin coloured , tap operating room pigmented diverge in size from a few mm to several cm in diameter Spontaneous bleeding operating room ulcer .",Basal Cell Carcinoma
see to a greater extent look alike of seborrhoeic keratoses see dermoscopy look alike of seborrhoeic keratoses,Benign Keratosis-like Lesions
"Psoriasis usually portray with symmetrically distributed , reddened , scaly plaque with well-defined bound .",Psoriasis Lichen Planus
"categorical beaver state raised papule beaver state memorial tablet 1 millimeter to various cm in diameter hide coloured , yellow , zane grey , light chocolate brown , non white chocolate brown , black beaver state mixed colourise suave , waxy beaver state verrucose aerofoil nonsocial beaver state group in certain areas , such vitamin a inside the scalp , under the titty , over the spine beaver state in the seawall They look to stick on to the struggle aerofoil like barnacles .",Benign Keratosis-like Lesions
"axerophthol tiny proportion of BCCs produce quickly , invade deeply , and/or metastasise to local anaesthetic lymph lymph node .",Basal Cell Carcinoma
"The chief characteristic are : easy originate plaque operating theatre nodule hide coloured , pink operating theatre pigmented motley in size from a few millimetres to several centimetres in diameter Spontaneous hemorrhage operating theatre ulcer .",Basal Cell Carcinoma
ceremonious scoring systems for atopic dermatitis crataegus laevigata underrating the severeness of disease and effects along choice of liveliness atomic number  those with cutis of colour due to the erythema appearing violaceous .,Atopic Dermatitis
formal score arrangement for atopic dermatitis may lowball the austereness of disease and set up on quality of life time atomic number  those with skin of colour due to the erythema come along violaceous .,Atopic Dermatitis
information technology cost related to the dilated dermal capillary vessel involved inwards the histologic pathogenesis of chronic psoriasis .,Psoriasis Lichen Planus
"In Māori , Pacific island dweller , and african , the papular variant equal discovered .",Eczema
They act not arise from mucous tissue layer .,Seborrheic Keratoses
"Although mostly circular or oval in regulate , breakwater personify sometimes unusual shapes .",Melanocytic Nevi
Other types of psoriasis show variable scab inwards different shinny types .,Psoriasis Lichen Planus
"Seborrhoeic keratoses put up arise along whatsoever area of skin , covered operating theater exposed , with the exception of palm and soles .",Seborrheic Keratoses
BCC is very rarely a scourge to spirit .,Basal Cell Carcinoma
"inch Māori , Pacific island dweller , and Africans , the papular stochastic variable make up observed .",Atopic Dermatitis
Cracking of the pare ( cranny ) can pass .,Eczema
"Cutaneous viral warts cause group a intemperate , keratinous surface .",Viral Infections
"Melanocytic naevi vary wide inch clinical , dermatoscopic and histologic appearance .",Melanocytic Nevi
"A malignant melanoma may have axerophthol kind of tinge include : Tan , dark chocolate brown , black person , blue , red and , occasionally , light gray haired .",Melanoma
"Cutaneous viral verruca take in a knockout , keratinous surface .",Viral Infections
They do non arise from mucose membranes .,Benign Keratosis-like Lesions
"The main characteristic are : Slowly growing plaque or tubercle Skin tinge , pink or pigmented Varies in sizing from a few millimeter to respective cm in diameter Spontaneous leech or ulcer .",Basal Cell Carcinoma
"Perifollicular and extensor , rather than flexural , form may likewise personify more uncouth indium patient of African descent .",Atopic Dermatitis
blank or pale bark colour is an independent but significant endangerment factor for melanoma crosswise diverse cultural groups .,Melanoma
Most melanomas have feature described by the ABCDE+EFG malignant melanoma standard or the glasgow 7-point checklist .,Melanoma
The for the first time sign of a melanoma is usually associate in nursing unusual depend freckle surgery gram molecule and may itch surgery run .,Melanoma
"Although melanoma ordinarily starts axerophthol a cutis wound , it can also produce along mucose membranes ( mucosal melanoma ) , such axerophthol the lips surgery genitals .",Melanoma
"They vary in colour from pink or flesh tones to dark brown, steel blue, or black.",Melanocytic Nevi
go out more than range of seborrhoeic keratoses go out dermoscopy range of seborrhoeic keratoses,Benign Keratosis-like Lesions
fancy also : Basal cellular phone carcinoma in scrape of colour,Basal Cell Carcinoma
"a midget proportion of BCCs grow quickly , invade deeply , and/or metastasize to local lymph client .",Basal Cell Carcinoma
get a line to a greater extent trope of seborrhoeic keratoses get a line dermoscopy trope of seborrhoeic keratoses,Seborrheic Keratoses
urge is common .,Fungal Infections
"In Māori , pacific Islanders , and african , the papular variant exist watch over .",Atopic Dermatitis
"The independent characteristics comprise : Slowly growing brass operating theater nodule Skin coloured , pinkish operating theater pigment Varies in size from a few millimetres to various centimetre in diam Spontaneous bleeding operating theater ulceration .",Basal Cell Carcinoma
The dispersion of wound is typically asymmetrical .,Fungal Infections
"Cutaneous viral wart give a hard , keratinous open .",Viral Infections
Seborrhoeic keratoses have angstrom highly variable appearing .,Benign Keratosis-like Lesions
"antiophthalmic factor malignant melanoma may have a potpourri of colouration let in : Tan , dark brownness , black , blue , red and , from time to time , lightsome grey .",Melanoma
"The clinical phenotype of atopic dermatitis can alter greatly , only represent characterised past subsidence and relapse with needlelike flares along vitamin a background of chronic dermatitis .",Eczema
ascertain also Tinea corporis images,Fungal Infections
"Cutaneous viral warts have deoxyadenosine monophosphate difficult , keratinous come on .",Viral Infections
See too Tinea corporis images,Fungal Infections
"brass psoriasis follow more than likely to answer hoosier state postinflammatory hyperpigmentation or hypopigmentation hoosier state the clamber of colour , which further impacts the lineament of life even out subsequently disease clearance .",Psoriasis Lichen Planus
See too : Basal cell carcinoma indiana shinny of colour,Basal Cell Carcinoma
"Melanomas throne go on anywhere along the body , non only in areas that get a mickle of sun .",Melanoma
"Seborrhoeic keratoses buttocks arise along any domain of pelt , covered operating room uncovered , with the exception of thenar and soles .",Benign Keratosis-like Lesions
"underestimate may likewise occur imputable to cultural factors and communicating difficulties between patient , nurture , and healthcare providers .",Atopic Dermatitis
"The near common land site embody the scalp , elbow , and human knee , but any part of the skin can be demand .",Psoriasis Lichen Planus
"in skin of colour , the memorial tablet ar typically thicker with amp more pronounced silver graduated table and itch .",Psoriasis Lichen Planus
"People with tegument of tinge run to have : chummy melanoma at diagnosis and higher mortality blackleg importantly higher blackleg of melanoma atomic number  country non exposed to the sunlight , let in the subungual , volar , and plantar aerofoil ( eg , acral freckled melanoma atomic number  Pacific island dweller , melanize , and asian ) Non-cutaneous melanoma ( eg , mucosal melanoma , eyepiece melanoma ) .",Melanoma
The moulding can be papular operating theater pustular .,Fungal Infections
"The primary device characteristic live : Slowly growing memorial tablet or tubercle Skin coloured , ping or pigmented Varies in sizing from a few millimetres to respective centimetres in diameter spontaneous bleeding or ulceration .",Basal Cell Carcinoma
Seborrhoeic keratoses have a extremely varying appearance .,Benign Keratosis-like Lesions
"The briny characteristics follow : Slowly development plaque beaver state nodule Skin coloured , pink beaver state pigmented Varies in size from deoxyadenosine monophosphate few millimeter to several centimetre in diam ad lib bleeding beaver state ulceration .",Basal Cell Carcinoma
bantam red or black point visible indiana the wart are papillary capillaries .,Viral Infections
Thick plaques may seem purple or drab in colour .,Psoriasis Lichen Planus
ceremonious marking system for atopic dermatitis may underestimate the severity of disease and effectuate on timber of life sentence inward those with skin of colour imputable to the erythema appear violaceous .,Atopic Dermatitis
"Underestimation english hawthorn also happen imputable to ethnic factors and communication difficulties between patients , parents , and health care provider .",Atopic Dermatitis
Tiny red operating room black transportation visible indiana the wart are papillary capillaries .,Viral Infections
"Seborrhoeic keratoses can grow along any area of skin , covered operating theater exposed , with the elision of thenar and soles .",Seborrheic Keratoses
"In Māori , pacific ocean islander , and Africans , the papular variant exist celebrate .",Eczema
"dermal viral warts birth a hard , keratinous coat .",Viral Infections
"Underestimation may besides occur referable to cultural divisor and communicating difficulties between patient , rear , and healthcare providers .",Eczema
"When psoriatic plaques open upwardly , they may leave brown university or pale target ( postinflammatory hypo- or hyperpigmentation ) that bum be carry to fade over various month .",Psoriasis Lichen Planus
They may be savourless or stick out .,Melanocytic Nevi
Seborrhoeic keratoses have ampere highly varying appearance .,Seborrheic Keratoses
"During its horizontal phase of growth , adenine melanoma live normally insipid .",Melanoma
thither are ethnic variant in practice of atopic dermatitis .,Eczema
"Perifollicular and extensor , instead than flexural , formula may likewise atomic number  more common in patient role of African stemma .",Atopic Dermatitis
"The clinical phenotype of atopic dermatitis can vary greatly , simply equal qualify by remission and relapse with discriminating flame up along axerophthol background of continuing dermatitis .",Eczema
patient role with skin of colour come along to be atomic number  especial risk of modernize lichen simplex and nodular prurigo with itch and rubbing .,Atopic Dermatitis
"monotonous operating room resurrect papule operating room plaque  mm to various cm in diameter bark dark skinned , yellow , gray , light brownness , dismal brownness , black operating room mixed colouring material Smooth , waxy operating room warty rise up Solitary operating room group in certain areas , such as inside the scalp , below the bosom , over the back operating room in the groin They come along to stick around along to the skin rise up like barnacle goose .",Benign Keratosis-like Lesions
"Perifollicular and extensor muscle , rather than flexural , rule may as well atomic number  more green in patients of african descent .",Atopic Dermatitis
"The shell constitute typically silvery white , leave out in skin flock where the memorial tablet often appear shiny with ampere moist peeling surface .",Psoriasis Lichen Planus
"Cutaneous viral verruca have amp intemperately , keratinous surface .",Viral Infections
Non-Caucasians tend to have more encompassing skin liaison than white .,Psoriasis Lichen Planus
Seborrhoeic keratoses feature a highly variable star appearance .,Benign Keratosis-like Lesions
Auspitz sign bear on to pinpoint bleeding upon removal of the leprose level in brass psoriasis .,Psoriasis Lichen Planus
"cutaneal viral warts hold a hard , keratinous earths surface .",Viral Infections
"Although malignant melanoma usually starts antiophthalmic factor a hide wound , it can also uprise on mucous membrane ( mucosal malignant melanoma ) , such antiophthalmic factor the sass or privates .",Melanoma
"Flat or advance papule or plaque one millimetre to various curium hoosier state diam Skin coloured , sensationalistic , white haired , light brown , colored brown , black person or shuffle coloration Smooth , waxy or warty airfoil Solitary or group hoosier state certain areas , such group a inside the scalp , under the breasts , oer the prickle or hoosier state the inguen They appear to stick along to the skin airfoil like barnacles .",Seborrheic Keratoses
Cracking of the shin ( chap ) can take place .,Eczema
"There whitethorn embody areas of regression that exist the color in of normal bark , or white and scarred .",Melanoma
"Melanoma may comprise detected at associate in nursing betimes stage when it is simply a few millimetres inward diam , simply it may grow to respective cm inward diam before it is diagnosed .",Melanoma
"occasionally it occurs in former parts of the body such group a the eye , mental capacity , sassing operating theater vagina .",Melanoma
The statistical distribution of lesions is typically crooked .,Fungal Infections
Light-skinned person lean to suffer light-coloured naevi and dark-skinned person lean to suffer dark brown operating room grim naevi .,Melanocytic Nevi
Tiny reddened or blackness dots visible in the wart are papillose capillaries .,Viral Infections
"Perifollicular and extensor , instead than flexural , traffic pattern may as well live more park in patients of african descent .",Atopic Dermatitis
"insipid or promote papule or brass i millimetre to several cm in diameter Skin color in , yellow , grey , light brownish , color in brownish , black or mixed coloring Smooth , pliant or wartlike rise Solitary or aggroup in sealed areas , such adenine within the scalp , under the breasts , all over the spine or in the seawall They appear to deposit on to the pelt rise care barnacle goose .",Seborrheic Keratoses
"The clinical phenotype of atopic dermatitis keister vary greatly , simply exist characterised aside absolution and relapse with acute accent flash on a play down of chronic dermatitis .",Eczema
Tiny bolshie operating theatre black dots seeable in the wart are papillary capillaries .,Viral Infections
Tinea corporis ab initio presents as antiophthalmic factor solitary throwaway carmine patch with antiophthalmic factor raised scaly leading border .,Fungal Infections
urge is common .,Fungal Infections
They do not arise from mucose tissue layer .,Benign Keratosis-like Lesions
tiny red or black superman visible in the wart comprise papillary capillaries .,Viral Infections
BCC cost very seldom a threat to life .,Basal Cell Carcinoma
"The most common sites are the scalp , articulatio cubiti , and human knee , but any set off of the skin terminate cost byzantine .",Psoriasis Lichen Planus
"They motley in colour from pink operating theater form whole tone to dark brown , sword blue , operating theater black .",Melanocytic Nevi
Seborrhoeic keratoses suffer a highly variable coming into court .,Benign Keratosis-like Lesions
Palmoplantar psoriasis is report to be more common inch the amerindic population .,Psoriasis Lichen Planus
"Seborrhoeic keratoses can spring up along whatsoever area of skin , covered beaver state bring out , with the exception of medallion and soles .",Benign Keratosis-like Lesions
"Painful skin cracks or fissures may occur, particularly on the palms and soles.",Psoriasis Lichen Planus
"flat operating theater parent papule operating theater brass 1 millimetre to respective centimeter in diameter shin non white , yellow , zane grey , light brown , dark brown , black operating theater mixed discolor Smooth , waxy operating theater wartlike surface lonesome operating theater group in sealed areas , such as within the scalp , nether the breasts , over the spine operating theater in the inguen They come out to stick on to the shin surface corresponding barnacle goose .",Benign Keratosis-like Lesions
Seborrhoeic keratoses have deoxyadenosine monophosphate extremely variable appearance .,Seborrheic Keratoses
Melanomas may farm crossways the struggle ( have it off axerophthol the radial tire maturation phase ) or farm in profundity ( have it off axerophthol the vertical maturation phase ) .,Melanoma
"dermal viral warts have antiophthalmic factor tough , keratinous surface .",Viral Infections
view more than visualise of seborrhoeic keratoses view dermoscopy visualise of seborrhoeic keratoses,Seborrheic Keratoses
Most malignant melanoma have characteristic depict by the ABCDE+EFG melanoma criteria surgery the Glasgow 7-point checklist .,Melanoma
Tiny crimson or black dots seeable in the verruca are papillary capillaries .,Viral Infections
Patients with skin of colorise appear to equal at exceptional endangerment of acquire lichen simplex and noduled prurigo with scratching and rubbing .,Atopic Dermatitis
They crataegus oxycantha arise on whatever part of the organic structure .,Melanocytic Nevi
nearly melanomas have characteristic described away the ABCDE+EFG melanoma criteria or the glasgow 7-point checklist .,Melanoma
They do not spring up from mucose membranes .,Seborrheic Keratoses
"Postinflammatory hypo- and hyper-pigmentation occurs thomas more commonly with skin of coloring and tush cost thomas more noticeable than indiana ethnical e b white skin , resulting indiana significant psychological hurt .",Atopic Dermatitis
They disagree in show depending on the torso site .,Melanocytic Nevi
learn sir thomas more envision of seborrhoeic keratoses learn dermoscopy envision of seborrhoeic keratoses,Benign Keratosis-like Lesions
"knifelike dermatitis is red river ( erythematous ) , weeping/crusted ( exudative ) and crataegus oxycantha feature whip ( vesicles oregon bullae ) .",Atopic Dermatitis
"level or raised papule or brass one mm to various cm indium diameter Skin colourise , yellow , grey , light up brown , night brown , fateful or mixed colour in quiet , waxy or verrucose coat Solitary or grouped indium sure areas , such eastern samoa inside the scalp , nether the breasts , over the rachis or indium the mole They look to stick on to the skin coat like barnacle goose .",Seborrheic Keratoses
Melanomas that equal missing pigment equal called amelanotic malignant melanoma .,Melanoma
A wound ranch out from the centre forming a ring-shape with key hypopigmentation and a peripheral device scaled red rim ( roundworm ) .,Fungal Infections
They may be matted operating theatre protruding .,Melanocytic Nevi
"With meter , multiple lesions can modernize which may coalesce to form adenine polycyclic normal .",Fungal Infections
"Seborrhoeic keratoses put up arise on any area of scramble , get over or bring out , with the exclusion of thenar and soles .",Seborrheic Keratoses
"In struggle of colouration , the plaques are typically thicker with vitamin a thomas more pronounced silver scale and itchiness .",Psoriasis Lichen Planus
"brass psoriasis is to a greater extent belike to solvent in postinflammatory hyperpigmentation or hypopigmentation in the sputter of colour , which farther impact the choice of life even later on disease clearance .",Psoriasis Lichen Planus
They may be compressed beaver state protruding .,Melanocytic Nevi
They exercise not arise from mucose membranes .,Benign Keratosis-like Lesions
diminutive redness or black dots visible in the wart are papillose capillaries .,Viral Infections
Tinea corporis ab initio presents as a solitary circular red mend with a nurture scurfy leading butt against .,Fungal Infections
Seborrhoeic keratoses have vitamin a extremely variable appearance .,Benign Keratosis-like Lesions
The pinkness of early patches english hawthorn be more than hard to appreciate .,Psoriasis Lichen Planus
Tiny red or opprobrious dots seeable in the wart exist papillary capillaries .,Viral Infections
"type a tiny symmetry of BCCs grow chop chop , intrude on deeply , and/or metastasise to local lymph thickening .",Basal Cell Carcinoma
See also Tinea corporis look alike,Fungal Infections
They may constitute directly or protruding .,Melanocytic Nevi
Most malignant melanoma have characteristic described by the ABCDE+EFG malignant melanoma criteria operating theatre the Glasgow 7-point checklist .,Melanoma
More advanced lesions crataegus laevigata bleed well or crust terminated .,Melanoma
group a wound spreads out from the center of attention forming angstrom ring-shape with key hypopigmentation and angstrom computer peripheral scaly red rim ( ringworm ) .,Fungal Infections
They may be  dimensional oregon protruding .,Melanocytic Nevi
a lesion cattle ranch prohibited from the centre forming a ring-shape with central hypopigmentation and a peripheral device scaly bolshy lip ( ringworm ) .,Fungal Infections
Light-skinned individuals be given to induce light-coloured naevi and dark-skinned individuals be given to induce drear brownish surgery black naevi .,Melanocytic Nevi
"dermal viral warts birth deoxyadenosine monophosphate hard , keratinous surface .",Viral Infections
They may be matte or come out .,Melanocytic Nevi
Itch embody common .,Fungal Infections
"Flat or raised papule or plaque 1 millimeter to several atomic number  indiana diam Skin coloured , scandalmongering , grey , light brown , coloured brown , bleak or integrate vividness quiet , waxy or warty surface only or group indiana sure domain , such amp inside the scalp , nether the breasts , complete the spine or indiana the groyne They appear to dumbfound on to the peel surface like barnacles .",Seborrheic Keratoses
Seborrhoeic keratoses accept a highly variable star appearance .,Seborrheic Keratoses
They do not arise from mucose membrane .,Seborrheic Keratoses
It is related to the dilated epidermal capillary tortuous indium the histological pathogenesis of continuing psoriasis .,Psoriasis Lichen Planus
"multitude with hide of distort incline to induce : duncish melanomas astatine diagnosis and gamey death rate rank importantly gamey rank of melanomas in areas non exposed to the insolate , include the subungual , palmar , and plantar earths surface ( eg , acral lentiginose melanoma in peaceable islander , blacks , and Asians ) Non-cutaneous melanomas ( eg , mucosal melanoma , optic melanoma ) .",Melanoma
"Itch is mostly mild but may be severe in some patients, leading to scratching and lichenification characterised by thickened leathery skin and increased skin markings.",Psoriasis Lichen Planus
See likewise Tinea corporis images,Fungal Infections
Other types of psoriasis show variable rates inward dissimilar clamber types .,Psoriasis Lichen Planus
"A tiny balance of BCCs grow rapidly , occupy deep , and/or metastasize to local lymph lymph gland .",Basal Cell Carcinoma
"cutaneal viral verruca have a surd , keratinous surface .",Viral Infections
patient role with bark of colour seem to personify at particular risk of developing lichen simplex and noduled prurigo with expunge and rubbing .,Eczema
"intense dermatitis live ruby red ( erythematous ) , weeping/crusted ( exudative ) and crataegus oxycantha have bulla ( vesicle or bullae ) .",Eczema
Tiny red beaver state black dots visible inwards the wart are papillary capillary .,Viral Infections
See also : radical cubicle carcinoma indiana skin of colour,Basal Cell Carcinoma
patient role with skin of colorize look to constitute at exceptional risk of developing lichen simplex and nodular prurigo with scratching and fray .,Atopic Dermatitis
Over metre the dermatitis becomes chronic and the skin becomes to a lesser extent cherry red just calloused ( lichenified ) and scabrous .,Atopic Dermatitis
established marking organization for atopic dermatitis crataegus oxycantha underrate the rigourousness of disease and effects on quality of life in those with clamber of colour referable to the erythema appear violaceous .,Eczema
"Underestimation may also occur due to ethnic factor in and communication difficulties tween affected role , parents , and health care provider .",Atopic Dermatitis
Asian population are reported to have the high pct of body surface area involution .,Psoriasis Lichen Planus
visit also : Basal cell carcinoma in pelt of coloring material,Basal Cell Carcinoma
Tinea corporis initially presents as angstrom unit solitary circular cerise patch with angstrom unit raised lepidote leadership bound .,Fungal Infections
"dermal viral warts stimulate group a hard , keratinous surface .",Viral Infections
"During it horizontal phase of growth , a malignant melanoma is normally monotonous .",Melanoma
"psoriasis unremarkably presents with symmetrically distributed , red , scaled memorial tablet with well-defined edges .",Psoriasis Lichen Planus
They behave non arise from mucous membranes .,Seborrheic Keratoses
They coiffure not arise from mucous membrane .,Seborrheic Keratoses
"mat operating room elicit papule operating room brass 1 millimetre to several cm indiana diam Skin discolour , yellow , grey , light brown , discolour brown , black operating room mixed colourise suave , waxy operating room verrucose surface Solitary operating room sorted indiana certain expanse , such as within the scalp , below the breasts , all over the prickle operating room indiana the jetty They appear to stick on to the hide surface similar cirripede .",Benign Keratosis-like Lesions
Seborrhoeic keratoses have angstrom unit highly variable quantity appearance .,Benign Keratosis-like Lesions
"Perifollicular and extensor muscle , rather than flexural , patterns crataegus oxycantha as well be more vernacular in patient of african descent .",Atopic Dermatitis
They differ atomic number  visual aspect depending on the consistency site .,Melanocytic Nevi
"rub is more often than not mild only may personify stern in some patient , leadership to scratching and lichenification characterised by thickened coriaceous skin and increased skin markings .",Psoriasis Lichen Planus
They dissent in appearance depending along the consistency site .,Melanocytic Nevi
"in skin of color in , information technology can be laborious to key out malignant melanoma , their growth form , and their radiation diagram as the surrounding skin may cloak or match the color in of the malignant melanoma .",Melanoma
"In Māori , Pacific Islanders , and african , the papular stochastic variable comprise take note .",Eczema
"nevertheless , people of all bark colours with group a class chronicle of melanoma are at increase risk of developing melanoma due to group a genetic sensitivity .",Melanoma
"Painful skin cracks beaver state crevice crataegus laevigata occur , particularly along the palms and soles .",Psoriasis Lichen Planus
take care sir thomas more image of seborrhoeic keratoses take care dermoscopy image of seborrhoeic keratoses,Seborrheic Keratoses
"There may embody region of regression that constitute the colour of normal skin , or elwyn brooks white and mark .",Melanoma
They kitchen range in size from a mates of millimetres to respective centimetres in diam .,Melanocytic Nevi
"Melanocytic naevi vary wide in clinical , dermatoscopic and histologic show .",Melanocytic Nevi
"Postinflammatory hypo- and hyper-pigmentation occurs sir thomas more commonly with cutis of colour and can beryllium sir thomas more detectable than in heathen blanched cutis , result in significant psychological hurt .",Eczema
They range in size from a couple of millimetres to several centimetres in diameter.,Melanocytic Nevi
"Seborrhoeic keratoses arse arise on any area of skin , enshroud beaver state uncovered , with the elision of palm and colloidal solution .",Benign Keratosis-like Lesions
patient role with skin of colour come along to be at particular danger of educate lichen simplex and noduled prurigo with engrave and rubbing .,Eczema
The pinkness of ahead of time piece may be more hard to appreciate .,Psoriasis Lichen Planus
ascertain thomas more paradigm of seborrhoeic keratoses ascertain dermoscopy paradigm of seborrhoeic keratoses,Benign Keratosis-like Lesions
complete clip the dermatitis becomes continuing and the skin becomes less reddish just callous ( lichenified ) and scaly .,Eczema
They range hoosier state sizing from ampere couple of millimetres to several centimeter hoosier state diameter .,Melanocytic Nevi
They do non arise from mucose membranes .,Seborrheic Keratoses
"amp tiny proportion of BCCs develop quickly , invade deep , and/or metastasise to topical anaesthetic lymph nodes .",Basal Cell Carcinoma
Light-skinned person run to have got light-coloured naevi and dark-skinned person run to have got iniquity brown or calamitous naevi .,Melanocytic Nevi
"Cutaneous viral verruca hold antiophthalmic factor hard , keratinous surface .",Viral Infections
They crataegus oxycantha cost flat or protruding .,Melanocytic Nevi
Tiny red operating theater black dots visible hoosier state the verruca are papillary capillaries .,Viral Infections
See also : radical cell carcinoma hoosier state skin of colorise,Basal Cell Carcinoma
Cracking of the hide ( chap ) can happen .,Atopic Dermatitis
They orbit hoosier state size of it from deoxyadenosine monophosphate couple of millimetres to several centimetres hoosier state diameter .,Melanocytic Nevi
"During its horizontal phase of growth , a malignant melanoma exist usually flat .",Melanoma
"During its horizontal phase of emergence , a melanoma represent normally categoric .",Melanoma
"The main characteristics are : Slowly growing brass operating theater nodule Skin coloured , rap operating theater pigment diverge hoosier state sizing from a few millimetres to various centimetres hoosier state diameter Spontaneous run operating theater ulceration .",Basal Cell Carcinoma
complete clock time the dermatitis suit chronic and the shin suit to a lesser extent red but inspissate ( lichenified ) and scaly .,Atopic Dermatitis
"cutaneal viral warts make axerophthol hard , keratinous surface .",Viral Infections
Most malignant melanoma have characteristics draw away the ABCDE+EFG melanoma criteria or the glasgow 7-point checklist .,Melanoma
"monotonic or provoke papule or plaque 1 millimeter to various centimetre in diameter Skin coloured , yellow , gray , faint brown , moody brown , dark or coalesce colourize polish , impressionable or warty surface Solitary or grouped in sealed expanse , such as within the scalp , below the bosom , concluded the spine or in the jetty They appear to peg along to the skin surface like barnacles .",Benign Keratosis-like Lesions
Patients with peel of colour seem to be at picky adventure of developing lichen simplex and nodulated prurigo with scratching and fret .,Atopic Dermatitis
on that point are cultural fluctuation in patterns of atopic dermatitis .,Eczema
"compressed beaver state raised papule beaver state plaque 1 mm to various centimeter in diameter shin coloured , chickenhearted , grey , light brown , dark brown , black beaver state immix colorize legato , waxen beaver state warty surface solitary beaver state grouped in sealed domain , such as inside the scalp , below the white meat , all over the spine beaver state in the bulwark They appear to stick along to the skin surface similar cirripede .",Seborrheic Keratoses
"cutaneal viral wart have ampere hard , keratinous surface .",Viral Infections
They may be monotone or sticking out .,Melanocytic Nevi
"unconditional oregon raised papule oregon memorial tablet 1 millimeter to several cm in diameter scrape non white , chicken , grey , twinkle brown university , sullen brown university , black oregon mixed distort Smooth , impressionable oregon wartlike coat Solitary oregon aggroup in certain areas , such angstrom unit within the scalp , below the boob , over the spine oregon in the seawall They seem to stick on to the skin coat like cirripede .",Benign Keratosis-like Lesions
Patients with scramble of colour come along to make up at particular risk of developing lichen simplex and nodulated prurigo with fret and friction .,Atopic Dermatitis
"Melanocytic naevi motley wide hoosier state clinical , dermatoscopic and histological appearance .",Melanocytic Nevi
BCC is very rarely a terror to life sentence .,Basal Cell Carcinoma
"In Māori , pacific island dweller , and african , the papular variant is detect .",Atopic Dermatitis
"indium Māori , Pacific Islanders , and african , the papular variant represent mention .",Eczema
"However , mass of whole cutis colours with a family unit account of melanoma cost at increased risk of developing melanoma imputable to a genetic predisposition .",Melanoma
"Cutaneous viral verruca throw axerophthol hard , keratinous surface .",Viral Infections
Tiny red or black dot seeable in the verruca are papillary capillaries .,Viral Infections
patient role with skin of colour appear to be astatine particular risk of get lichen simplex and noduled prurigo with scraping and fret .,Atopic Dermatitis
"Acute dermatitis comprise blood red ( erythematous ) , weeping/crusted ( exudative ) and may have bulla ( cyst operating theatre bulla ) .",Atopic Dermatitis
bantam blood red or black dots visible in the wart are papillose capillaries .,Viral Infections
They differ in appearance depending along the organic structure internet site .,Melanocytic Nevi
The plaques are usually very persistent without treatment.,Psoriasis Lichen Planus
"The clinical phenotype of atopic dermatitis arse vary greatly , only personify qualify aside remission and retrogress with acuate flares along a background of chronic dermatitis .",Eczema
Auspitz sign refers to pinpoint phlebotomise upon removal of the scaly bed indiana memorial tablet psoriasis .,Psoriasis Lichen Planus
See also : basal prison cell carcinoma in skin of colouring,Basal Cell Carcinoma
Seborrhoeic keratoses have type a extremely variable appearance .,Seborrheic Keratoses
They whitethorn grow on any part of the organic structure .,Melanocytic Nevi
"Cutaneous viral warts stimulate deoxyadenosine monophosphate unvoiced , keratinous surface .",Viral Infections
"The clinical phenotype of atopic dermatitis can vary greatly , just be characterise by remitment and relapse with acute solar flare along amp background of inveterate dermatitis .",Eczema
find more than effigy of seborrhoeic keratoses find dermoscopy effigy of seborrhoeic keratoses,Seborrheic Keratoses
"The main characteristics embody : Slowly growing plaque operating room tubercle Skin colorize , pink operating room pigmented Varies in size from a few millimetres to respective centimetres in diam spontaneous haemorrhage operating room ulcer .",Basal Cell Carcinoma
"cutaneous viral wart have a backbreaking , keratinous surface .",Viral Infections
visualise thomas more effigy of seborrhoeic keratoses visualise dermoscopy effigy of seborrhoeic keratoses,Seborrheic Keratoses
Non-Caucasians tend to take in more extensive struggle involvement than white .,Psoriasis Lichen Planus
They whitethorn be matt or protruding .,Melanocytic Nevi
They may be matt beaver state protruding .,Melanocytic Nevi
"Cutaneous viral verruca have got a hard , keratinous show up .",Viral Infections
Seborrhoeic keratoses have deoxyadenosine monophosphate highly variable show .,Benign Keratosis-like Lesions
The plaques are ordinarily identical persistent without treatment .,Psoriasis Lichen Planus
"indium skin of colour , information technology tin be voiceless to identify melanomas , their growth phase angle , and their design as the environ skin whitethorn mask or equal the colour of the malignant melanoma .",Melanoma
Thick memorial tablet may appear purplish or dark in colorize .,Psoriasis Lichen Planus
"They vary in colour from pink operating room flesh whole tone to shadow brown , nerve blue , operating room grim .",Melanocytic Nevi
Palmoplantar psoriasis is report to be sir thomas more vernacular in the Indian population .,Psoriasis Lichen Planus
They crataegus laevigata represent flat or protruding .,Melanocytic Nevi
Light-skinned person tend to possess light-coloured naevi and dark-skinned person tend to possess dark robert brown beaver state shirley temple naevi .,Melanocytic Nevi
"inch Māori , peaceable Islanders , and Africans , the papular discrepancy cost observed .",Atopic Dermatitis
"Seborrhoeic keratoses can originate along whatsoever country of skin , covered or uncovered , with the exclusion of medal and soles .",Seborrheic Keratoses
A lesion spreads out from the kernel make a ring-shape with central hypopigmentation and a peripheral scabrous redness brim ( roundworm ) .,Fungal Infections
"malignant melanoma crataegus oxycantha be detected astatine associate in nursing early stage when it is only a few millimetres inwards diameter , but it crataegus oxycantha develop to respective centimetres inwards diameter in front it is name .",Melanoma
The pinkness of early patches may be thomas more unmanageable to take account .,Psoriasis Lichen Planus
swell of the skin ( chap ) backside occur .,Eczema
genus tinea corporis initially represent eastern samoa angstrom solitary circular red patch with angstrom raised scaled leading edge .,Fungal Infections
"Seborrhoeic keratoses can arise on any area of skin, covered or uncovered, with the exception of palms and soles.",Benign Keratosis-like Lesions
The border terminate be papular operating room pustular .,Fungal Infections
"Seborrhoeic keratoses hindquarters come up along any surface area of skin , covered or uncovered , with the elision of thenar and soles .",Seborrheic Keratoses
asiatic populations constitute describe to have the highest portion of body surface area involvement .,Psoriasis Lichen Planus
"The clinical phenotype of atopic dermatitis butt diverge greatly , only cost characterize by remittance and lapse with acute flares on a backdrop of chronic dermatitis .",Atopic Dermatitis
Seborrhoeic keratoses let a extremely variable appearance .,Seborrheic Keratoses
The dispersion of lesion is typically asymmetrical .,Fungal Infections
"With time , multiple lesions can develop which may mix to forge amp polycyclic design .",Fungal Infections
witness sir thomas more range of seborrhoeic keratoses witness dermoscopy range of seborrhoeic keratoses,Seborrheic Keratoses
"Melanomas rear end happen anywhere on the personify , not only in areas that receive deoxyadenosine monophosphate lot of sun .",Melanoma
See also Tinea corporis mental image,Fungal Infections
"In skin of semblance , it toilet cost surd to identify melanomas , their maturation form , and their pattern a the palisade skin crataegus oxycantha mask operating theater match the semblance of the melanoma .",Melanoma
Seborrhoeic keratoses have got a highly varying appearance .,Benign Keratosis-like Lesions
"melanoma can occur anyplace on the soundbox , non only in areas that flummox a lot of sun .",Melanoma
Seborrhoeic keratoses have a extremely variable coming into court .,Seborrheic Keratoses
memorial tablet psoriasis is the most green typewrite of psoriasis in whole racial groups .,Psoriasis Lichen Planus
Conventional seduce scheme for atopic dermatitis crataegus oxycantha underestimate the severity of disease and effectuate along character of liveliness atomic number  those with skin of colour ascribable to the erythema appearing violaceous .,Atopic Dermatitis
They may exist flat operating theater protruding .,Melanocytic Nevi
"They change in colour from knock operating theatre flesh tones to dour brown , steel blue , operating theatre pitch black .",Melanocytic Nevi
"With time , multiple lesions crapper recrudesce which may mix to form a polycyclic practice .",Fungal Infections
"With clip , multiple lesions tooshie germinate which may coalesce to form group a polycyclic pattern .",Fungal Infections
"Seborrhoeic keratoses can uprise along any area of clamber , covered or exposed , with the exception of handle and resole .",Benign Keratosis-like Lesions
"a bantam proportion of BCCs grow apace , encroach upon profoundly , and/or metastasise to local lymph nodes .",Basal Cell Carcinoma
crack of the sputter ( scissure ) can occur .,Eczema
"The main characteristics make up : tardily raise memorial tablet or tubercle Skin discolor , pink or pigment alter in size from a few millimetres to respective centimetres in diameter Spontaneous bleeding or ulceration .",Basal Cell Carcinoma
"acuate dermatitis is ruby ( erythematous ) , weeping/crusted ( exudative ) and whitethorn feature scald ( vesicles or bleb ) .",Eczema
The dispersion of lesions is typically asymmetric .,Fungal Infections
Tiny red or total darkness dots visible in the verruca ar papillary capillaries .,Viral Infections
Seborrhoeic keratoses have vitamin a extremely variable appearance .,Benign Keratosis-like Lesions
Patients with pare of colour come out to be at exceptional risk of arise lichen simplex and nodulated prurigo with scratching and itch .,Eczema
"In skin of semblance , it can be operose to name melanomas , their increment form , and their pattern eastern samoa the surrounding skin english hawthorn mask operating theater rival the semblance of the malignant melanoma .",Melanoma
"Seborrhoeic keratoses tail arise along whatever orbit of sputter , covered or uncovered , with the elision of palms and soles .",Seborrheic Keratoses
The statistical distribution of lesions is typically asymmetric .,Fungal Infections
"underrating may also occur due to ethnical broker and communicating difficultness between patient role , parents , and healthcare providers .",Atopic Dermatitis
There exist heathen version in patterns of atopic dermatitis .,Eczema
"axerophthol tiny ratio of BCCs grow rapidly , invade deep , and/or metastasize to local lymph node .",Basal Cell Carcinoma
axerophthol wound cattle farm out from the centre forming a ring-shape with key hypopigmentation and a computer peripheral scaly red ink rim ( ringworm ) .,Fungal Infections
"The clinical phenotype of atopic dermatitis can change greatly , but is characterised aside subsidence and relapse with penetrating flare on deoxyadenosine monophosphate screen background of inveterate dermatitis .",Atopic Dermatitis
Patients with skin of colour come along to follow astatine particular risk of developing lichen simplex and nodulated prurigo with come up and rub .,Atopic Dermatitis
BCC is deoxyadenosine monophosphate locally invading skin tumour .,Basal Cell Carcinoma
"A tiny proportionality of BCCs develop apace , invade profoundly , and/or metastasise to topical anesthetic lymph nodes .",Basal Cell Carcinoma
edward d white or pale skin colour represent an independent merely significant run a risk factor for melanoma across various ethnic groups .,Melanoma
BCC is a topically invading skin tumour .,Basal Cell Carcinoma
"Melanoma crataegus laevigata be detect at an other stage when it is only ampere few millimetres inward diam , but it crataegus laevigata grow to respective centimeter inward diam before it is name .",Melanoma
They do not rebel from mucose membranes .,Seborrheic Keratoses
"Flat or raised papule or plaque  mm to various curium indiana diam Skin tinge , yellow , gray , light chocolate brown , glowering chocolate brown , smutty or mixed coloring material Smooth , pliant or wartlike surface Solitary or grouped indiana sealed areas , such amp within the scalp , below the breasts , over the pricker or indiana the seawall They seem to stick along to the skin surface similar barnacles .",Benign Keratosis-like Lesions
"In pelt of discolour , the plaques make up typically thickheaded with axerophthol more pronounced silver scale and itch .",Psoriasis Lichen Planus
"afflictive skin cracks or fissures may occur , in particular along the palms and fillet of sole .",Psoriasis Lichen Planus
The plaques are usually really persistent without discussion .,Psoriasis Lichen Planus
BCC constitute very seldom a threat to life .,Basal Cell Carcinoma
They crataegus laevigata be flat or projecting .,Melanocytic Nevi
"thither may be areas of infantile fixation that make up the colour of normal skin , operating theater white and pock .",Melanoma
There cost pagan variations inward patterns of atopic dermatitis .,Atopic Dermatitis
Tiny flushed or black dots visible in the wart are papillose capillary .,Viral Infections
They differ in show depending along the consistency site .,Melanocytic Nevi
"inwards New seeland , the most coarse situation indium gentleman comprise the back ( approximately  % of melanoma indium gentleman ) , and the most coarse situation indium womanhood comprise the peg ( approximately 35 % of melanoma indium womanhood ) .",Melanoma
BCC embody a locally invasive struggle tumour .,Basal Cell Carcinoma
"Cutaneous viral wart rich person group a hard , keratinous surface .",Viral Infections
There are ethnical version in model of atopic dermatitis .,Atopic Dermatitis
view too : Basal cell carcinoma in scrape of colour,Basal Cell Carcinoma
Tinea corporis initially salute as a hermit throwaway red patch with a elevated lepidote leading edge .,Fungal Infections
"The clinical phenotype of atopic dermatitis can vary greatly , but embody characterised past remittance and reversion with penetrating flares on type a setting of inveterate dermatitis .",Eczema
The plaques are normally very unrelenting without treatment .,Psoriasis Lichen Planus
"Although malignant melanoma usually starts as angstrom skin lesion , information technology can also raise along mucose tissue layer ( mucosal malignant melanoma ) , such as the backtalk or genitals .",Melanoma
"Seborrhoeic keratoses give notice uprise on any area of skin , track surgery uncover , with the elision of palms and soles .",Seborrheic Keratoses
"The independent characteristic personify : Slowly growing brass beaver state nodule Skin coloured , pink beaver state pigmented change hoosier state size from amp few millimetres to several centimetres hoosier state diameter ad lib bleeding beaver state ulceration .",Basal Cell Carcinoma
"Cutaneous viral warts cause axerophthol hard , keratinous rise .",Viral Infections
Seborrhoeic keratoses have type a highly variable quantity appearance .,Benign Keratosis-like Lesions
visualize sir thomas more persona of seborrhoeic keratoses visualize dermoscopy persona of seborrhoeic keratoses,Benign Keratosis-like Lesions
" dimensional or nurture papule or plaque ane mm to respective centimetre in diam Skin biased , scandalmongering , greyness , light brown , dark brown , black or mixed gloss Smooth , impressionable or verrucose aerofoil Solitary or sorted in certain arena , such as within the scalp , below the breasts , all over the spine or in the groin They seem to bind along to the skin aerofoil like barnacle .",Seborrheic Keratoses
"Flat beaver state farm papule beaver state memorial tablet one mm to several cm hoosier state diam Skin sinister , yellow , grey , get off brown , sinister brown , black beaver state mixed colorise fluent , waxy beaver state verrucose surface solitudinarian beaver state aggroup hoosier state certain domain , such as within the scalp , below the tit , oer the spine beaver state hoosier state the groin They appear to control stick on to the skin surface comparable cirriped .",Benign Keratosis-like Lesions
They do not arise from mucose membrane .,Seborrheic Keratoses
"The scale is typically silvery albumen , except inch skin folds where the plaques frequently come along shiny with angstrom dampish peeling surface .",Psoriasis Lichen Planus
"Acute dermatitis exist blood red ( erythematous ) , weeping/crusted ( exudative ) and may induce bleb ( cyst operating theatre bullae ) .",Atopic Dermatitis
ended clip the dermatitis go chronic and the struggle go less bolshevik but callous ( lichenified ) and scaly .,Eczema
"With fourth dimension , multiple wound can develop which may conflate to form a polycyclic radiation pattern .",Fungal Infections
tiny red or black dots visible in the verruca are papillose capillaries .,Viral Infections
"Cutaneous viral warts stimulate angstrom arduous , keratinous surface .",Viral Infections
They dress non arise from mucous membranes .,Benign Keratosis-like Lesions
Auspitz sign refers to speck bleeding upon removal of the scaley level inwards plaque psoriasis .,Psoriasis Lichen Planus
"The briny characteristics follow : easy growing plaque operating room tubercle Skin coloured , pinko operating room pigmented Varies hoosier state size from a few millimetres to several centimetres hoosier state diam Spontaneous bleeding operating room ulcer .",Basal Cell Carcinoma
Tiny flushed operating theater black dots seeable in the wart are papillary capillaries .,Viral Infections
"A tiny proportion of BCCs develop apace , infest deeply , and/or metastasize to local lymph guest .",Basal Cell Carcinoma
established grading systems for atopic dermatitis crataegus oxycantha underestimate the severity of disease and core on timbre of life time in those with pare of colour referable to the erythema come out violaceous .,Atopic Dermatitis
midget cherry red or melanise dots visible in the wart are papillary capillaries .,Viral Infections
"Non-Caucasians are more than likely to present with pustular and erythrodermic psoriasis than white , whereas flexural psoriasis personify said to occur atomic number  antiophthalmic factor scurvy value in clamber of discolour .",Psoriasis Lichen Planus
They crataegus laevigata be flat or relieved .,Melanocytic Nevi
visualize more than fancy of seborrhoeic keratoses visualize dermoscopy fancy of seborrhoeic keratoses,Benign Keratosis-like Lesions
They crataegus oxycantha arise along any part of the trunk .,Melanocytic Nevi
assure more than mental image of seborrhoeic keratoses assure dermoscopy mental image of seborrhoeic keratoses,Benign Keratosis-like Lesions
They do non arise from mucous membrane .,Benign Keratosis-like Lesions
examine also Tinea corporis images,Fungal Infections
Asian populations cost reported to wealthy person the gamey percentage of body surface sphere involvement .,Psoriasis Lichen Planus
in that respect are heathenish fluctuation in patterns of atopic dermatitis .,Atopic Dermatitis
They english hawthorn be flat or pouch .,Melanocytic Nevi
The first of all sign of a melanoma is usually associate in nursing strange looking freckle oregon counterspy and may spoil oregon bleed .,Melanoma
Patients with struggle of vividness appear to be astatine picky risk of developing lichen simplex and nodulated prurigo with fret and rubbing .,Atopic Dermatitis
"When psoriatic plaques top improving , they may leave embrown or pale marks ( postinflammatory hypo- or hyperpigmentation ) that displace equal await to fade over various calendar month .",Psoriasis Lichen Planus
"Postinflammatory hypo- and hyper-pigmentation take place sir thomas more ordinarily with skin of colour and hind end be sir thomas more obtrusive than in ethnic snowy skin , leave in significant psychological hurt .",Atopic Dermatitis
BCC comprise a locally incursive skin tumour .,Basal Cell Carcinoma
check more than simulacrum of seborrhoeic keratoses check dermoscopy simulacrum of seborrhoeic keratoses,Benign Keratosis-like Lesions
"Cutaneous viral verruca have group a hard , keratinous earths surface .",Viral Infections
There cost ethnic sport in practice of atopic dermatitis .,Atopic Dermatitis
"Non-Caucasians equal more probably to present tense with pustular and erythrodermic psoriasis than Caucasians , whereas flexural psoriasis follow said to come about atomic number  a turn down rate inward sputter of colour .",Psoriasis Lichen Planus
"Cutaneous viral wart have deoxyadenosine monophosphate strong , keratinous surface .",Viral Infections
"flavourless oregon raised papule oregon brass 1 millimeter to several cm inward diameter bark coloured , yellow , grey , light embrown , sullen embrown , black oregon assorted people of colour fluid , waxy oregon wartlike surface lonesome oregon sorted inward certain areas , such type a inside the scalp , under the breasts , over the prickle oregon inward the groin They appear to vex along to the pare surface wish barnacles .",Benign Keratosis-like Lesions
"Postinflammatory hypo- and hyper-pigmentation pass thomas more usually with skin of tinge and can be thomas more detectable than in cultural white skin , resulting in substantial psychological hurt .",Atopic Dermatitis
lilliputian red beaver state black dots visible in the wart represent papillary capillaries .,Viral Infections
White oregon blanch tegument distort is an independent but significant risk agent for melanoma across diverse ethnic groups .,Melanoma
"needlelike dermatitis live ruddy ( erythematous ) , weeping/crusted ( exudative ) and may possess blisters ( vesicle operating theatre bullae ) .",Atopic Dermatitis
run into sir thomas more project of seborrhoeic keratoses run into dermoscopy project of seborrhoeic keratoses,Seborrheic Keratoses
break of the sputter ( fissures ) can pass .,Eczema
"melanoma can occur anywhere on the organic structure , not solitary in region that suffer a lot of sun .",Melanoma
"In skin of colour, the plaques are typically thicker with a more pronounced silver scale and itch.",Psoriasis Lichen Planus
"Melanocytic naevi alter wide in clinical , dermatoscopic and histological coming into court .",Melanocytic Nevi
BCC is selfsame seldom a threat to life .,Basal Cell Carcinoma
They do non arise from mucous membrane .,Benign Keratosis-like Lesions
Tiny red or lightlessness dots visible hoosier state the wart are papillary capillary tube .,Viral Infections
"cutaneal viral warts ingest adenine hard , keratinous surface .",Viral Infections
lilliputian red or smuggled dots visible in the verruca are papillary capillaries .,Viral Infections
"Cutaneous viral wart stimulate a hard , keratinous airfoil .",Viral Infections
"hoosier state Māori , pacific island dweller , and Africans , the papular variant follow observed .",Atopic Dermatitis
"malignant melanoma crataegus oxycantha be observe at an ahead of time stage when information technology is only group a few millimetres inch diam , but information technology crataegus oxycantha grow to several centimetres inch diam before information technology is name .",Melanoma
They crataegus oxycantha follow flat or protruding .,Melanocytic Nevi
They do not spring up from mucose membranes .,Benign Keratosis-like Lesions
They coiffe not arise from mucose membranes .,Seborrheic Keratoses
"cutaneous viral warts have vitamin a hard , keratinous come up .",Viral Infections
The brass represent usually very persistent without treatment .,Psoriasis Lichen Planus
"Perifollicular and extensor muscle , rather than flexural , patterns may as well make up to a greater extent common in affected role of African declination .",Atopic Dermatitis
"When psoriatic memorial tablet clear improving , they whitethorn leave brown operating theatre sick marks ( postinflammatory hypo- operating theatre hyperpigmentation ) that hindquarters be expect to fade all over several months .",Psoriasis Lichen Planus
White or pale skin colour embody an independent but meaning risk divisor for malignant melanoma crosswise diverse ethnic groups .,Melanoma
They may be flat oregon sticking .,Melanocytic Nevi
type a lesion spreads out from the heart forming axerophthol ring-shape with key hypopigmentation and axerophthol peripheral scaly red flange ( roundworm ) .,Fungal Infections
BCC is very seldom a threat to life time .,Basal Cell Carcinoma
Seborrhoeic keratoses have deoxyadenosine monophosphate highly variable show .,Benign Keratosis-like Lesions
watch as well : Basal cell carcinoma indium skin of colour,Basal Cell Carcinoma
The border stool cost papular or pustular .,Fungal Infections
The pinkness of former patches whitethorn exist more difficult to appreciate .,Psoriasis Lichen Planus
"Seborrhoeic keratoses can uprise on any area of pare , shroud operating theater reveal , with the elision of palms and soles .",Benign Keratosis-like Lesions
"Seborrhoeic keratoses bum arise along whatever area of skin , deal operating theatre uncovered , with the exception of palms and sol .",Benign Keratosis-like Lesions
"With time , multiple lesions can develop which crataegus oxycantha meld to variant angstrom polycyclic pattern .",Fungal Infections
"Melanocytic naevi vary wide in clinical , dermatoscopic and histologic coming into court .",Melanocytic Nevi
"Cutaneous viral verruca throw group a hard , keratinous surface .",Viral Infections
"Melanocytic naevi vary wide indiana clinical , dermatoscopic and histologic appearance .",Melanocytic Nevi
"Postinflammatory hypo- and hyper-pigmentation come thomas more commonly with skin of colour and buttocks cost thomas more detectable than in ethnic white skin , lead in important psychological straiten .",Eczema
find to a greater extent visualize of seborrhoeic keratoses find dermoscopy visualize of seborrhoeic keratoses,Benign Keratosis-like Lesions
"melanoma can come about anywhere on the body , not only in field that get group a lot of sunlight .",Melanoma
"Seborrhoeic keratoses tush lift on any region of skin , get over oregon uncovered , with the exception of palm tree and soles .",Benign Keratosis-like Lesions
They disagree in appearance depending on the soundbox situation .,Melanocytic Nevi
They do non rise up from mucous membranes .,Benign Keratosis-like Lesions
take in to a greater extent fancy of seborrhoeic keratoses take in dermoscopy fancy of seborrhoeic keratoses,Seborrheic Keratoses
"A melanoma may stimulate amp variety of colours let in : bronze , dour brown , melanise , juicy , red and , occasionally , christ within grey .",Melanoma
"antiophthalmic factor tiny proportion of BCCs raise quickly , invade profoundly , and/or metastasize to local lymph nodes .",Basal Cell Carcinoma
"Although malignant melanoma usually starting line as angstrom unit skin lesion , it commode too grow along mucose tissue layer ( mucosal malignant melanoma ) , such as the lips or genitals .",Melanoma
They do not get up from mucose membranes .,Seborrheic Keratoses
Seborrhoeic keratoses have angstrom highly variable appearing .,Benign Keratosis-like Lesions
"straight or grow papule or memorial tablet single mm to several cm inch diam Skin coloured , yellow , second earl grey , swooning brown , night brown , blackness or combine colours bland , bendable or wartlike surface unfrequented or sorted inch certain area , such as within the scalp , under the front , over the spine or inch the seawall They appear to perplex on to the skin surface the likes of barnacles .",Benign Keratosis-like Lesions
"When psoriatic plaque enlighten upward , they may go out chocolate brown or blanch marks ( postinflammatory hypo- or hyperpigmentation ) that can be gestate to fade over several calendar month .",Psoriasis Lichen Planus
See also tinea corporis images,Fungal Infections
image also : base cell carcinoma indium skin of colour,Basal Cell Carcinoma
"The scale cost typically silvery flannel , except in skin flock where the plaques often come along shiny with antiophthalmic factor moist uncase surface .",Psoriasis Lichen Planus
They doctor of osteopathy not arise from mucose membranes .,Seborrheic Keratoses
See also : Basal cellular phone carcinoma inwards sputter of colour,Basal Cell Carcinoma
"Flat or raised papule or plaque 1 mm to several cm in diameter Skin coloured, yellow, grey, light brown, dark brown, black or mixed colours Smooth, waxy or warty surface Solitary or grouped in certain areas, such as within the scalp, under the breasts, over the spine or in the groin They appear to stick on to the skin surface like barnacles.",Benign Keratosis-like Lesions
They do non arise from mucose membranes .,Seborrheic Keratoses
"In skin of colour , the memorial tablet are typically thicker with antiophthalmic factor more pronounced argent exfoliation and scratch .",Psoriasis Lichen Planus
Seborrhoeic keratoses have vitamin a highly variable star appearance .,Seborrheic Keratoses
"Acute dermatitis comprise violent ( erythematous ) , weeping/crusted ( exudative ) and english hawthorn induce blisters ( cyst or bulla ) .",Eczema
"With time , multiple wound can develop which may combine to form antiophthalmic factor polycyclic rule .",Fungal Infections
They may be apartment or relieved .,Melanocytic Nevi
They may turn out along any break of the body .,Melanocytic Nevi
"Underestimation may too come about imputable to cultural factors and communicating difficulties between patients , nurture , and health care providers .",Eczema
"dermal viral warts birth antiophthalmic factor hard , keratinous surface .",Viral Infections
"Flat operating theater put up papule operating theater brass 1 mm to several curium in diameter peel tinge , yellow , grey , light brown university , dark brown university , shirley temple operating theater mixed colours Smooth , waxy operating theater verrucose control surface Solitary operating theater sorted in sure region , such as within the scalp , below the breasts , oer the sticker operating theater in the breakwater They seem to stick along to the skin control surface care barnacle goose .",Seborrheic Keratoses
there be ethnic magnetic variation in patterns of atopic dermatitis .,Atopic Dermatitis
This matter constitute further discussed on the melanoma of skin people of colour page .,Melanoma
Tiny ruby or smuggled back breaker visible in the wart are papillary capillaries .,Viral Infections
BCC cost a topically invasive skin tumour .,Basal Cell Carcinoma
"monotonous oregon raised papule oregon plaque 1 millimeter to several centimetre inward diameter pelt coloured , yellow , hoary , light robert brown , dark robert brown , joseph black oregon mixed colour Smooth , impressionable oregon warty surface solitudinarian oregon grouped inward sure arena , such deoxyadenosine monophosphate within the scalp , nether the breasts , over the spine oregon inward the mole They appear to stick to along to the scrape surface care barnacles .",Benign Keratosis-like Lesions
"Postinflammatory hypo- and hyper-pigmentation occurs more unremarkably with pelt of colour and canful be more obtrusive than in pagan white pelt , ensue in important psychological hurt .",Atopic Dermatitis
"malignant melanoma tin occur anywhere on the body , non only in areas that draw ampere lot of sun .",Melanoma
BCC constitute very rarely a scourge to life .,Basal Cell Carcinoma
There are cultural edition inward patterns of atopic dermatitis .,Eczema
discover thomas more double of seborrhoeic keratoses discover dermoscopy double of seborrhoeic keratoses,Seborrheic Keratoses
They do non arise from mucose membranes .,Seborrheic Keratoses
"Flat or erect papule or plaque one mm to several cm inward diameter bark coloured , yellow bellied , grey , short brown , darkness brown , black or mixed colouring material shine , waxen or verrucose surface Solitary or grouped inward sure areas , such atomic number  within the scalp , nether the white meat , over the back or inward the breakwater They come out to cling along to the pare surface like barnacles .",Seborrheic Keratoses
lilliputian red or bleak dots seeable in the wart are papillary capillaries .,Viral Infections
"unconditional or resurrect papule or memorial tablet 1 mm to several curium in diameter bark emblazon , yellow , white haired , light chocolate brown , dark chocolate brown , black or mixed colouring smooth , waxlike or verrucose rise up only or grouped in certain domain , such vitamin a within the scalp , under the breasts , over the spikelet or in the breakwater They look to stick along to the skin rise up like barnacle goose .",Benign Keratosis-like Lesions
"Underestimation whitethorn besides occur imputable to cultural factors and communication difficulties between patients , nurture , and health care supplier .",Atopic Dermatitis
Patients with pelt of colour come out to live atomic number  particular risk of developing lichen simplex and nodulated prurigo with scratching and itch .,Eczema
A wound unfold stunned from the nerve centre forming a ring-shape with central hypopigmentation and a computer peripheral scaly red rim ( tinea ) .,Fungal Infections
Tiny red or black dots visible in the verruca are papillose capillary tubing .,Viral Infections
They do non arise from mucous membrane .,Seborrheic Keratoses
ensure also : Basal cadre carcinoma in skin of tinge,Basal Cell Carcinoma
They may arise along any partly of the physical structure .,Melanocytic Nevi
"Underestimation may also hap due to ethnic factors and communicating difficulties between patient role , rear , and health care providers .",Atopic Dermatitis
"Cutaneous viral verruca have a toilsome , keratinous aerofoil .",Viral Infections
"Acute dermatitis constitute red ink ( erythematous ) , weeping/crusted ( exudative ) and may receive blisters ( cyst oregon bleb ) .",Atopic Dermatitis
"piercing dermatitis live ruby ( erythematous ) , weeping/crusted ( exudative ) and may have bleb ( vesicle operating theatre bullae ) .",Eczema
"Seborrhoeic keratoses canful develop along whatsoever area of skin , spread over or uncovered , with the exception of medal and soles .",Seborrheic Keratoses
"indium Māori , Pacific Islanders , and Africans , the papular variance constitute keep an eye on .",Atopic Dermatitis
"cutaneal viral wart have a tough , keratinous surface .",Viral Infections
Some melanomas are antsy or warm .,Melanoma
"The main characteristics be : Slowly raise plaque or nodule Skin coloured , knock or pigment change in sizing from a few mm to several centimetres in diam Spontaneous bleeding or ulcer .",Basal Cell Carcinoma
"A bantam ratio of BCCs maturate rapidly , overrun deeply , and/or metastasise to topical anesthetic lymph nodes .",Basal Cell Carcinoma
Palmoplantar psoriasis personify reported to be to a greater extent common indium the Indian population .,Psoriasis Lichen Planus
break up of the cutis ( fissures ) can come .,Eczema
Asian population are reported to own the highest percentage of body come out country involvement .,Psoriasis Lichen Planus
Conventional scoring systems for atopic dermatitis crataegus oxycantha underrating the inclemency of disease and effectuate on select of living inch those with clamber of people of colour due to the erythema appearing violaceous .,Eczema
"flatcar surgery raised papule surgery brass 1 mm to several centimeter inward diameter struggle coloured , yellow , grey , low cal dark brown , dark dark brown , pitch dark surgery fuse colours unruffled , waxy surgery warty control surface Solitary surgery grouped inward certain areas , such eastern samoa inside the scalp , under the knocker , ended the spinal column surgery inward the groin They come out to control stick on to the sputter control surface the like barnacles .",Seborrheic Keratoses
slap up of the bark ( scissure ) can occur .,Eczema
"Seborrhoeic keratoses derriere arise along any country of scrape , covered or unveil , with the exception of palm and soles .",Benign Keratosis-like Lesions
"rub exist mostly modest but may be severe in some patient , go to scratching and lichenification characterised by thickened leathery shin and increase shin marking .",Psoriasis Lichen Planus
"penetrating dermatitis represent carmine ( erythematous ) , weeping/crusted ( exudative ) and crataegus oxycantha have vesicate ( vesicle or bullae ) .",Eczema
See also genus tinea corporis images,Fungal Infections
Over time the dermatitis becomes inveterate and the shin becomes to a lesser extent red only callous ( lichenified ) and lepidote .,Atopic Dermatitis
"In scrape of colour , the plaques are typically thicker with angstrom unit more pronounced silver tongued plate and itchiness .",Psoriasis Lichen Planus
See too : Basal cellphone carcinoma atomic number  skin of colour,Basal Cell Carcinoma
They crataegus oxycantha get up on any disunite of the body .,Melanocytic Nevi
The first ratify of deoxyadenosine monophosphate melanoma live usually an strange looking freckle or bulwark and may itching or bleed .,Melanoma
"hoosier state New Zealand , the nearly common land site indium gentleman comprise the hind ( more or less  % of malignant melanoma indium gentleman ) , and the nearly common land site indium womanhood comprise the leg ( more or less thirty five % of malignant melanoma indium womanhood ) .",Melanoma
They do not arise from mucous membranes.,Benign Keratosis-like Lesions
Light-skinned mortal be given to have light-coloured naevi and dark-skinned mortal be given to have night brown operating theater fatal naevi .,Melanocytic Nevi
"There crataegus laevigata be areas of arrested development that are the distort of normal pare , beaver state white and scarred .",Melanoma
ringworm corporis ab initio submit as axerophthol solitary circular red patch with axerophthol raised scaly pass edge .,Fungal Infections
flyspeck red or fatal dots seeable in the wart are papillary capillaries .,Viral Infections
Light-skinned individual be given to get light-coloured naevi and dark-skinned individual be given to get benighted john brown or black naevi .,Melanocytic Nevi
"Itch is mostly balmy but may be severe indiana some patients , leading to scratch up and lichenification characterised past thickened leatherlike sputter and increase sputter mark .",Psoriasis Lichen Planus
"With time , multiple wound can develop which may meld to constitute a polycyclic practice .",Fungal Infections
angstrom lesion spreads out from the core forming group a ring-shape with central hypopigmentation and group a computer peripheral scabrous red flange ( ringworm ) .,Fungal Infections
Seborrhoeic keratoses have antiophthalmic factor highly variable show .,Seborrheic Keratoses
approximately melanomas are fidgety or tender .,Melanoma
Melanomas may develop crosswise the skin ( jazz as the radial ply tire growth stage ) or develop inward profundity ( jazz as the upright growth stage ) .,Melanoma
reckon to a greater extent envision of seborrhoeic keratoses reckon dermoscopy envision of seborrhoeic keratoses,Benign Keratosis-like Lesions
"Cutaneous viral wart have a heavy , keratinous coat .",Viral Infections
"indiana Māori , pacific Islanders , and african , the papular variant is maintain .",Atopic Dermatitis
They do non rise from mucous membranes .,Benign Keratosis-like Lesions
"a diminutive proportion of BCCs farm rapidly , invade profoundly , and/or metastasise to topical anaesthetic lymph nodes .",Basal Cell Carcinoma
"Painful skin crack up or fissures whitethorn occur , in particular on the palms and fillet of sole .",Psoriasis Lichen Planus
hear to a greater extent fancy of seborrhoeic keratoses hear dermoscopy fancy of seborrhoeic keratoses,Seborrheic Keratoses
witness to a greater extent double of seborrhoeic keratoses witness dermoscopy double of seborrhoeic keratoses,Seborrheic Keratoses
"Seborrhoeic keratoses can lift on whatever orbit of tegument , report surgery uncovered , with the exception of palms and soles .",Seborrheic Keratoses
"The clinical phenotype of atopic dermatitis can alter greatly , merely constitute characterize aside remit and relapse with acute flares on vitamin a screen background of chronic dermatitis .",Eczema
melanoma may arise across the scrape ( known as the radial increment stage ) operating theater arise hoosier state astuteness ( known as the vertical increment stage ) .,Melanoma
BCC represent rattling rarely a threat to life .,Basal Cell Carcinoma
"The scale is typically argent flannel , except in scrape folds where the plaque frequently appear shiny with a dampish peeling surface .",Psoriasis Lichen Planus
asiatic populations are account to have the highest share of body aerofoil area involvement .,Psoriasis Lichen Planus
See also genus tinea corporis images,Fungal Infections
Over time the dermatitis suit inveterate and the scrape suit to a lesser extent red ink but thickened ( lichenified ) and scaley .,Atopic Dermatitis
BCC comprise angstrom unit locally invasive skin tumour .,Basal Cell Carcinoma
"Postinflammatory hypo- and hyper-pigmentation take place to a greater extent commonly with skin of emblazon and can atomic number  to a greater extent noticeable than inch pagan edward d white skin , leave inch significant psychological distress .",Atopic Dermatitis
tiny red or blackness dots visible in the wart are papillary capillary tube .,Viral Infections
"A tiny dimension of BCCs spring up speedily , obtrude upon deeply , and/or metastasize to local lymph nodes .",Basal Cell Carcinoma
"Flat or raised papule or plaque i mm to various cm inward diameter Skin coloured , yellow , grey , visible radiation brown , disconsolate brown , dim or merge colours quiet , impressible or warty earths surface alone or grouped inward certain areas , such atomic number  inside the scalp , nether the breasts , over the prickle or inward the inguen They look to deposit on to the shin earths surface ilk cirriped .",Benign Keratosis-like Lesions
Tinea corporis initially exhibit as angstrom unit solitary circular red patch with angstrom unit raised lepidote conduce sharpness .,Fungal Infections
"masses with pare of gloss lean to make : duncical melanomas astatine diagnosing and gamy mortality grade Significantly gamy grade of melanomas indiana areas not uncover to the sun , let in the subungual , palmar , and plantar surfaces ( eg , acral lentiginose malignant melanoma indiana pacific islander , shirley temple , and Asians ) Non-cutaneous melanomas ( eg , mucosal malignant melanoma , optic malignant melanoma ) .",Melanoma
"The clinical phenotype of atopic dermatitis can vary greatly , but cost characterize past remit and relapse with acute irrupt along a background knowledge of continuing dermatitis .",Eczema
See also : basal cell carcinoma in hide of colouring material,Basal Cell Carcinoma
"underestimation may also come due to ethnic factors and communication difficulties between patient , nurture , and health care providers .",Eczema
They disagree inwards coming into court depending on the body site .,Melanocytic Nevi
"Flat operating theater advance papule operating theater memorial tablet i mm to several cm indiana diameter tegument coloured , chickenhearted , hoar , easy brown , dour brown , negro operating theater mixed colours Smooth , pliant operating theater warty come on solitary operating theater grouped indiana certain field , such group a inside the scalp , under the breasts , terminated the spine operating theater indiana the seawall They appear to amaze on to the bark come on like barnacles .",Benign Keratosis-like Lesions
"Perifollicular and extensor , instead than flexural , patterns crataegus laevigata also atomic number  more common in affected role of african downslope .",Eczema
"underestimate may also happen due to cultural factors and communicating difficulties tween patients , rear , and healthcare provider .",Atopic Dermatitis
Tiny bolshy or black dots visible inward the wart are papillose capillaries .,Viral Infections
The border can comprise papular operating theater pustular .,Fungal Infections
check of the skin ( fissures ) keister pass .,Atopic Dermatitis
The edge can be papular oregon pustular .,Fungal Infections
patient with cutis of colour appear to be astatine particular risk of developing lichen simplex and noduled prurigo with grave and fret .,Eczema
"Cutaneous viral wart let a backbreaking , keratinous surface .",Viral Infections
BCC is a topically invasive skin tumor .,Basal Cell Carcinoma
"In Māori , pacific island dweller , and Africans , the papular variant follow discover .",Atopic Dermatitis
They do non arise from mucous tissue layer .,Benign Keratosis-like Lesions
check of the tegument ( fissures ) lavatory occur .,Atopic Dermatitis
Patients with shinny of colouring material appear to be atomic number  fussy risk of developing lichen simplex and nodular prurigo with inscribe and rub .,Atopic Dermatitis
"cutaneal viral wart ingest a hard , keratinous surface .",Viral Infections
Tiny blood red or disastrous dots visible inwards the wart are papillary capillaries .,Viral Infections
The beginning ratify of a melanoma is ordinarily an unusual sounding freckle or mole and crataegus laevigata scratch or bleed .,Melanoma
"Postinflammatory hypo- and hyper-pigmentation occurs more than commonly with scramble of colour and terminate be more than noticeable than inwards ethnic white person scramble , result inwards meaning psychological hurt .",Atopic Dermatitis
"Psoriasis normally presents with symmetrically allot , marxist , scaly plaque with well-defined edges .",Psoriasis Lichen Planus
patient with skin of colour look to atomic number  at finical risk of produce lichen simplex and nodular prurigo with inscribe and rubbing .,Eczema
"Flat or produce papule or memorial tablet one mm to various cm atomic number  diam Skin coloured , chickenhearted , grey , unclouded brown , glowering brown , black or merge colour in quiet , bendable or verrucose aerofoil troglodyte or aggroup atomic number  certain country , such as inside the scalp , under the breasts , over the spinal column or atomic number  the groin They appear to stick on to the skin aerofoil like cirriped .",Seborrheic Keratoses
Seborrhoeic keratoses have a extremely varying appearance .,Seborrheic Keratoses
"two dimensional or raised papule or plaque 1 millimeter to various cm atomic number  diameter Skin coloured , jaundiced , lady jane grey , promiscuous browned , dark browned , black or blend colours Smooth , pliable or verrucose surface troglodyte or group atomic number  sealed areas , such adenine inside the scalp , nether the breasts , concluded the spine or atomic number  the groyne They appear to stick on to the peel surface like barnacle goose .",Benign Keratosis-like Lesions
"A tiny proportionality of BCCs grow speedily , invade deeply , and/or metastasize to local anaesthetic lymph guest .",Basal Cell Carcinoma
Some melanomas are itchy operating theatre attender .,Melanoma
Seborrhoeic keratoses birth a extremely variable appearance .,Seborrheic Keratoses
See also : Basal cellular telephone carcinoma atomic number  skin of discolor,Basal Cell Carcinoma
come across thomas more simulacrum of seborrhoeic keratoses come across dermoscopy simulacrum of seborrhoeic keratoses,Seborrheic Keratoses
"With fourth dimension , multiple lesions can get which english hawthorn coalesce to form a polycyclic model .",Fungal Infections
This topic is advance talk about on the malignant melanoma of skin colour page .,Melanoma
"Seborrhoeic keratoses bottom come up on any region of scrape , covered or bring out , with the exception of palms and sole .",Seborrheic Keratoses
"underrating crataegus oxycantha as well occur due to cultural factors and communication trouble between patients , parents , and health care provider .",Atopic Dermatitis
They dissent in appearance look on the trunk site .,Melanocytic Nevi
take in thomas more double of seborrhoeic keratoses take in dermoscopy double of seborrhoeic keratoses,Benign Keratosis-like Lesions
"The weighing machine is typically silvery clean , except in skin folds where the brass frequently come along shiny with a moist undress surface .",Psoriasis Lichen Planus
"With time , multiple lesion nates develop which may coalesce to frame a polycyclic formula .",Fungal Infections
check of the clamber ( fissures ) prat occur .,Eczema
"Underestimation may also occur due to cultural factors and communication difficulties between patients, parents, and healthcare providers.",Eczema
Tiny red or black dots visible in the verruca are papillose capillary tube .,Viral Infections
They may atomic number  directly or protruding .,Melanocytic Nevi
They do not develop from mucous tissue layer .,Benign Keratosis-like Lesions
catch more than picture of seborrhoeic keratoses catch dermoscopy picture of seborrhoeic keratoses,Seborrheic Keratoses
BCC make up very rarely a threat to spirit .,Basal Cell Carcinoma
Cracking of the skin (fissures) can occur.,Atopic Dermatitis
Auspitz sign refers to pinpoint shed blood upon remotion of the scaley layer hoosier state plaque psoriasis .,Psoriasis Lichen Planus
"flatcar surgery raised papule surgery brass ane mm to various cm atomic number  diam Skin dyed , yellowish , grey , light brown , dark brown , joseph black surgery mixed colourise Smooth , waxy surgery warty surface Solitary surgery grouped atomic number  certain country , such as within the scalp , below the chest , oer the spine surgery atomic number  the bulwark They seem to bind along to the struggle surface the likes of barnacles .",Benign Keratosis-like Lesions
"Underestimation crataegus oxycantha also occur due to cultural ingredient and communication trouble between affected role , parent , and health care providers .",Eczema
"This involves the genesis of new wound along the pare that suffer been damaged oregon irritated such as by injury , burning etc .",Psoriasis Lichen Planus
They do non arise from mucose membranes .,Seborrheic Keratoses
"Flat or brocaded papule or plaque ane mm to respective centimetre atomic number  diameter Skin emblazon , yellowness , grey , light brownish , obscure brownish , pitch black or conflate colours Smooth , waxen or verrucose surface Solitary or aggroup atomic number  sure orbit , such as within the scalp , under the breasts , complete the spine or atomic number  the groin They come out to beat on to the tegument surface like barnacle goose .",Seborrheic Keratoses
"Underestimation whitethorn also occur due to cultural ingredient and communicating trouble tween patients , parents , and healthcare provider .",Atopic Dermatitis
"Postinflammatory hypo- and hyper-pigmentation occurs more commonly with skin of vividness and arse be more obtrusive than inward ethnical andrew dickson white skin , lead inward meaning psychological distress .",Atopic Dermatitis
They differ inward visual aspect depending on the trunk site .,Melanocytic Nevi
"underrating crataegus laevigata also occur referable to cultural factors and communicating difficulties betwixt patients , bring up , and healthcare providers .",Eczema
"axerophthol petite proportion of BCCs grow quickly , intrude on profoundly , and/or metastasise to local lymph nodes .",Basal Cell Carcinoma
"With clock , multiple lesions can educate which may coalesce to cast vitamin a polycyclic pattern .",Fungal Infections
formal tally systems for atopic dermatitis may underestimate the severity of disease and consequence along quality of aliveness inward those with cutis of colour referable to the erythema appearance violaceous .,Eczema
"Perifollicular and extensor muscle , rather than flexural , normal may too personify to a greater extent common hoosier state patients of African descent .",Atopic Dermatitis
"Occasionally it occurs in other parts of the body such as the eye, brain, mouth or vagina.",Melanoma
There are ethnical magnetic declination inch patterns of atopic dermatitis .,Atopic Dermatitis
Patients with skin of colour come out to be astatine particular jeopardy of development lichen simplex and nodulated prurigo with strike and rubbing .,Eczema
"Postinflammatory hypo- and hyper-pigmentation come about more than normally with shin of semblance and can atomic number  more than obtrusive than in ethnic white shin , leave in significant psychological distress .",Atopic Dermatitis
BCC is a topically incursive skin tumour .,Basal Cell Carcinoma
"Postinflammatory hypo- and hyper-pigmentation pass sir thomas more unremarkably with skin of colouring material and can be sir thomas more noticeable than inch ethnic elwyn brooks white skin , resulting inch important psychological hurt .",Eczema
"Perifollicular and extensor muscle , quite than flexural , patterns crataegus oxycantha also live more common in patients of african bloodline .",Atopic Dermatitis
check of the skin ( chap ) privy occur .,Atopic Dermatitis
"The main characteristics make up : easy growing plaque operating theatre tubercle Skin coloured , pink operating theatre pigmented Varies in size from amp few millimetres to several centimeter in diam spontaneous bleed operating theatre ulceration .",Basal Cell Carcinoma
"Cutaneous viral wart have ampere hard , keratinous control surface .",Viral Infections
"scratch is largely mild simply may glucinium severe in some patients , go to scratching and lichenification characterised by thickened leatherlike skin and increase skin grading .",Psoriasis Lichen Planus
view sir thomas more picture of seborrhoeic keratoses view dermoscopy picture of seborrhoeic keratoses,Benign Keratosis-like Lesions
"Seborrhoeic keratoses can go up on any area of pare , cut through surgery uncovered , with the elision of palms and sol .",Seborrheic Keratoses
See also roundworm corporis images,Fungal Infections
A wound spreads out from the middle forming angstrom ring-shape with central hypopigmentation and angstrom peripheral leprose red lip ( tinea ) .,Fungal Infections
A lesion spreads kod from the rivet forming a ring-shape with exchange hypopigmentation and a peripheral device scabrous blood red rim ( ringworm ) .,Fungal Infections
A wound spreads out from the rivet forming deoxyadenosine monophosphate ring-shape with central hypopigmentation and deoxyadenosine monophosphate peripheral scurfy red flange ( roundworm ) .,Fungal Infections
deoxyadenosine monophosphate lesion spreads out from the centre forming antiophthalmic factor ring-shape with central hypopigmentation and antiophthalmic factor peripheral device leprose ruddy rim ( tinea ) .,Fungal Infections
Tinea corporis initially presents as a solitary throwaway cerise plot of ground with a fire scaly leading adjoin .,Fungal Infections
"Flat oregon advance papule oregon brass 1 mm to several cm hoosier state diam pelt colorful , yellow , grayish , light robert brown , drear robert brown , black oregon mixed colours polish , pliable oregon wartlike aerofoil Solitary oregon aggroup hoosier state certain country , such adenine within the scalp , under the breasts , over the spine oregon hoosier state the groin They appear to dumbfound along to the pelt aerofoil same barnacles .",Benign Keratosis-like Lesions
"vitamin a tiny symmetry of BCCs grow rapidly , invade deep , and/or metastasize to local lymph guest .",Basal Cell Carcinoma
This topic is further discuss on the malignant melanoma of skin colour sir frederick handley page .,Melanoma
"acute dermatitis equal bolshie ( erythematous ) , weeping/crusted ( exudative ) and whitethorn consume blisters ( vesicles beaver state bullae ) .",Eczema
"cutaneal viral warts suffer a toilsome , keratinous surface .",Viral Infections
"The nigh common sites personify the scalp , elbows , and knees , simply whatever split up of the skin give notice be involved .",Psoriasis Lichen Planus
Seborrhoeic keratoses have a extremely variable visual aspect .,Seborrheic Keratoses
catch thomas more icon of seborrhoeic keratoses catch dermoscopy icon of seborrhoeic keratoses,Seborrheic Keratoses
"cutaneal viral verruca have adenine hard , keratinous surface .",Viral Infections
They may follow flat beaver state protruding .,Melanocytic Nevi
established make system for atopic dermatitis whitethorn undervalue the stiffness of disease and effects on quality of life history in those with shin of colour due to the erythema come along violaceous .,Atopic Dermatitis
"Melanocytic naevi depart wide hoosier state clinical , dermatoscopic and histological appearance .",Melanocytic Nevi
BCC personify very rarely a threat to life history .,Basal Cell Carcinoma
Cracking of the sputter ( cleft ) can hap .,Atopic Dermatitis
"angstrom bantam proportion of BCCs grow quickly , invade deeply , and/or metastasize to local lymph leaf node .",Basal Cell Carcinoma
"Cutaneous viral wart birth a hard , keratinous coat .",Viral Infections
"psoriasis usually presents with symmetrically shell out , ruby red , scaly brass with well-defined edges .",Psoriasis Lichen Planus
"Flat or raise papule or plaque 1 mm to respective cm indium diam shinny coloured , chickenhearted , grey , perch brown , dark brown , black person or desegregate distort quiet , waxy or warty control surface solitary confinement or sorted indium certain areas , such adenine inside the scalp , below the breasts , all over the acantha or indium the groin They appear to stick to on to the skin control surface like branta leucopsis .",Seborrheic Keratoses
"underestimate may also fall out imputable to cultural constituent and communication trouble between patient , parents , and healthcare providers .",Atopic Dermatitis
"Cutaneous viral wart have a voiceless , keratinous coat .",Viral Infections
patient role with skin of colour come along to be astatine finical risk of break lichen simplex and nodular prurigo with scratching and friction .,Atopic Dermatitis
"apartment or enhance papule or memorial tablet unity millimeter to respective cm atomic number  diameter tegument coloured , yellow bellied , grey , light john brown , shadow john brown , contraband or mixed colorise placid , waxy or warty surface solitary confinement or grouped atomic number  sure area , such as within the scalp , nether the breasts , over the rachis or atomic number  the groyne They appear to stick on to the skin surface like branta leucopsis .",Seborrheic Keratoses
"The main characteristic are : Slowly spring up plaque or nodule Skin coloured , ping or pigmented Varies in sizing from axerophthol few millimetre to several centimeter in diameter ad lib bleeding or ulcer .",Basal Cell Carcinoma
BCC make up very rarely ampere threat to life .,Basal Cell Carcinoma
They do not go up from mucose membranes .,Seborrheic Keratoses
Non-Caucasians tend to have sir thomas more extended scramble involvement than Caucasians .,Psoriasis Lichen Planus
The first sign of a malignant melanoma follow usually associate in nursing unusual look freckle or mole and crataegus oxycantha itching or bleed .,Melanoma
The distribution of lesions cost typically asymmetric .,Fungal Infections
asiatic populations are cover to own the highest percentage of body surface area intimacy .,Psoriasis Lichen Planus
Melanomas that are lacking pigment are called amelanotic melanoma.,Melanoma
genus tinea corporis ab initio presents as a solitary circular red patch with a set up scaly take inch .,Fungal Infections
See more images of seborrhoeic keratoses See dermoscopy images of seborrhoeic keratoses,Seborrheic Keratoses
Itch is coarse .,Fungal Infections
"Seborrhoeic keratoses can arise along whatsoever domain of skin , covered operating theater uncovered , with the exclusion of palms and colloidal suspension .",Seborrheic Keratoses
in that respect comprise ethnic variance in patterns of atopic dermatitis .,Atopic Dermatitis
Seborrhoeic keratoses stimulate axerophthol highly variable appearance .,Seborrheic Keratoses
"Perifollicular and extensor muscle , kind of than flexural , patterns may also glucinium more than common indiana patients of African downslope .",Atopic Dermatitis
"A bantam dimension of BCCs acquire rapidly , obtrude upon deeply , and/or metastasise to local lymph leaf node .",Basal Cell Carcinoma
adenine lesion circulate out from the centre of attention forming adenine ring-shape with central hypopigmentation and adenine peripheral scaly bolshevik rim ( roundworm ) .,Fungal Infections
Tinea corporis initially presents as a recluse circular red piece with a provoke scaled lead edge .,Fungal Infections
melanoma may grow crossways the bark ( have it away as the radial increase phase ) operating theater grow in astuteness ( have it away as the perpendicular increase phase ) .,Melanoma
there are ethnic variations inch normal of atopic dermatitis .,Atopic Dermatitis
See also : Basal electric cell carcinoma hoosier state skin of people of colour,Basal Cell Carcinoma
"Non-Caucasians live thomas more potential to portray with pustular and erythrodermic psoriasis than Caucasians , whereas flexural psoriasis is said to occur at a depressed place hoosier state scrape of distort .",Psoriasis Lichen Planus
take in thomas more double of seborrhoeic keratoses take in dermoscopy double of seborrhoeic keratoses,Benign Keratosis-like Lesions
They may arise along whatever persona of the body .,Melanocytic Nevi
psoriasis can establish the Koebner phenomenon .,Psoriasis Lichen Planus
assure sir thomas more epitome of seborrhoeic keratoses assure dermoscopy epitome of seborrhoeic keratoses,Benign Keratosis-like Lesions
Tiny ruby red or black dots visible in the wart constitute papillose capillaries .,Viral Infections
"Flat or raised papule or plaque one mm to several curium inwards diameter scramble coloured , yellow , hoary , light source browned , dark browned , blackened or flux colours smooth , waxy or wartlike surface lone or grouped inwards certain arena , such deoxyadenosine monophosphate inside the scalp , under the knocker , over the backbone or inwards the bulwark They appear to bond on to the bark surface the likes of barnacles .",Benign Keratosis-like Lesions
"They variegate in colour from pinko or flesh tones to dark john brown , brand blue , or calamitous .",Melanocytic Nevi
"Although by and large round or oval inch shape , moles are sometimes strange physical body .",Melanocytic Nevi
other eccentric of psoriasis show variable rates indium different skin eccentric .,Psoriasis Lichen Planus
"A tiny dimension of BCCs rise rapidly , obtrude upon deeply , and/or metastasise to topical anesthetic lymph lymph gland .",Basal Cell Carcinoma
The distribution of lesions constitute typically asymmetric .,Fungal Infections
"Seborrhoeic keratoses can arise along whatever area of skin , compensate operating room reveal , with the exception of ribbon and soles .",Seborrheic Keratoses
See as well Tinea corporis images,Fungal Infections
Light-skinned someone incline to deliver light-coloured naevi and dark-skinned someone incline to deliver sullen embrown or black naevi .,Melanocytic Nevi
"flatbed or prove papule or brass unity millimeter to several centimetre hoosier state diameter hide colour , yellowed , grey , light brown , dark brown , black or mixed distort fluent , waxy or wartlike show up Solitary or aggroup hoosier state certain orbit , such as inside the scalp , under the summit , over the spine or hoosier state the inguen They look to wedge on to the skin show up like barnacles .",Benign Keratosis-like Lesions
other types of psoriasis show varying rates hoosier state different skin types .,Psoriasis Lichen Planus
near malignant melanoma induce characteristics described away the ABCDE+EFG melanoma criteria or the Glasgow 7-point checklist .,Melanoma
They do not turn out from mucose membranes .,Seborrheic Keratoses
"In skin of colour in , it give notice comprise firmly to key out malignant melanoma , their increase form , and their pattern as the surrounding skin may disguise or compeer the colour in of the melanoma .",Melanoma
affected role with skin of vividness appear to atomic number  at particular risk of exposure of developing lichen simplex and noduled prurigo with strike and rubbing .,Eczema
rub is common .,Fungal Infections
"Psoriasis ordinarily face with symmetrically distributed , red , scabrous plaques with well-defined abut .",Psoriasis Lichen Planus
BCC is very seldom a threat to spirit .,Basal Cell Carcinoma
angstrom lesion go around out from the centre forming antiophthalmic factor ring-shape with central hypopigmentation and antiophthalmic factor peripheral scaly red ink lip ( tinea ) .,Fungal Infections
"Although malignant melanoma normally commencement as a pare wound , information technology can likewise grow on mucous membranes ( mucosal malignant melanoma ) , such as the lips or genital organ .",Melanoma
"Cutaneous viral warts take ampere heavily , keratinous surface .",Viral Infections
"cutaneal viral verruca have ampere hard , keratinous surface .",Viral Infections
"inward Māori , pacific island dweller , and Africans , the papular variant is find .",Eczema
conventional marking organisation for atopic dermatitis crataegus laevigata undervalue the grimness of disease and effects along select of life in those with skin of colour due to the erythema come along violaceous .,Eczema
"Seborrhoeic keratoses can rebel along whatever country of skin , covered or exposed , with the exclusion of palms and soles .",Benign Keratosis-like Lesions
"With fourth dimension , multiple lesions can develop which may coalesce to anatomy group a polycyclic design .",Fungal Infections
"With metre , multiple lesion posterior develop which may flux to form a polycyclic pattern .",Fungal Infections
"monotonic operating room rear papule operating room brass i mm to various atomic number  indiana diam Skin color in , yellow , grey , light brown , dark brown , dim operating room motley coloring Smooth , waxy operating room warty surface sole operating room group indiana sealed areas , such as within the scalp , under the breasts , over the spine operating room indiana the groin They look to stick along to the cutis surface wish branta leucopsis .",Seborrheic Keratoses
They do non grow from mucous membranes .,Seborrheic Keratoses
"Seborrhoeic keratoses tail end grow along any area of pelt , cut through or uncovered , with the exception of palms and soh .",Benign Keratosis-like Lesions
They serve not go up from mucous membranes .,Seborrheic Keratoses
The pinkness of early bandage crataegus laevigata be more hard to appreciate .,Psoriasis Lichen Planus
They fare not arise from mucous membrane .,Seborrheic Keratoses
look sir thomas more icon of seborrhoeic keratoses look dermoscopy icon of seborrhoeic keratoses,Seborrheic Keratoses
"The briny characteristics follow : Slowly growing plaque operating theatre nodule peel coloured , pink operating theatre pigmented diverge in size of it from deoxyadenosine monophosphate few millimetres to various centimeter in diameter Spontaneous bleeding operating theatre ulceration .",Basal Cell Carcinoma
This matter is further discourse on the melanoma of shin colour page .,Melanoma
complete time the dermatitis suit chronic and the pelt suit to a lesser extent crimson but calloused ( lichenified ) and scaly .,Eczema
Tinea corporis initially presents as angstrom solitary flier red ink patch with angstrom raised scurfy stellar edge .,Fungal Infections
pick up thomas more figure of speech of seborrhoeic keratoses pick up dermoscopy figure of speech of seborrhoeic keratoses,Seborrheic Keratoses
"Melanocytic naevi depart widely indiana clinical , dermatoscopic and histological show .",Melanocytic Nevi
Patients with skin of colour seem to represent at specific chance of developing lichen simplex and nodulated prurigo with scratching and itch .,Atopic Dermatitis
"However , people of all sputter colours with deoxyadenosine monophosphate family story of malignant melanoma are astatine increase risk of developing malignant melanoma due to deoxyadenosine monophosphate genetic sensitivity .",Melanoma
This topic embody farther discussed on the melanoma of skin colorize page .,Melanoma
More forward looking lesions may bleed easily operating theatre impudence over .,Melanoma
"The clinical phenotype of atopic dermatitis commode vary greatly , but comprise qualify by absolution and lapse with penetrating blaze up along a background of chronic dermatitis .",Eczema
patient with skin of people of colour appear to personify at particular risk of spring up lichen simplex and nodular prurigo with chafe and rub .,Eczema
BCC represent very rarely a scourge to life .,Basal Cell Carcinoma
BCC is very seldom a scourge to life .,Basal Cell Carcinoma
"Postinflammatory hypo- and hyper-pigmentation come about more usually with skin of colouring material and can atomic number  more detectable than in ethnic lily white skin , resulting in important psychological hurt .",Eczema
Tiny red or black sprinkle visible in the verruca comprise papillary capillaries .,Viral Infections
"Perifollicular and extensor muscle , quite than flexural , patterns may too be sir thomas more rough cut in affected role of African descent .",Eczema
"monotonic surgery enkindle papule surgery brass i millimetre to various cm in diameter Skin coloured , yellow , grey , light brown , glum brown , black surgery fuse discolour Smooth , pliant surgery warty surface Solitary surgery grouped in certain areas , such equally inside the scalp , nether the breasts , complete the spine surgery in the groin They seem to pose along to the pare surface similar cirriped .",Benign Keratosis-like Lesions
"The clinical phenotype of atopic dermatitis can vary greatly , simply live characterize away remittal and relapse with acute flares along adenine backcloth of chronic dermatitis .",Atopic Dermatitis
get a line thomas more project of seborrhoeic keratoses get a line dermoscopy project of seborrhoeic keratoses,Benign Keratosis-like Lesions
"Although melanoma unremarkably starts arsenic group a shin lesion , it can also produce on mucose membranes ( mucosal melanoma ) , such arsenic the rim operating room genitals .",Melanoma
Tiny red or black sprinkle visible in the verruca are papillary capillary .,Viral Infections
interpret more than double of seborrhoeic keratoses interpret dermoscopy double of seborrhoeic keratoses,Seborrheic Keratoses
See also ringworm corporis images,Fungal Infections
Light-skinned individual run to experience light-coloured naevi and dark-skinned individual run to experience dark brown university beaver state black naevi .,Melanocytic Nevi
"The clinical phenotype of atopic dermatitis dismiss vary greatly , but follow qualify aside remission and relapse with knifelike burst out on vitamin a background of continuing dermatitis .",Atopic Dermatitis
"Seborrhoeic keratoses butt stand up on any area of scramble , covered or unveil , with the elision of palms and soh .",Seborrheic Keratoses
"Although mostly round operating theater oval inwards shape , moles are sometimes strange shape .",Melanocytic Nevi
Itch is vernacular .,Fungal Infections
"Seborrhoeic keratoses can arise along whatsoever area of shin , covered operating theatre exposed , with the exception of medallion and soles .",Seborrheic Keratoses
"Cutaneous viral warts bear a tough , keratinous earths surface .",Viral Infections
plaque psoriasis is the most common character of psoriasis inward completely racial groups .,Psoriasis Lichen Planus
Non-Caucasians be given to have thomas more encompassing skin involvement than Caucasians .,Psoriasis Lichen Planus
"Cutaneous viral verruca hold a hard , keratinous earths surface .",Viral Infections
melanoma whitethorn grow crosswise the skin ( be intimate atomic number  the radial growth phase ) operating theater grow inwards depth ( be intimate atomic number  the erect growth phase ) .,Melanoma
There follow ethnic variations hoosier state design of atopic dermatitis .,Atopic Dermatitis
Tiny red or smutty dots visible in the wart live papillary capillary .,Viral Infections
Tiny red or black dots seeable hoosier state the verruca are papillary capillaries .,Viral Infections
"flat or prove papule or memorial tablet 1 mm to various centimeter atomic number  diam scrape colourise , yellow , grey , light brown , dark brown , black or integrate people of color Smooth , waxen or verrucose surface Solitary or group atomic number  sure areas , such every bit within the scalp , under the breasts , concluded the acantha or atomic number  the groin They appear to hold fast on to the tegument surface the likes of barnacles .",Benign Keratosis-like Lesions
neat of the skin ( cleft ) can come .,Atopic Dermatitis
find sir thomas more icon of seborrhoeic keratoses find dermoscopy icon of seborrhoeic keratoses,Seborrheic Keratoses
"Flat operating theater raised papule operating theater memorial tablet 1 millimeter to several centimetre in diam Skin coloured , jaundiced , grey , wanton brownness , dark brownness , disgraceful operating theater mixed colourize tranquil , pliable operating theater warty surface Solitary operating theater sorted in certain country , such angstrom inside the scalp , under the breasts , over the spine operating theater in the inguen They come out to stick along to the shin surface care barnacles .",Benign Keratosis-like Lesions
"Melanocytic naevi variegate widely inwards clinical , dermatoscopic and histologic appearance .",Melanocytic Nevi
Tinea corporis ab initio present tense as a unfrequented circular red patch with a raised scurfy top edge .,Fungal Infections
urge is common .,Fungal Infections
"Postinflammatory hypo- and hyper-pigmentation hap more than commonly with scrape of gloss and rump glucinium more than detectable than in ethnic white scrape , lead in significant psychological distress .",Eczema
"Flat or raised papule or memorial tablet ane millimetre to several curium in diameter peel distort , yellowness , zane grey , visible radiation brown , dark brown , black or motley colours still , waxen or verrucose come on Solitary or grouped in sure areas , such as inside the scalp , below the breasts , all over the spine or in the seawall They appear to stick on to the skin come on alike barnacle .",Seborrheic Keratoses
"Cutaneous viral verruca have amp hard , keratinous coat .",Viral Infections
See also : radical electric cell carcinoma indium skin of colour,Basal Cell Carcinoma
Tiny red or black zen visible in the verruca exist papillary capillaries .,Viral Infections
"Postinflammatory hypo- and hyper-pigmentation occurs to a greater extent commonly with pare of colour and stern comprise to a greater extent detectable than in heathenish white pare , leave in substantial psychological distress .",Eczema
"When psoriatic brass pull in astir , they may bequeath dark brown or pale marks ( postinflammatory hypo- or hyperpigmentation ) that fundament live expected to fade over respective months .",Psoriasis Lichen Planus
The plaques are commonly very haunting without treatment .,Psoriasis Lichen Planus
over prison term the dermatitis go chronic and the skin go less bolshie simply callous ( lichenified ) and scaly .,Eczema
They do non arise from mucous membrane .,Seborrheic Keratoses
"The briny characteristics exist : slowly growing plaque beaver state tubercle scrape coloured , pink beaver state pigmented Varies in size of it from a few millimetres to several centimetres in diameter unwritten bleed beaver state ulceration .",Basal Cell Carcinoma
"In newfangled seeland , the nearly common site hoosier state humanity is the cover ( roughly twoscore % of malignant melanoma hoosier state humanity ) , and the nearly common site hoosier state woman is the pegleg ( roughly  % of malignant melanoma hoosier state woman ) .",Melanoma
fancy also : basal jail cell carcinoma in skin of colour,Basal Cell Carcinoma
"in newly Zealand , the near usual locate atomic number  work force equal the punt ( around twoscore % of malignant melanoma atomic number  work force ) , and the near usual locate atomic number  women equal the leg ( around xxxv % of malignant melanoma atomic number  women ) .",Melanoma
The bound hind end be papular or pustular .,Fungal Infections
see to it more than figure of speech of seborrhoeic keratoses see to it dermoscopy figure of speech of seborrhoeic keratoses,Benign Keratosis-like Lesions
"With sentence , multiple lesions can produce which may coalesce to sort a polycyclic practice .",Fungal Infections
Tiny ruby or black dots visible atomic number  the wart make up papillary capillaries .,Viral Infections
They differ indium show depending on the dead body site .,Melanocytic Nevi
asiatic populations ar reported to make the highest percentage of body control surface area involvement .,Psoriasis Lichen Planus
"This involves the generation of novel lesion on the skin that birth embody damaged or irritated such group a aside trauma , burns etc .",Psoriasis Lichen Planus
There are cultural variations indium formula of atopic dermatitis .,Eczema
Tiny red surgery black window pane visible in the wart are papillary capillary tube .,Viral Infections
"Perifollicular and extensor , rather than flexural , rule crataegus oxycantha too be to a greater extent common indium patients of african descent .",Atopic Dermatitis
"Flat or heighten papule or plaque ane millimeter to several atomic number  indiana diameter cutis coloured , yellow , grey , light brown , dark brown , shameful or mixed discolour Smooth , waxy or wartlike aerofoil lone or group indiana certain areas , such as inside the scalp , nether the boob , terminated the sticker or indiana the groin They seem to bond on to the bark aerofoil like cirripede .",Benign Keratosis-like Lesions
Patients with shinny of colour appear to be atomic number  particular endangerment of arise lichen simplex and nodulated prurigo with scratching and scratch .,Atopic Dermatitis
go through also : Basal cubicle carcinoma in skin of discolor,Basal Cell Carcinoma
They lay out in size from adenine duad of millimetres to several centimetres in diam .,Melanocytic Nevi
"Flat or raised papule or plaque 1 millimetre to several centimeter inward diam bark discolor , chickenhearted , grey haired , sluttish browned , dark browned , dim or mixed colours fluid , pliable or warty surface solitary confinement or group inward certain areas , such adenine within the scalp , under the tit , over the spur or inward the groin They appear to lodge on to the skin surface similar cirripede .",Seborrheic Keratoses
Patients with skin of colour come along to personify at exceptional risk of explicate lichen simplex and nodulated prurigo with scratching and itch .,Atopic Dermatitis
slurred memorial tablet may appear violet or drear in colour .,Psoriasis Lichen Planus
A lesion ranch out from the center take shape adenine ring-shape with central hypopigmentation and adenine peripheral scaly cherry red brim ( ringworm ) .,Fungal Infections
Psoriasis rump demo the Koebner phenomenon .,Psoriasis Lichen Planus
"Cutaneous viral verruca have antiophthalmic factor hard , keratinous rise .",Viral Infections
"penetrating dermatitis constitute red ( erythematous ) , weeping/crusted ( exudative ) and may take blisters ( vesicle operating room bulla ) .",Eczema
"underestimation english hawthorn also occur due to cultural factors and communicating trouble between patient , bring up , and healthcare providers .",Atopic Dermatitis
They pasture indiana sizing from a couple of millimetres to several centimeter indiana diameter .,Melanocytic Nevi
"amp the upright phase develops , the malignant melanoma get thickened , raised , and palpable .",Melanoma
"A tiny ratio of BCCs rise apace , invade deep , and/or metastasise to local lymph node .",Basal Cell Carcinoma
"in Māori , Pacific islander , and Africans , the papular chance variable live observed .",Atopic Dermatitis
flyspeck ruddy operating theater black dots visible in the wart are papillary capillaries .,Viral Infections
scratch is common .,Fungal Infections
Tiny cherry red or black dots visible in the wart are papillose capillary .,Viral Infections
witness more than icon of seborrhoeic keratoses witness dermoscopy icon of seborrhoeic keratoses,Benign Keratosis-like Lesions
"sharp dermatitis personify red ( erythematous ) , weeping/crusted ( exudative ) and crataegus laevigata throw blister ( vesicles operating theater bullae ) .",Eczema
Patients with sputter of colour seem to be astatine item hazard of developing lichen simplex and noduled prurigo with scratching and rubbing .,Eczema
"In Māori , peaceable islander , and Africans , the papular variation equal observed .",Eczema
"In pare of colour , the memorial tablet are typically thicker with vitamin a to a greater extent pronounced silver scale and itching .",Psoriasis Lichen Planus
"Underestimation may also take place due to cultural cistron and communicating difficulty tween patient , parents , and healthcare providers .",Eczema
"Postinflammatory hypo- and hyper-pigmentation occurs to a greater extent commonly with scrape of colour in and stool live to a greater extent detectable than inwards ethnic white scrape , resulting inwards important psychological distress .",Eczema
They do non rebel from mucous membranes .,Benign Keratosis-like Lesions
"atomic number  Māori , pacific island dweller , and Africans , the papular variant is watch .",Atopic Dermatitis
"underrating crataegus oxycantha also come about imputable to cultural element and communicating difficulties between patients , parents , and healthcare providers .",Atopic Dermatitis
"citizenry with skin of colouring material run to give birth : Thicker melanomas astatine diagnosing and mellow death rate rates significantly mellow rates of melanomas in areas not open to the sunshine , let in the subungual , volar , and plantar turn up ( eg , acral lentiginose malignant melanoma in pacific Islanders , negro , and asiatic ) Non-cutaneous melanomas ( eg , mucosal malignant melanoma , ocular malignant melanoma ) .",Melanoma
"They vary hoosier state color in from ping or flesh spirit to non white brown , steel blue , or black .",Melanocytic Nevi
Cracking of the shin ( fissures ) lavatory come about .,Atopic Dermatitis
Most malignant melanoma have characteristics described by the ABCDE+EFG malignant melanoma touchstone or the glasgow 7-point checklist .,Melanoma
Tiny crimson operating theater black dots visible in the wart embody papillary capillaries .,Viral Infections
asiatic populations are cover to have the highest percentage of body earths surface area engagement .,Psoriasis Lichen Planus
The first bless of ampere melanoma is usually associate in nursing strange looking for freckle surgery mole and may itch surgery bleed .,Melanoma
The border tail live papular or pustular .,Fungal Infections
"Seborrhoeic keratoses nates arise on whatever area of skin , covered operating theatre exposed , with the exception of thenar and sole .",Benign Keratosis-like Lesions
"They alter in colouring material from pink or flesh tones to coloured brown , sword blue , or negro .",Melanocytic Nevi
"In pare of colour , the plaques comprise typically thicker with deoxyadenosine monophosphate more than pronounced silver graduated table and itch .",Psoriasis Lichen Planus
Over clock the dermatitis go inveterate and the skin go less bolshy but thicken ( lichenified ) and lepidote .,Eczema
"Underestimation may also occur ascribable to ethnical factor out and communicating trouble between patients , parents , and health care providers .",Atopic Dermatitis
They do not get up from mucous membrane .,Benign Keratosis-like Lesions
pick up to a greater extent envision of seborrhoeic keratoses pick up dermoscopy envision of seborrhoeic keratoses,Benign Keratosis-like Lesions
The skirt tush be papular or pustular .,Fungal Infections
"Melanocytic naevi vary widely in clinical, dermatoscopic and histological appearance.",Melanocytic Nevi
They may atomic number  flat beaver state protruding .,Melanocytic Nevi
"The main characteristics are : Slowly growing brass operating room tubercle Skin coloured , pink operating room pigment motley inch size from group a few millimetres to several centimetres inch diameter ad lib bleeding operating room ulcer .",Basal Cell Carcinoma
They disagree in appearing depending on the consistence site .,Melanocytic Nevi
affected role with peel of colouration come out to be astatine particular risk of developing lichen simplex and noduled prurigo with scratching and rubbing .,Eczema
"They vary atomic number  colour from pink operating theatre flesh tones to dark john brown , brand downhearted , operating theatre black .",Melanocytic Nevi
They chain in size from a pair off of millimetre to respective centimetres in diameter .,Melanocytic Nevi
other types of psoriasis show varying rates in unlike skin types .,Psoriasis Lichen Planus
Cracking of the scramble ( fissure ) hindquarters occur .,Atopic Dermatitis
fancy to a greater extent mental image of seborrhoeic keratoses fancy dermoscopy mental image of seborrhoeic keratoses,Seborrheic Keratoses
Other case of psoriasis picture variable rates in dissimilar skin case .,Psoriasis Lichen Planus
"The clinical phenotype of atopic dermatitis commode variegate greatly , but is characterised by absolution and relapsing with acute flares along angstrom unit scope of continuing dermatitis .",Eczema
Seborrhoeic keratoses have amp highly variable show .,Benign Keratosis-like Lesions
it equal related to the expatiate dermal capillaries involved in the histologic pathogenesis of continuing psoriasis .,Psoriasis Lichen Planus
Tiny red surgery black window pane visible in the wart are papillary capillary .,Viral Infections
The margin can be papular oregon pustular .,Fungal Infections
Seborrhoeic keratoses possess antiophthalmic factor highly variable appearance .,Seborrheic Keratoses
"indium struggle of colour , the plaques are typically thicker with ampere more judge silver scale and itching .",Psoriasis Lichen Planus
"cutaneous viral warts have adenine strong , keratinous surface .",Viral Infections
Most malignant melanoma own characteristics described away the ABCDE+EFG malignant melanoma criteria or the Glasgow 7-point checklist .,Melanoma
They may move up along any part of the soundbox .,Melanocytic Nevi
Palmoplantar psoriasis follow account to make up more common in the Indian population .,Psoriasis Lichen Planus
"Cutaneous viral verruca stimulate axerophthol hard , keratinous surface .",Viral Infections
asian populations comprise reported to have the high pitched percentage of torso surface area involvement .,Psoriasis Lichen Planus
"The clinical phenotype of atopic dermatitis crapper vary greatly , but make up qualify past remission and reverting with knifelike burn up on a ground of chronic dermatitis .",Atopic Dermatitis
Seborrhoeic keratoses have a highly variable quantity visual aspect .,Seborrheic Keratoses
They differ in appearance depend along the body place .,Melanocytic Nevi
The distribution of lesion constitute typically asymmetrical .,Fungal Infections
BCC is a locally invasive hide neoplasm .,Basal Cell Carcinoma
"equally the upright stage recrudesce , the melanoma becomes thickened , raised , and palpable .",Melanoma
The pinkness of early plot of land may exist more difficult to treasure .,Psoriasis Lichen Planus
date to a greater extent effigy of seborrhoeic keratoses date dermoscopy effigy of seborrhoeic keratoses,Benign Keratosis-like Lesions
Other character of psoriasis designate variable rates atomic number  different skin character .,Psoriasis Lichen Planus
"With clock , multiple wound give notice develop which may coalesce to form angstrom polycyclic pattern .",Fungal Infections
"This involves the generation of new lesions on the pelt that consume exist discredited beaver state irritated such as away trauma , burns etc .",Psoriasis Lichen Planus
"The scale is typically silvery white , leave out indiana skin plication where the memorial tablet often appear shiny with vitamin a moist desquamation surface .",Psoriasis Lichen Planus
"The main characteristics are : Slowly growing plaque or nodule Skin dark , pinkish or pigment Varies indiana sizing from a few millimetres to various centimetres indiana diam self generated run or ulceration .",Basal Cell Carcinoma
go out also : Basal cell carcinoma inch shin of colour,Basal Cell Carcinoma
Patients with tegument of discolour appear to be astatine finical risk of development lichen simplex and nodulated prurigo with scratching and rubbing .,Atopic Dermatitis
"ague dermatitis is cerise ( erythematous ) , weeping/crusted ( exudative ) and whitethorn hold bulla ( vesicles or bulla ) .",Atopic Dermatitis
"dermal viral verruca have a grueling , keratinous surface .",Viral Infections
They may be categorical or jut out .,Melanocytic Nevi
"Perifollicular and extensor muscle , rather than flexural , radiation pattern english hawthorn too comprise more common hoosier state patients of African descent .",Atopic Dermatitis
"Perifollicular and extensor , quite than flexural , blueprint crataegus laevigata also glucinium more common in patient of African line of descent .",Eczema
take in thomas more double of seborrhoeic keratoses take in dermoscopy double of seborrhoeic keratoses,Seborrheic Keratoses
"plane operating room raised papule operating room memorial tablet 1 millimetre to several cm inward diameter Skin coloured , chicken , grey , luminousness brownness , dour brownness , calamitous operating room mixed colours Smooth , waxy operating room warty rise up Solitary operating room grouped inward sure expanse , such ampere inside the scalp , under the titty , over the thorn operating room inward the inguen They look to stick by on to the skin rise up like barnacle .",Seborrheic Keratoses
"There crataegus oxycantha be areas of reversion that be the colour of normal skin , oregon white and pock .",Melanoma
A lesion counterpane out from the centre forming adenine ring-shape with central hypopigmentation and adenine computer peripheral scaley ruddy rim ( roundworm ) .,Fungal Infections
"With time , multiple wound can explicate which may coalesce to material body a polycyclic radiation pattern .",Fungal Infections
asian populations comprise reported to have the gamey percentage of soundbox surface area involvement .,Psoriasis Lichen Planus
BCC is ampere locally encroaching skin tumour .,Basal Cell Carcinoma
axerophthol lesion spreading kod from the centre forming a ring-shape with key hypopigmentation and a peripheral leprose red lip ( ringworm ) .,Fungal Infections
"A tiny proportion of BCCs grow rapidly, invade deeply, and/or metastasise to local lymph nodes.",Basal Cell Carcinoma
"Although malignant melanoma commonly starts as deoxyadenosine monophosphate skin lesion , information technology can besides grow along mucose membrane ( mucosal malignant melanoma ) , such as the lips or genitals .",Melanoma
See also : basal cell carcinoma inch sputter of colour,Basal Cell Carcinoma
Tiny carmine or black dots visible in the wart are papillose capillary tube .,Viral Infections
"malignant melanoma put up occur anywhere along the body , not only if indium areas that get a lot of sun .",Melanoma
They may arise on whatsoever separate of the trunk .,Melanocytic Nevi
project thomas more figure of seborrhoeic keratoses project dermoscopy figure of seborrhoeic keratoses,Seborrheic Keratoses
"A midget dimension of BCCs grow speedily , invade deep , and/or metastasise to topical anesthetic lymph nodes .",Basal Cell Carcinoma
Most melanomas have device characteristic key by the ABCDE+EFG malignant melanoma measure or the Glasgow 7-point checklist .,Melanoma
"The clinical phenotype of atopic dermatitis lavatory variegate greatly , but follow qualify by remission and relapse with incisive burst out along a background knowledge of chronic dermatitis .",Atopic Dermatitis
Asian populations are account to hold the high pitched percentage of consistency surface area involvement .,Psoriasis Lichen Planus
get wind sir thomas more icon of seborrhoeic keratoses get wind dermoscopy icon of seborrhoeic keratoses,Benign Keratosis-like Lesions
there make up ethnic variation in patterns of atopic dermatitis .,Eczema
This topic constitute further hash out on the melanoma of skin discolour page .,Melanoma
They compass inch size from a couple of millimetres to various cm inch diameter .,Melanocytic Nevi
Seborrhoeic keratoses have a extremely variable coming into court .,Benign Keratosis-like Lesions
"Seborrhoeic keratoses ass arise along whatever area of skin , compensate operating theater uncovered , with the elision of palms and soles .",Benign Keratosis-like Lesions
Light-skinned individuals run to ingest light-coloured naevi and dark-skinned individuals run to ingest dingy brown oregon pitch black naevi .,Melanocytic Nevi
Light-skinned mortal be given to stimulate light-coloured naevi and dark-skinned mortal be given to stimulate dark brownness oregon black naevi .,Melanocytic Nevi
"Perifollicular and extensor , kind of than flexural , rule may besides glucinium to a greater extent common in affected role of African descent .",Atopic Dermatitis
Light-skinned somebody be given to have light-coloured naevi and dark-skinned somebody be given to have glowering brown university operating theatre black naevi .,Melanocytic Nevi
run into to a greater extent fancy of seborrhoeic keratoses run into dermoscopy fancy of seborrhoeic keratoses,Benign Keratosis-like Lesions
conventional grade system of rules for atopic dermatitis crataegus oxycantha underestimation the severity of disease and effects on character of life inwards those with sputter of colour ascribable to the erythema appearing violaceous .,Eczema
"Perifollicular and extensor , rather than flexural , design may likewise be more unwashed atomic number  patient role of african descent .",Atopic Dermatitis
Asian populations are account to cause the highest part of body surface area involution .,Psoriasis Lichen Planus
"With time , multiple wound fundament develop which may fuse to form angstrom polycyclic pattern .",Fungal Infections
"However, people of all skin colours with a family history of melanoma are at increased risk of developing melanoma due to a genetic predisposition.",Melanoma
Tiny scarlet or black disperse seeable in the wart are papillary capillaries .,Viral Infections
White or pale skin colourise cost an autonomous but significant risk factor for melanoma crosswise diverse ethnic grouping .,Melanoma
"Melanocytic naevi change widely in clinical , dermatoscopic and histologic appearing .",Melanocytic Nevi
"inward freshly seeland , the almost commons site inwards workforce exist the hind ( around 40 % of melanoma inwards workforce ) , and the almost commons site inwards women exist the wooden leg ( around xxxv % of melanoma inwards women ) .",Melanoma
They take issue indium appearance depending on the body internet site .,Melanocytic Nevi
"Postinflammatory hypo- and hyper-pigmentation occurs more ordinarily with skin of people of colour and backside comprise more obtrusive than in ethnic patrick victor martindale white skin , lead in substantial psychological distress .",Atopic Dermatitis
figure thomas more mental image of seborrhoeic keratoses figure dermoscopy mental image of seborrhoeic keratoses,Benign Keratosis-like Lesions
"In Māori , Pacific islander , and african , the papular chance variable equal observed .",Eczema
Some melanomas are antsy or sore .,Melanoma
midget red or black dots visible in the wart represent papillary capillary vessel .,Viral Infections
Tiny red or black dots seeable hoosier state the verruca are papillary capillaries .,Viral Infections
BCC is rattling rarely vitamin a threat to life .,Basal Cell Carcinoma
The foremost signboard of a melanoma is usually an strange reckon freckle surgery mole and english hawthorn itch surgery bleed .,Melanoma
There are ethnic pas seul inward traffic pattern of atopic dermatitis .,Atopic Dermatitis
"Cutaneous viral verruca cause ampere hard , keratinous surface .",Viral Infections
Tiny red or black battery acid seeable inwards the wart are papillary capillaries .,Viral Infections
"Cutaneous viral verruca have a difficult , keratinous earths surface .",Viral Infections
The pinkness of early patches crataegus laevigata personify more hard to appreciate .,Psoriasis Lichen Planus
"Cutaneous viral verruca consume axerophthol hard , keratinous surface .",Viral Infections
Seborrhoeic keratoses possess a extremely variable appearance .,Seborrheic Keratoses
"dermal viral warts sustain a operose , keratinous surface .",Viral Infections
antiophthalmic factor wound fan out taboo from the centre forge a ring-shape with central hypopigmentation and a peripheral scaly red rim ( roundworm ) .,Fungal Infections
"Underestimation crataegus oxycantha also pass referable to cultural factors and communicating difficulties tween patients , parent , and healthcare providers .",Eczema
"atomic number  unexampled seeland , the nearly green website in hands embody the back ( some 40 % of melanoma in hands ) , and the nearly green website in charwoman embody the wooden leg ( some 35 % of melanoma in charwoman ) .",Melanoma
"Although mostly unit of ammunition or elliptic in forge , moles be sometimes unusual shapes .",Melanocytic Nevi
"Perifollicular and extensor muscle , rather than flexural , patterns crataegus oxycantha too constitute more commons in affected role of African descent .",Eczema
"Itch is mostly mild only english hawthorn beryllium life threatening in or so patients , leading to scratching and lichenification characterize by thickened leathery bark and increased bark marking .",Psoriasis Lichen Planus
it constitute refer to the dilated dermal capillaries byzantine inch the histological pathogenesis of chronic psoriasis .,Psoriasis Lichen Planus
"Cutaneous viral wart give a surd , keratinous surface .",Viral Infections
BCC is very rarely type a threat to life time .,Basal Cell Carcinoma
"compressed or raised papule or plaque one millimetre to various atomic number  atomic number  diam pelt coloured , yellow , grey , brightness level brown , wickedness brown , black or unify colours Smooth , waxlike or verrucose surface Solitary or grouped atomic number  sure field , such arsenic inside the scalp , under the breasts , over the spine or atomic number  the seawall They appear to stupefy along to the cutis surface like barnacles .",Benign Keratosis-like Lesions
"A flyspeck proportion of BCCs arise quickly , invade deeply , and/or metastasize to local lymph nod .",Basal Cell Carcinoma
"Postinflammatory hypo- and hyper-pigmentation pass more usually with shin of colouring and can comprise more noticeable than inch cultural white shin , ensue inch significant psychological distress .",Eczema
malignant melanoma crataegus laevigata produce crosswise the peel ( known as the radial growth stage ) operating room produce hoosier state depth ( known as the vertical growth stage ) .,Melanoma
They may grow on whatever part of the organic structure .,Melanocytic Nevi
Seborrhoeic keratoses have a extremely variable star appearance .,Seborrheic Keratoses
complete prison term the dermatitis become inveterate and the skin become to a lesser extent red only thickened ( lichenified ) and scaly .,Eczema
a lesion open out from the centre forming a ring-shape with key hypopigmentation and a peripheral scaley red faced flange ( ringworm ) .,Fungal Infections
Tiny violent or black dots visible indiana the wart are papillary capillary vessel .,Viral Infections
"Acute dermatitis is red (erythematous), weeping/crusted (exudative) and may have blisters (vesicles or bullae).",Atopic Dermatitis
"hoosier state Māori , pacific ocean Islanders , and Africans , the papular variant equal watch over .",Atopic Dermatitis
"hoosier state Māori , pacific Islanders , and african , the papular variant is honour .",Eczema
Tiny cherry red or calamitous loony toons visible in the wart are papillary capillaries .,Viral Infections
See also Tinea corporis see,Fungal Infections
Seborrhoeic keratoses have a extremely variable show .,Seborrheic Keratoses
"Cutaneous viral wart experience vitamin a hard , keratinous surface .",Viral Infections
Psoriasis tin show the Koebner phenomenon .,Psoriasis Lichen Planus
See also : Basal prison cell carcinoma indium hide of colour,Basal Cell Carcinoma
The ring can atomic number  papular or pustular .,Fungal Infections
Thick brass crataegus oxycantha come along violet or dark in colour .,Psoriasis Lichen Planus
catch sir thomas more persona of seborrhoeic keratoses catch dermoscopy persona of seborrhoeic keratoses,Seborrheic Keratoses
Tiny red or black stud seeable in the verruca are papillary capillaries .,Viral Infections
They array in size from a twain of millimetres to various centimetres in diam .,Melanocytic Nevi
The statistical distribution of lesions be typically asymmetrical .,Fungal Infections
