text,label
"So I've got a discolored spot on my arm, with no real pain",Fungal Infections
There's a mole that has been visibly growing and changing over the past few months on my scalp.,Melanoma
"I've had a raised bump on my wrist for a while, with no real pain.",Benign Keratosis-like Lesions
"I have a rough, cauliflower-like bump with tiny black dots on the surface on my armpit. rough-feeling in that spot. it came on gradually. mild irritation.",Viral Infections
"I've been watching a rough, sandpaper-like patch that feels much rougher than it looks on my ears and it came on gradually. mild irritation.",Benign Keratosis-like Lesions
"So I've got dry, red inflamed patches on my neck, with some mild discomfort",Atopic Dermatitis
"A perfectly round, evenly colored brown spot that hasn't changed at all on my chest. it hasn't changed much. occasional mild itching.",Melanocytic Nevi
"It started as a reddish-brown patch that gets worse in hot, humid weather on my neck. Now peeling and flaking. it's been there for a while.",Fungal Infections
"I have a pink growth with a slightly sunken, crater-like center on my leg.",Basal Cell Carcinoma
"I have a rough-surfaced growth on my forearm, and dry and rough to the touch.",Seborrheic Keratoses
"Something doesn't look right on my wrist: a small, round, evenly colored brown spot with fuzzy borders. flaky and thickened.",Melanocytic Nevi
Red to brownish-gray patches on my wrist. has been flaring on and off for months. no significant pain.,Eczema
"I have thickened, leathery patches on my wrists. feels dry and scaly to the touch. it's been there for a while. itching so bad it keeps me awake.",Atopic Dermatitis
"I have a raised, well-defined bump on my shoulder with rough and flaky.",Viral Infections
A growth that bleeds on my face. mild irritation but nothing painful.,Basal Cell Carcinoma
"My skin on my feet has been off. raw, inflamed skin. flaky and rough. itching so bad it keeps me awake.",Eczema
I'm concerned about a raised bump on my fingernail that spread from one foot to the other -- some mild discomfort.,Fungal Infections
My skin on my hands is doing something weird -- a raised bump,Benign Keratosis-like Lesions
"Weird skin irritation triggered by a certain soap or fabric on my forearm, flaky and rough, no clue what it is",Eczema
I have a scaly spot that's tender when I rub it firmly on my leg. flaky and thickened. it came on gradually. mild itching.,Benign Keratosis-like Lesions
"There's an inflamed patch on my face with fuzzy borders, and dry and scaly.",Psoriasis Lichen Planus
"I have mild discomfort when I press on it, along with a flat-topped warty bump that keeps multiplying on my hands with distinct, punched-out looking edges.",Viral Infections
I have a skin lesion on my wrist and honestly hasn't healed in over two months despite repeated scabbing,Basal Cell Carcinoma
"There's a pigmented spot on my wrist, and occasional mild itching.",Melanocytic Nevi
"Got symmetrical red patches on both sides of my body on my chest, rough-feeling in that spot",Atopic Dermatitis
"There's a brown to dark brown raised plaque with a greasy, waxy feel on my chest, feels like it's sitting on top of the skin rather than growing from it, not sure what it is",Seborrheic Keratoses
"A round, well-defined growth, on my hands, dry and scaly.",Seborrheic Keratoses
I've been watching a raised bump near my elbow and it showed up recently. some mild discomfort.,Basal Cell Carcinoma
"There's skin irritation triggered by a certain soap or fabric on my scalp, and constant urge to scratch.",Eczema
"I have red, inflamed areas on my back with fuzzy borders.",Atopic Dermatitis
I have a reddish mark on my arm with irregular edges.,Melanocytic Nevi
"There's a mole with an asymmetrical, uneven shape -- one half doesn't match the other on my back -- feels different from my other moles -- that it's been there for a while.",Melanoma
I've noticed no real pain and there's a scaly area on my scalp. with irregular edges. it's been there for several weeks.,Fungal Infections
I developed a ring-shaped rash with a raised scaly outer border and clearer skin in the middle on my upper back and chest that comes with mild itching.,Fungal Infections
I have a bump that keeps bleeding even after a very minor bump or scrape on my nose.,Basal Cell Carcinoma
I developed a skin lesion on my leg that comes with mild itching.,Psoriasis Lichen Planus
Lately I've had a red patch near my elbow that comes with some mild discomfort.,Basal Cell Carcinoma
I have small circular bald patches on my scalp between my toes with irregular edges.,Fungal Infections
"There's a waxy, scar-like flat patch with an indistinct border near my knee -- dry and rough to the touch -- that it hasn't changed much.",Basal Cell Carcinoma
I'm not sure what small rough bumps covering my upper arms and thighs on my cheeks is -- rough and flaky and occasional mild itching.,Atopic Dermatitis
There's a patch on my back. It looks like a raised bump. dry and scaly. it hasn't changed much.,Fungal Infections
A scaly area on my neck. it came on gradually. mild itching.,Melanoma
"In cold, dry weather, I get itchy red patches on my wrist.",Eczema
Lately I've had a dark brown spot on my forearm that comes with no real pain.,Melanoma
"When I sweat, a soft, dome-shaped mole that's been stable for as long as I can remember on my leg gets worse.",Melanocytic Nevi
"I have no real pain, just occasional bleeding after a minor bump, along with a pink bump with a sunken center near my elbow with fuzzy borders.",Basal Cell Carcinoma
Lately I've had a dark brown spot on my back that comes with no itching or pain at all.,Melanocytic Nevi
No discomfort whatsoever -- a rough patch on my scalp.,Melanocytic Nevi
"Something doesn't look right on my hands: a reddish-brown patch that gets worse in hot, humid weather with a well-defined ring-shaped border. crumbly and brittle on the nail.",Fungal Infections
"The skin on my shoulder shows a rough, sandpaper-like patch, and I've been dealing with mild irritation.",Benign Keratosis-like Lesions
"Something showed up on the back of my hands. It's red, inflamed areas with somewhat defined edges. dry and cracked to the touch. intense itching that wakes me up at night.",Atopic Dermatitis
It started as a growth that looks like it could be lifted off with a fingernail on my back. Now rough-feeling in that spot. it came on gradually.,Seborrheic Keratoses
"A shiny, pearly bump with tiny visible blood vessels running through it near my knee, mild itching.",Basal Cell Carcinoma
"Something showed up on my back. It's a mole with an asymmetrical, uneven shape -- one half doesn't match the other with irregular edges. rough and flaky. no significant pain.",Melanoma
"It started changing after a lot of sun exposure, a strange new sensation I never noticed before and a reddish mark on my shoulder appear.",Melanoma
"So on my leg there's a shiny, pearly bump with tiny visible blood vessels running through it, and mild irritation",Basal Cell Carcinoma
I developed a hereditary skin condition -- my sibling has it too on my forearm that comes with mild irritation.,Atopic Dermatitis
"There's thickened, leathery patches on my face with blurry borders that blend into surrounding skin. rough and thickened from scratching. mild irritation.",Atopic Dermatitis
"I'm noticing a raised, well-defined bump on the back of my knuckles.",Viral Infections
"There's a symmetric mole with a smooth, even border on my wrist with smooth, perfectly regular borders. rough and flaky. no real pain.",Melanocytic Nevi
A red patch showed up on my wrist and has been changing shape and color over the last few months,Melanoma
Plaques appearing exactly where my skin was scratched or injured showed up on my hands and it hasn't changed much,Psoriasis Lichen Planus
"I've been watching a growth that looks like it could be lifted off with a fingernail on my scalp and it hasn't changed much. no pain, just occasional mild itching if clothing rubs it.",Seborrheic Keratoses
"There's an inflamed patch on my feet with fuzzy borders, and flaky and thickened.",Atopic Dermatitis
A spot that's larger than a pencil eraser and keeps getting bigger on my forearm flares when I sweat.,Melanoma
"The skin on my leg shows a smooth, symmetric mole, and I've been dealing with no real pain.",Melanocytic Nevi
"I've noticed mild itching and there's a dry, crusty spot on a sun-damaged area that keeps peeling off and returning near my knee. with fuzzy borders. keeps coming back in the same spot after it peels off.",Benign Keratosis-like Lesions
"A round, well-defined growth on my shoulder. dry and scaly.",Seborrheic Keratoses
"I have a scaly, wart-like bump on my neck, and feels like it's sitting on top of the skin rather than growing from it.",Seborrheic Keratoses
"On my ears: a scaly, reddish-pink patch. it's been there for several weeks.",Benign Keratosis-like Lesions
I have a skin lesion on my chest with irregular edges.,Melanocytic Nevi
My skin on my feet has been off. a flat-topped warty bump that keeps multiplying. rough-feeling in that spot. mild itching.,Viral Infections
A rough patch on my hands flares when my clothes rub against it.,Benign Keratosis-like Lesions
"A rough, sandpaper-like patch that feels much rougher than it looks on my wrist. has been there for months without healing completely. occasional mild itching.",Benign Keratosis-like Lesions
"There's a flat, pink-red scaly patch with a gritty texture on my sun-exposed skin near my knee -- dry and scaly -- and no pain, just a rough texture I can feel.",Benign Keratosis-like Lesions
I'm noticing skin irritation triggered by a certain soap or fabric on my hands.,Eczema
"A rough, sandpaper-like patch on my feet. with fuzzy borders.",Benign Keratosis-like Lesions
Something's going on on my back. It's small rough bumps covering my upper arms and thighs. flaky and thickened. intense itching that wakes me up at night.,Atopic Dermatitis
The skin on my scalp has changed. There's a red patch now. dry and rough to the touch. it's been there for a while.,Benign Keratosis-like Lesions
"There's a pink growth with a slightly sunken, crater-like center on my leg, and occasional mild itching.",Basal Cell Carcinoma
"I've noticed occasional mild itching and there's a perfectly round, evenly colored brown spot that hasn't changed at all on my forearm. with fuzzy borders. stays exactly the same.",Melanocytic Nevi
"I have a raised, well-defined bump on my wrist with dry and scaly.",Viral Infections
"So I've got a flat, reddish, scaly patch near my elbow, with occasional mild itching",Basal Cell Carcinoma
"A rough patch appeared on my shoulder a while ago. with an indistinct, difficult-to-define edge. rough and flaky. it hasn't changed much.",Basal Cell Carcinoma
"There's a dry, crusty spot on a sun-damaged area that keeps peeling off and returning on my hands.",Benign Keratosis-like Lesions
"I'm concerned about thickened, leathery patches on my shoulder that has come and gone since childhood -- constant urge to scratch that never really goes away.",Atopic Dermatitis
"A small rough bump on my hands. with distinct, punched-out looking edges.",Viral Infections
"I have some mild discomfort, and there's scaly red patches on my feet.",Psoriasis Lichen Planus
There's a rough patch between my toes with somewhat defined edges. rough and flaky. occasional mild itching.,Fungal Infections
"Something's going on on my fingers. It's patches with blurry, ill-defined edges that spread gradually. feels crusty and dry. constant urge to scratch.",Eczema
"I noticed a waxy, scar-like flat patch with an indistinct border near my knee, along with no real pain, just occasional bleeding after a minor bump.",Basal Cell Carcinoma
"A cluster of small flesh-colored bumps on my arm, no real pain.",Viral Infections
Should I be worried about patches on the extensor surface -- the outside of my elbows and knees on my face? flaky and thickened. it showed up recently.,Psoriasis Lichen Planus
"I have some mild discomfort, along with a red patch on my shoulder with irregular edges.",Eczema
"I've noticed no significant pain and there's a rough, sandpaper-like patch that feels much rougher than it looks on my arm. with ill-defined, gradual borders. it came on gradually.",Benign Keratosis-like Lesions
"There's a red patch on my scalp, dry and scaly, not sure what it is",Basal Cell Carcinoma
A red patch on my neck. no significant pain.,Seborrheic Keratoses
I developed skin that breaks open and oozes when it flares on my neck that comes with mild itching.,Eczema
"I have no significant pain, along with patches on the extensor surface -- the outside of my elbows and knees on my forearm with very sharply defined, distinct edges.",Psoriasis Lichen Planus
Lately I've had a discolored spot on my cheek that comes with mild itching.,Basal Cell Carcinoma
Something's going on on my shoulder. It's pinpoint bleeding spots when the scale is removed. flaky and thickened. a stinging sensation where the skin cracks at the edges.,Psoriasis Lichen Planus
I have a red patch on my wrists. the skin there is leathery and thick. it's been there for several weeks. some mild discomfort.,Atopic Dermatitis
"A waxy, scar-like area on my forehead. with irregular edges.",Basal Cell Carcinoma
I noticed an inflamed patch on my neck. the skin there is thickened from years of scratching. it came on gradually.,Eczema
I noticed a rash that keeps expanding outward in a ring shape on my toenail. dry and scaly. it showed up recently.,Fungal Infections
"When my clothes rub against it, I get thick silvery-white scales that flake off in sheets on my shins.",Psoriasis Lichen Planus
"When I sweat, intense itching that gets worse at night and red, inflamed areas on my shoulder appear.",Eczema
I have a hereditary skin condition -- my sibling has it too near my elbow.,Atopic Dermatitis
The skin near my knee has changed. There's an inflamed patch now. rough-feeling in that spot. it came on gradually.,Viral Infections
Something's going on on my back. It's a rough patch. waxy and slightly greasy to the touch. no discomfort unless I scratch it.,Seborrheic Keratoses
There's thick red raised plaques on my neck -- rough and flaky -- and a stinging sensation where the skin cracks at the edges.,Psoriasis Lichen Planus
"There's a single-colored mole that looks exactly the same as it did years ago on my hands, and no discomfort whatsoever.",Melanocytic Nevi
"Got scaly, irritated skin on my face and has been a recurring problem since I was young",Atopic Dermatitis
"I noticed a dry patch on my bald scalp, along with some mild discomfort.",Benign Keratosis-like Lesions
Mild itching -- a scaly area on my neck.,Psoriasis Lichen Planus
"A raised, warty growth on my finger. with a rough, uneven surface and irregular edges.",Viral Infections
I've had some mild discomfort for a while now. There's a circular scaly rash on my chest with somewhat defined edges.,Fungal Infections
An inflamed patch showed up on my scalp a while back.,Basal Cell Carcinoma
An inflamed patch showed up near my elbow and keeps spreading into a small cluster,Viral Infections
"I'm not sure what patches with blurry, ill-defined edges that spread gradually on my wrist is -- rough and flaky and occasional mild itching.",Eczema
Something's going on on my scalp. It's a flat-topped warty bump that keeps multiplying. dry and rough to the touch. mild itching.,Viral Infections
"When I sweat, no real pain, but it bleeds a little sometimes and a mole with an asymmetrical, uneven shape -- one half doesn't match the other on my arm appear.",Melanoma
"There's a reddish mark on my hands with a well-defined ring-shaped border, and crumbly and brittle on the nail.",Fungal Infections
Thick silvery-white scales that flake off in sheets on my elbows and knees. no real pain.,Psoriasis Lichen Planus
"There's raw, inflamed skin on my chest with poorly defined borders that fade into normal skin. dry and scaly. no real pain.",Eczema
"Weird a discolored spot on my shoulder, hard and firm to the touch, no clue what it is",Viral Infections
"When the weather changes, mild irritation and a skin lesion on my scalp appear.",Atopic Dermatitis
I'm not sure what patches that ooze clear fluid when I scratch on my chest is -- rough-feeling in that spot and constant urge to scratch.,Eczema
"Got a thick, yellowed, crumbly nail that's lifting off the nail bed near my elbow and it's been there for a while",Fungal Infections
I've noticed small rough bumps covering my upper arms and thighs near my knee lately.,Atopic Dermatitis
"I have some mild discomfort, along with a shiny, pearly bump with tiny visible blood vessels running through it near my elbow with irregular edges.",Basal Cell Carcinoma
On my feet: a raised bump. it's been there for a while.,Atopic Dermatitis
"I have a waxy, 'stuck-on' looking growth that appears pasted onto the skin surface on my forearm with sharp, well-defined, stuck-on looking edges.",Seborrheic Keratoses
"There's a spot with jagged, notched, irregular borders on my feet -- flaky and thickened -- that it came on gradually.",Melanoma
There's a pigmented spot on my shoulder with irregular edges. flaky and thickened. no real pain.,Melanocytic Nevi
Something showed up on my forearm. It's a scaly spot that's tender when I rub it firmly with irregular edges. dry and rough to the touch. occasional mild itching.,Benign Keratosis-like Lesions
Something on my back looks like a cluster of small flesh-colored bumps and it showed up recently,Viral Infections
"I have mild itching, along with a skin lesion on my neck with irregular edges.",Fungal Infections
"I've been watching a spot with jagged, notched, irregular borders on my arm and it hasn't changed much. itching and occasional soreness around it.",Melanoma
"My skin near my knee has been off. a thin, thread-like skin tag growing on my eyelid. rough and irregular. no real pain.",Viral Infections
"I've been watching a dry, crusty spot on a sun-damaged area that keeps peeling off and returning on my ears and it's been there for a while. no real pain.",Benign Keratosis-like Lesions
A dry patch on my forearms flares when the weather changes.,Benign Keratosis-like Lesions
"Should I be worried about a spot with jagged, notched, irregular borders on my back? rough and flaky. has started bleeding and crusting on its own.",Melanoma
"Something showed up on my back. It's a discolored spot with clear, well-demarcated borders. covered in thick silvery scales. a stinging sensation where the skin cracks at the edges.",Psoriasis Lichen Planus
There's a dry patch on my feet -- rough and thickened from scratching -- and no real pain.,Atopic Dermatitis
"I've noticed mild itching and there's a small, round, evenly colored brown spot near my knee. with symmetric, clean borders. it's been there for a while.",Melanocytic Nevi
Tenderness when I press on it -- a scaly spot that's tender when I rub it firmly on my face.,Benign Keratosis-like Lesions
I notice mild itching when the weather changes. There's a scaly area on my forearm.,Benign Keratosis-like Lesions
There's a discolored spot on my chest.,Eczema
"A single-colored mole that looks exactly the same as it did years ago appeared on my stomach a while ago. with symmetric, clean borders. flaky and thickened. it hasn't changed much.",Melanocytic Nevi
An inflamed patch showed up on my chest a while back.,Viral Infections
Something on my leg looks like a scaly area and it showed up recently,Melanoma
"I noticed a flat, pink-red scaly patch with a gritty texture on my sun-exposed skin on my scalp. flaky and thickened. it showed up recently.",Benign Keratosis-like Lesions
"There's a flat, pink-red scaly patch with a gritty texture on my sun-exposed skin on my back, and no significant pain.",Benign Keratosis-like Lesions
"I have a bump that keeps bleeding even after a very minor bump or scrape on my nose, and waxy and scar-like.",Basal Cell Carcinoma
I've had a circular scaly rash near my knee for some time. rough-feeling in that spot. mild itching.,Fungal Infections
"I notice no real pain in cold, dry weather. There's a hereditary skin condition -- my sibling has it too on my back.",Atopic Dermatitis
"When the weather changes, mild irritation and a perfectly round, evenly colored brown spot that hasn't changed at all on my forearm appear.",Melanocytic Nevi
"When my clothes rub against it, no significant pain and a scaly area on my scalp appear.",Melanoma
"So on my leg there's sharply defined plaques with very clear, distinct edges, and mild itching",Psoriasis Lichen Planus
"No triggers -- it's been the same in all seasons, I get a pigmented spot on my stomach.",Melanocytic Nevi
Plaques appearing exactly where my skin was scratched or injured on my neck. it showed up recently. mild itching.,Psoriasis Lichen Planus
"Weird a thick, yellowed, crumbly nail that's lifting off the nail bed on my groin and inner thigh, rough and flaky, no clue what it is",Fungal Infections
"I have mild itching, and there's a discolored spot on my wrist.",Eczema
Patches that ooze and crust on my neck. dry and scaly.,Eczema
The skin on my wrist has changed. There's a rough patch now. rough and flaky. it came on gradually.,Atopic Dermatitis
"I'm worried about a mole with multiple colors -- brown, black, red, and even some pale areas near my knee because it hasn't changed much.",Melanoma
"There's a reddish-brown rash on my shoulder, and no real pain.",Fungal Infections
"I'm concerned about a waxy, 'stuck-on' looking growth that appears pasted onto the skin surface on my wrist that it came on gradually -- some mild discomfort.",Seborrheic Keratoses
"I developed a small, dry, crusty spot on my feet that comes with mild irritation.",Benign Keratosis-like Lesions
It started as a raised bump on my cheek. Now dry and scaly. it showed up recently.,Basal Cell Carcinoma
I'm worried about small rough bumps covering my upper arms and thighs on my feet because it's been there for several weeks.,Atopic Dermatitis
"I have a plantar wart on my heel that hurts when I walk on my scalp, and hard and firm to the touch.",Viral Infections
"I have a reddish-brown patch that gets worse in hot, humid weather on my face with rough-feeling in that spot.",Fungal Infections
There's skin that breaks open and oozes when it flares on my face.,Eczema
There's a hereditary skin condition -- my sibling has it too on my cheeks -- feels dry and scaly to the touch -- and constant urge to scratch that never really goes away.,Atopic Dermatitis
"After I cut myself shaving near the area, a hard lump with visible black specks that look like seeds on my shoulder gets worse.",Viral Infections
"There's a small, dry, crusty spot on my lower lip.",Benign Keratosis-like Lesions
Something doesn't look right on my face: a tan to dark brown growth that looks thicker and greasier than a normal mole with irregular edges. rough and flaky.,Seborrheic Keratoses
I'm worried about a dry patch on my finger because has stayed about the same size for weeks.,Viral Infections
"There's skin prone to frequent infections from all the scratching on my shoulder, and itching so bad it keeps me awake.",Atopic Dermatitis
Something's going on on my scalp. It's a growth that looks like it could be lifted off with a fingernail. rough and flaky. no significant pain.,Seborrheic Keratoses
I've had thick silvery-white scales that flake off in sheets on my arms for some time. flaky and rough. occasional mild soreness.,Psoriasis Lichen Planus
Small fluid-filled bumps on my forearm. with irregular edges.,Eczema
"I've had mild irritation for a while now. There's a spot with jagged, notched, irregular borders on my shoulder with irregular, notched, uneven borders.",Melanoma
"When I use scented products, a dry patch near my knee gets worse.",Atopic Dermatitis
"A scaly area on my back, mild itching, been there ages",Benign Keratosis-like Lesions
Patches on the extensor surface -- the outside of my elbows and knees on my neck flares after a skin injury or scratch.,Psoriasis Lichen Planus
I notice mild irritation when the weather changes. There's a reddish mark on my face.,Benign Keratosis-like Lesions
"When I sweat, itching and occasional soreness around it and a rough patch on my back appear.",Melanoma
A rash that keeps expanding outward in a ring shape showed up near my knee a while back.,Fungal Infections
A slightly raised rough patch that bleeds lightly when I scratch it on my forearm. occasional itching.,Benign Keratosis-like Lesions
"A raised, well-defined bump appeared on my trunk a while ago. with a clearly defined, elevated border. waxy and slightly greasy to the touch. it hasn't changed much.",Seborrheic Keratoses
A mole that has been visibly growing and changing over the past few months near my knee. mild itching.,Melanoma
"Raw, inflamed skin on my face, mild itching, been there ages",Eczema
Something showed up on my back. It's a red patch with irregular edges. rough-feeling in that spot. occasional mild itching.,Fungal Infections
There's a mole that has been visibly growing and changing over the past few months on my wrist with irregular edges. rough-feeling in that spot. some mild discomfort.,Melanoma
Should I be worried about a red patch on the back of my knuckles? rough-feeling in that spot. it hasn't changed much.,Viral Infections
"I've had a shiny, pearly bump with tiny visible blood vessels running through it on my cheek for a while, with no significant pain.",Basal Cell Carcinoma
Pinpoint bleeding spots when the scale is removed on my scalp. itching that can get severe.,Psoriasis Lichen Planus
"I have some mild discomfort, along with a red patch on my arm with a rolled, slightly raised outer edge.",Basal Cell Carcinoma
"There's a discolored spot on my hands with fuzzy borders, and flaky and thickened.",Melanoma
"There's a rough-surfaced growth on my wrist, dry and rough to the touch, not sure what it is",Seborrheic Keratoses
On my shoulder: a skin lesion. grew slowly over several months.,Viral Infections
"There's a small, round, evenly colored brown spot on my back with irregular edges, and rough and flaky.",Melanocytic Nevi
"I'm worried about a pink growth with a slightly sunken, crater-like center on my chest because the scab keeps falling off and the raw area underneath comes back.",Basal Cell Carcinoma
"Should I be worried about a hard, rough-surfaced growth on my wrist? smooth with a central dimple. it showed up recently.",Viral Infections
"Blistering skin that bursts and leaves raw, wet patches on my face, severe itching I can barely control.",Eczema
I've noticed a red patch near my knee lately.,Seborrheic Keratoses
"I have a pink growth with a slightly sunken, crater-like center on my scalp with a rolled, slightly raised outer edge.",Basal Cell Carcinoma
A red patch showed up near my elbow a while back.,Seborrheic Keratoses
It started as a skin lesion on my forearms. Now rough-feeling in that spot. the crust falls off and then regrows.,Benign Keratosis-like Lesions
It started as a dry patch on my back. Now flaky and thickened. it showed up recently.,Benign Keratosis-like Lesions
I'm worried about a cluster of small flesh-colored bumps on my shoulder because it's been there for several weeks.,Viral Infections
I'm noticing small rough bumps covering my upper arms and thighs on my hands.,Atopic Dermatitis
"I have a rough, sandpaper-like patch that feels much rougher than it looks near my elbow. rough and flaky. has been there for months without healing completely. tenderness when I press on it.",Benign Keratosis-like Lesions
"There's a waxy, stuck-on looking growth on my feet with irregular edges. dry and scaly. mild itching.",Seborrheic Keratoses
"A thick, yellowed, crumbly nail that's lifting off the nail bed on my torso, mild itching.",Fungal Infections
"So on my nose there's a raised bump, and no discomfort, it just won't go away",Basal Cell Carcinoma
My skin on my wrists is doing something weird -- bumps with a fine white lacy pattern on the surface,Psoriasis Lichen Planus
A reddish mark on my face. with irregular edges.,Fungal Infections
"I have a scaly area on my wrist, and dry and rough to the touch.",Atopic Dermatitis
"After I cut myself shaving near the area, a hard lump with visible black specks that look like seeds on my wrist gets worse.",Viral Infections
"A raised, well-defined bump on my neck, mild itching, been there ages",Viral Infections
"When my clothes rub against it, mild itching and itchy red patches on my wrist appear.",Eczema
Should I be worried about a slightly raised rough patch that bleeds lightly when I scratch it on my bald scalp? dry and scaly. it's been there for several weeks.,Benign Keratosis-like Lesions
"Tenderness when I press on it -- a rough, sandpaper-like patch on my back.",Benign Keratosis-like Lesions
"I'm noticing a mole with an asymmetrical, uneven shape -- one half doesn't match the other on my hands.",Melanoma
"Got a thin, thread-like skin tag growing on my eyelid on my feet and it's been there for a while",Viral Infections
"I noticed a reddish mark on my chest, along with itching that can get severe.",Psoriasis Lichen Planus
I've been watching patches on the extensor surface -- the outside of my elbows and knees on my hands and it's been there for several weeks. mild irritation.,Psoriasis Lichen Planus
"I noticed a flat, pink-red scaly patch with a gritty texture on my sun-exposed skin on my neck, along with some mild discomfort.",Benign Keratosis-like Lesions
There's a plantar wart on my heel that hurts when I walk on the back of my knuckles.,Viral Infections
A plantar wart on my heel that hurts when I walk on my arm. it came on gradually. mild irritation.,Viral Infections
"A mole with multiple colors -- brown, black, red, and even some pale areas on my forearm. no significant pain.",Melanoma
My skin on my neck has been off. a skin lesion. dry and rough to the touch. mild itching.,Melanoma
I've had patches on the extensor surface -- the outside of my elbows and knees inside my mouth for some time. dry and rough to the touch. a stinging sensation where the skin cracks at the edges.,Psoriasis Lichen Planus
It started as red to brownish-gray patches on my wrist. Now rough and flaky. it hasn't changed much.,Eczema
"When my clothes rub against it, I get a bump that keeps bleeding even after a very minor bump or scrape on my feet.",Basal Cell Carcinoma
Something's going on on my arm. It's a red patch. rough and flaky. occasional mild itching.,Melanoma
"I have no real pain, along with an inflamed patch on my scalp with somewhat defined edges.",Psoriasis Lichen Planus
Got a discolored spot on my wrists and it's been there for a while,Psoriasis Lichen Planus
"Got a scaly, reddish-pink patch near my knee and it showed up recently",Benign Keratosis-like Lesions
I noticed a rough patch on the back of my knuckles. rough-feeling in that spot. it came on gradually.,Viral Infections
I've had a red patch on my forearm that it showed up recently.,Viral Infections
The skin near my knee has changed. There's a skin lesion now. the skin there is leathery and thick. it showed up recently.,Atopic Dermatitis
"I have thickened, leathery patches on my hands with indistinct, gradually fading edges.",Atopic Dermatitis
I'm noticing a rough patch on my hands.,Benign Keratosis-like Lesions
"There's a skin lesion on my arm with somewhat defined edges, and rough and flaky.",Viral Infections
I've noticed bumps with a fine white lacy pattern on the surface on my scalp lately.,Psoriasis Lichen Planus
There's skin prone to frequent infections from all the scratching on my wrists with irregular edges. dry and scaly. some mild discomfort.,Atopic Dermatitis
A rough patch on my leg. dry and scaly.,Fungal Infections
"The skin on my shoulder shows scaly red patches, and I've been dealing with occasional mild itching.",Psoriasis Lichen Planus
"I noticed sharply defined plaques with very clear, distinct edges on my neck. flaky and thickened. it's been there for a while.",Psoriasis Lichen Planus
There's a cluster of small flesh-colored bumps on my hands -- dry and scaly -- and no significant pain.,Viral Infections
I have a dark brown spot on my wrist. rough-feeling in that spot. it came on gradually. no significant pain.,Melanocytic Nevi
"When I sweat, I get sharply defined, scaly plaques on my lower back.",Psoriasis Lichen Planus
My skin on my back is doing something weird -- a skin lesion,Benign Keratosis-like Lesions
"I have no discomfort whatsoever, and there's a perfectly round, evenly colored brown spot that hasn't changed at all on my shoulder.",Melanocytic Nevi
"I have a flat, tan-colored mark on my face, and rough and flaky.",Melanocytic Nevi
"So on my forearm there's an itch that triggers before any visible rash appears, and no significant pain",Atopic Dermatitis
There's a reddish mark near my elbow -- slightly raised and uneven -- and some mild discomfort.,Melanoma
I've had thick red raised plaques on my feet for some time. rough and flaky. mild irritation.,Psoriasis Lichen Planus
"I have a waxy, 'stuck-on' looking growth that appears pasted onto the skin surface on my chest, and flaky and thickened.",Seborrheic Keratoses
"There's red, inflamed areas on the folds of my elbows and knees with poorly defined edges. dry and rough to the touch. some mild discomfort.",Atopic Dermatitis
I've got a dry patch near my elbow.,Seborrheic Keratoses
"My skin on my back has been off. a flat, pink-red scaly patch with a gritty texture on my sun-exposed skin. dry and scaly. mild irritation.",Benign Keratosis-like Lesions
"I have no real pain, along with thick red raised plaques on my chest with precise, punched-out looking borders.",Psoriasis Lichen Planus
"Dry, scaly skin on my chest. with clear, well-demarcated borders.",Psoriasis Lichen Planus
"I noticed a scaly, wart-like bump on my neck, along with no significant pain.",Seborrheic Keratoses
The skin on my wrist has changed. There's a scaly area now. dry and rough to the touch. it's been there for several weeks.,Fungal Infections
Got a raised bump on my chest and it came on gradually,Melanoma
"When the weather changes, mild irritation and a dry, crusty spot on a sun-damaged area that keeps peeling off and returning on my chest appear.",Benign Keratosis-like Lesions
"There's a patch near my knee. It looks like athlete's foot causing cracked, peeling, white skin between my toes. rough and flaky. it came on gradually.",Fungal Infections
I'm noticing a rough patch on my back.,Seborrheic Keratoses
I've noticed a skin lesion on my leg lately.,Melanocytic Nevi
I've had mild itching for a while now. There's a raised bump near my elbow with fuzzy borders.,Melanocytic Nevi
"Got a flat, pink-red scaly patch with a gritty texture on my sun-exposed skin on my leg, dry and scaly",Benign Keratosis-like Lesions
"Raw, weeping patches that crust over as they heal on my wrist. with no sharp edge, just gradually redder skin.",Eczema
"Something's going on on my arm. It's a mole with an asymmetrical, uneven shape -- one half doesn't match the other. flaky and thickened. no real pain, but it bleeds a little sometimes.",Melanoma
"A small, round, evenly colored brown spot appeared on my shoulder a while ago. with irregular edges. smooth and flat against my skin. has been there since I was a kid and never changed.",Melanocytic Nevi
I've had a discolored spot on my forearm that it hasn't changed much.,Basal Cell Carcinoma
A hard lump with visible black specks that look like seeds on my shoulder. mild irritation.,Viral Infections
"A warty, barnacle-like bump with a rough, pitted surface on my face. it hasn't changed much. occasional mild itching.",Seborrheic Keratoses
"Athlete's foot causing cracked, peeling, white skin between my toes appeared near my knee a while ago. with a clearly raised, scaly outer edge. crumbly and brittle on the nail. spread from one foot to the other.",Fungal Infections
"There's a mole that started bleeding on its own without any injury on my back, and occasional mild itching.",Melanoma
"There's a reddish mark on my forearm with sharp, well-defined, stuck-on looking edges. rough and flaky. no pain, just occasional mild itching if clothing rubs it.",Seborrheic Keratoses
"I have occasional mild itching, and there's a waxy, scar-like flat patch with an indistinct border on my leg.",Basal Cell Carcinoma
"Got a dark spot that's been changing on my face, slightly raised and uneven",Melanoma
"I have cracked, dry skin that stings on my scalp.",Eczema
There's scaly red patches on my scalp -- covered in thick silvery scales -- that it hasn't changed much.,Psoriasis Lichen Planus
The skin on my wrist has changed. There's a dark spot that's been changing now. partly flat and partly raised within the same spot. it showed up recently.,Melanoma
"There's cracked, peeling skin on my groin and inner thigh with somewhat defined edges. dry and scaly. mild irritation.",Fungal Infections
"So on my eyelids there's a red patch, and no significant pain",Eczema
"So I've got a skin lesion on my shoulder, with occasional mild itching",Basal Cell Carcinoma
"So on my wrist there's a skin lesion, and no significant pain",Atopic Dermatitis
"I have a scaly, wart-like bump on my chest.",Seborrheic Keratoses
"There's a small, dry, crusty spot on my ears with irregular edges, and rough and flaky.",Benign Keratosis-like Lesions
I've got a dry patch on my neck.,Fungal Infections
I've had mild discomfort when I press on it for a while now. There's an inflamed patch on the back of my knuckles with a clearly defined circular border.,Viral Infections
Something showed up on my back. It's a ring-shaped rash with a raised scaly outer border and clearer skin in the middle with a distinct circular outer rim. dry and rough to the touch. intense itching and burning.,Fungal Infections
The skin around my eyes has changed. There's a cluster of small flesh-colored bumps now. smooth with a central dimple. it came on gradually.,Viral Infections
"A raised bump on my face, no real pain.",Atopic Dermatitis
It started as a raised bump on my face. Now dry and scaly. it's been there for a while.,Benign Keratosis-like Lesions
"There's a discolored spot on my hands, and mild irritation.",Eczema
"I noticed a flat, tan-colored mark on my shoulder, along with some mild discomfort.",Melanocytic Nevi
"I have some mild discomfort, along with red patches with silvery-white scales near my elbow with somewhat defined edges.",Psoriasis Lichen Planus
My skin on my groin and inner thigh is doing something weird -- a discolored spot,Fungal Infections
A dry patch on my leg. with somewhat defined edges.,Melanocytic Nevi
I'm not sure what a scaly area on my hands is -- flaky and rough and occasional mild soreness.,Psoriasis Lichen Planus
"A skin lesion on my feet, no real pain.",Melanoma
A reddish mark showed up on my chest a while back.,Psoriasis Lichen Planus
"There's a small, shiny, pearly bump near my knee -- smooth and shiny on the surface -- and mild itching.",Basal Cell Carcinoma
I notice mild irritation when my clothes rub against it. There's a single-colored mole that looks exactly the same as it did years ago near my elbow.,Melanocytic Nevi
I have a rough patch on my hands and honestly it's been there for a while,Viral Infections
"So on the back of my hands there's patches with blurry, ill-defined edges that spread gradually, and no significant pain",Eczema
"Lately I've had red, inflamed areas on my back that comes with occasional mild itching.",Eczema
"Weird skin irritation triggered by a certain soap or fabric on my forearm, rough and leathery feeling, no clue what it is",Eczema
I have a pigmented spot on my back. partly flat and partly raised within the same spot. it came on gradually. no significant pain.,Melanoma
I've had occasional mild itching for a while now. There's a scaly area on my back with somewhat defined edges.,Melanoma
I've got a skin lesion on my leg -- rough and flaky -- and no significant pain,Melanoma
A dark brown spot on my neck. rough and flaky.,Melanoma
"I'm worried about a waxy, scar-like area on my scalp because the scab keeps falling off and the raw area underneath comes back.",Basal Cell Carcinoma
"A rough, cauliflower-like bump with tiny black dots on the surface on my chest. with fuzzy borders.",Viral Infections
There's a patch on my ear. It looks like a pink bump with a sunken center. flaky and thickened. it's been there for several weeks.,Basal Cell Carcinoma
"I have mild irritation, and there's a scaly area on my face.",Atopic Dermatitis
I'm concerned about itchy red patches on my wrist that it showed up recently -- mild irritation.,Eczema
An inflamed patch on my back flares when the weather changes.,Melanocytic Nevi
"I've had no significant pain for a while now. There's a discolored spot on my neck with distinct, punched-out looking edges.",Viral Infections
On my hands: a red patch. it's been there for a while.,Eczema
"I noticed a thick, yellowed, crumbly nail that's lifting off the nail bed between my toes. rough-feeling in that spot. it showed up recently.",Fungal Infections
"Something on my groin and inner thigh looks like red, ring-shaped scaly patches and it's been there for several weeks",Fungal Infections
"Got sharply defined plaques with very clear, distinct edges on my feet and has lasted for months without going away",Psoriasis Lichen Planus
My skin on my wrist has been off. thick silvery-white scales that flake off in sheets. covered in thick silvery scales. no significant pain.,Psoriasis Lichen Planus
I've been watching a scaly area on my scalp and it's been there for several weeks. no discomfort unless I scratch it.,Seborrheic Keratoses
I have a single-colored mole that looks exactly the same as it did years ago near my knee with flaky and thickened.,Melanocytic Nevi
"There's a rough-surfaced growth on my arm with somewhat defined edges, and feels tender when pressed.",Benign Keratosis-like Lesions
"A red patch on my forearm, mild irritation.",Seborrheic Keratoses
I'm noticing thick red raised plaques on my lower back.,Psoriasis Lichen Planus
A discolored spot showed up on my neck and it's been there for a while,Eczema
I've had an inflamed patch on my leg for some time. flaky and thickened. no real pain.,Eczema
"I've had a red patch on my feet for a while, with mild irritation.",Eczema
"So I've got a perfectly round, evenly colored brown spot that hasn't changed at all on my back, with mild irritation",Melanocytic Nevi
I've had mild itching for a while now. There's an inflamed patch on my face with irregular edges.,Seborrheic Keratoses
"A rough, cauliflower-like bump with tiny black dots on the surface on my back. rough and flaky.",Viral Infections
I'm noticing plaques appearing exactly where my skin was scratched or injured on my hands.,Psoriasis Lichen Planus
"There's skin that breaks open and oozes when it flares on my neck, and mild itching.",Eczema
"Red, inflamed areas, on my face, dry and cracked to the touch.",Atopic Dermatitis
"So I've got a rough patch on my elbows and knees, with mild irritation",Psoriasis Lichen Planus
"When my clothes rub against it, a pigmented spot on my face gets worse.",Melanocytic Nevi
I've got an inflamed patch near my knee.,Eczema
"So on my scalp there's a spot with jagged, notched, irregular borders, and some mild discomfort",Melanoma
Plaques appearing exactly where my skin was scratched or injured showed up on my hands and it came on gradually,Psoriasis Lichen Planus
I notice mild irritation when it catches on something when my clothes rub against it. There's a raised bump on my feet.,Seborrheic Keratoses
There's a patch on my arm. It looks like skin that leaks clear fluid after scratching. dry and cracked to the touch. it's been there for several weeks.,Atopic Dermatitis
"The skin near my knee shows a mole with an uneven, asymmetrical shape, and I've been dealing with itching and occasional soreness around it.",Melanoma
"Weird skin prone to frequent infections from all the scratching on the folds of my elbows and knees, dry and rough to the touch, no clue what it is",Atopic Dermatitis
"Mild irritation -- a brown to dark brown raised plaque with a greasy, waxy feel on my scalp.",Seborrheic Keratoses
"A rough, cauliflower-like bump with tiny black dots on the surface near my knee. it showed up recently. mild irritation.",Viral Infections
"I notice mild irritation when it catches on something no particular trigger, it just appeared gradually. There's a waxy, 'stuck-on' looking growth that appears pasted onto the skin surface on my chest.",Seborrheic Keratoses
I've got a scaly area near my knee.,Seborrheic Keratoses
My skin on my eyelids is doing something weird -- itchy red patches,Eczema
I have a growth that looks like it could be lifted off with a fingernail on my arm. flaky and thickened. it's been there for several weeks. mild irritation.,Seborrheic Keratoses
"A mole that started bleeding on its own without any injury near my knee, a strange new sensation I never noticed before.",Melanoma
I've had a dry patch on my forearm that has been changing shape and color over the last few months.,Melanoma
A discolored spot on my leg. it showed up recently. mild itching.,Psoriasis Lichen Planus
I've had a reddish mark on the back of my hands for some time. flaky and thickened. mild irritation.,Benign Keratosis-like Lesions
"A rough, sandpaper-like patch showed up on the back of my hands and it came on gradually",Benign Keratosis-like Lesions
There's a reddish mark on my feet.,Fungal Infections
Something showed up on my neck. It's a discolored spot with fuzzy borders. rough and flaky. no significant pain.,Basal Cell Carcinoma
"The cluster grew after I picked at it, a flat-topped warty bump that keeps multiplying on my scalp gets worse.",Viral Infections
"There's plaques appearing exactly where my skin was scratched or injured on my scalp, and occasional mild itching.",Psoriasis Lichen Planus
No real pain -- a rough patch on my forearm.,Eczema
"Something doesn't look right on my chest: raw, weeping patches that crust over as they heal with blurry, ill-defined edges. rough-feeling in that spot.",Eczema
"When my clothes rub against it, I get pinpoint bleeding spots when the scale is removed on my feet.",Psoriasis Lichen Planus
"It started as a soft, dome-shaped mole that's been stable for as long as I can remember on my back. Now dry and rough to the touch. it's been there for several weeks.",Melanocytic Nevi
"My skin on my armpit has been off. a hard, rough-surfaced growth. hard and firm to the touch. no pain at all, just an odd texture.",Viral Infections
I've had no real pain for a while now. There's an inflamed patch on my arm with fuzzy borders.,Melanoma
"I have a rough, cauliflower-like bump with tiny black dots on the surface on my forearm and honestly it hasn't changed much",Viral Infections
"So on my fingers there's skin that breaks open and oozes when it flares, and mild irritation",Eczema
"I've been watching a raised, well-defined bump near my elbow and has been slowly growing thicker over several years. mild irritation.",Seborrheic Keratoses
I'm noticing symmetrical red patches on both sides of my body on my leg.,Atopic Dermatitis
My skin around my eyes is doing something weird -- a cluster of small flesh-colored bumps,Viral Infections
"I've had a smooth, symmetric mole on my wrist for some time. flaky and thickened. no discomfort whatsoever.",Melanocytic Nevi
A scaly area near my elbow. itching that can get severe.,Psoriasis Lichen Planus
I've had mild irritation for a while now. There's a mole with several colors mixed in on my wrist with fuzzy borders.,Melanoma
"When I sweat, I get a reddish-brown patch that gets worse in hot, humid weather on my torso.",Fungal Infections
"When I sweat during exercise, some mild discomfort and an itch that triggers before any visible rash appears on my arm appear.",Atopic Dermatitis
"I have raw, weeping patches that crust over as they heal on my chest, and dry and scaly.",Eczema
A rough patch on my feet flares when I'm stressed.,Atopic Dermatitis
"A flat, slightly rough patch darker than the surrounding skin appeared on my forearm a while ago. with irregular edges. rough and flaky. it came on gradually.",Benign Keratosis-like Lesions
I notice no significant pain when I sweat during exercise. There's a skin lesion on my neck.,Atopic Dermatitis
"A shiny, pearly bump with tiny visible blood vessels running through it on my neck. mild irritation.",Basal Cell Carcinoma
A raised bump on my feet. mild itching.,Melanocytic Nevi
"So on my stomach there's a smooth, symmetric mole, and mild itching",Melanocytic Nevi
"Got a mole that has been visibly growing and changing over the past few months on my feet, dry and rough to the touch",Melanoma
"I'm noticing a thin, thread-like skin tag growing on my eyelid on my chest.",Viral Infections
"An inflamed patch around my eyes, mild itching, been there ages",Atopic Dermatitis
"I've noticed occasional mild itching and there's sharply defined, scaly plaques on my chest. with irregular edges. it showed up recently.",Psoriasis Lichen Planus
"I've had a dry patch on my arm for a while, with some mild discomfort.",Seborrheic Keratoses
Something doesn't look right near my elbow: a slightly raised rough patch that bleeds lightly when I scratch it with somewhat defined edges. flaky and thickened.,Benign Keratosis-like Lesions
I've had occasional mild itching for a while now. There's a hard lump with visible black specks that look like seeds on my scalp with irregular edges.,Viral Infections
"When my clothes rub against it, occasional mild itching and a scaly, wart-like bump on my forearm appear.",Seborrheic Keratoses
"I'm worried about a smooth, symmetric mole near my knee because has been there since I was a kid and never changed.",Melanocytic Nevi
"The skin near my knee shows thick red raised plaques, and I've been dealing with a stinging sensation where the skin cracks at the edges.",Psoriasis Lichen Planus
"A flat, pink-red scaly patch with a gritty texture on my sun-exposed skin appeared on my wrist a while ago. with somewhat defined edges. feels dry and crusty when I run my finger over it. keeps coming back in the same spot after it peels off.",Benign Keratosis-like Lesions
"Something showed up on my wrist. It's a pink bump with a sunken center with an indistinct, difficult-to-define edge. waxy and scar-like. no discomfort, it just won't go away.",Basal Cell Carcinoma
On my leg: a raised bump. it showed up recently.,Atopic Dermatitis
"The skin on my forearm has changed. There's cracked, peeling skin now. crumbly and brittle on the nail. it hasn't changed much.",Fungal Infections
"Got cracked, peeling skin on my scalp and it showed up recently",Fungal Infections
I'm concerned about a single-colored mole that looks exactly the same as it did years ago on my face that it's been there for several weeks -- no significant pain.,Melanocytic Nevi
"So on the sole of my foot there's an inflamed patch, and no significant pain",Viral Infections
"Something showed up on my chest. It's a spot with irregular, notched borders with irregular edges. partly flat and partly raised within the same spot. no real pain.",Melanoma
"No triggers -- it's been the same in all seasons, a dry patch near my elbow gets worse.",Melanocytic Nevi
"I noticed a red patch on my chest, along with painful when I put weight on it.",Viral Infections
I have a mole with several colors mixed in on my wrist with irregular edges.,Melanoma
"I've had a thick, yellowed, crumbly nail that's lifting off the nail bed on my fingernail that it hasn't changed much.",Fungal Infections
"There's a slightly raised rough patch that bleeds lightly when I scratch it near my elbow with fuzzy borders, and rough-feeling in that spot.",Benign Keratosis-like Lesions
There's an inflamed patch on my feet -- dry and rough to the touch -- that spread from one foot to the other.,Fungal Infections
There's patches that ooze and crust near my knee.,Eczema
"It started changing after a lot of sun exposure, I get a mole that started bleeding on its own without any injury near my elbow.",Melanoma
"My skin on my lower back is doing something weird -- sharply defined plaques with very clear, distinct edges",Psoriasis Lichen Planus
A scaly area on my neck. it's been there for a while. mild irritation.,Fungal Infections
I've been watching small flat-topped shiny purplish bumps on my scalp and it hasn't changed much. no significant pain.,Psoriasis Lichen Planus
"Lately I've had a raised, warty growth on my leg that comes with occasional mild itching.",Viral Infections
My skin on my toenail is doing something weird -- small circular bald patches on my scalp,Fungal Infections
"A mole with an asymmetrical, uneven shape -- one half doesn't match the other on my back, mild itching.",Melanoma
"There's skin that breaks open and oozes when it flares on my wrists, and some mild discomfort.",Eczema
"My skin on my hands has been off. a pink bump with a sunken center. smooth and shiny on the surface. no discomfort, it just won't go away.",Basal Cell Carcinoma
"I have a mole with multiple colors -- brown, black, red, and even some pale areas on my chest. dry and scaly. it showed up recently. occasional mild itching.",Melanoma
A bump that keeps bleeding even after a very minor bump or scrape on my back flares it started on an area that gets a lot of sun.,Basal Cell Carcinoma
"No significant pain -- raw, weeping patches that crust over as they heal on the inside of my elbows.",Eczema
I'm noticing plaques appearing exactly where my skin was scratched or injured on my shoulder.,Psoriasis Lichen Planus
"Something on my hands looks like a mole with an asymmetrical, uneven shape -- one half doesn't match the other and started as a small mole and has grown noticeably bigger",Melanoma
I have a growth that looks like it could be lifted off with a fingernail on my wrist and honestly grew alongside several similar spots in the same area,Seborrheic Keratoses
"I have sharply defined, scaly plaques on my arm. flaky and thickened. has lasted for months without going away. itchy and irritated.",Psoriasis Lichen Planus
Something's going on on my scalp. It's a brown to dark brown raised patch. rough and flaky. mild irritation when it catches on something.,Seborrheic Keratoses
"I've noticed no real pain and there's a pink growth with a slightly sunken, crater-like center on my feet. with a rolled, slightly raised outer edge. the scab keeps falling off and the raw area underneath comes back.",Basal Cell Carcinoma
"A waxy, 'stuck-on' looking growth that appears pasted onto the skin surface, on my neck, rough-feeling in that spot.",Seborrheic Keratoses
A rash that keeps expanding outward in a ring shape on my groin and inner thigh. soft and macerated where skin touches skin.,Fungal Infections
"When I sweat, mild irritation and a mole with an uneven, asymmetrical shape on my leg appear.",Melanoma
"There's a dry, crusty spot on a sun-damaged area that keeps peeling off and returning near my elbow with somewhat defined edges. flaky and thickened. some mild discomfort.",Benign Keratosis-like Lesions
"When my clothes rub against it, a scaly area on my back gets worse.",Melanocytic Nevi
A plantar wart on my heel that hurts when I walk on the back of my knuckles. rough and flaky.,Viral Infections
"I have a spot with jagged, notched, irregular borders on my scalp.",Melanoma
I've noticed a scaly area near my knee lately.,Seborrheic Keratoses
I developed a pigmented spot on my face that comes with no significant pain.,Melanoma
A scaly area on my scalp. it showed up recently. mild itching.,Viral Infections
"There's a rough patch on my arm with an indistinct, difficult-to-define edge, and dry and rough to the touch.",Basal Cell Carcinoma
"Got a thin, thread-like skin tag growing on my eyelid around my eyes, dry and rough to the touch",Viral Infections
"I've noticed occasional mild itching and there's a round, well-defined growth on my scalp. with sharp, well-defined, stuck-on looking edges. it came on gradually.",Seborrheic Keratoses
I have a raised bump on my arm and honestly it showed up recently,Viral Infections
"I've had a scaly area near my knee for some time. rough and gritty like sandpaper. no pain, just a rough texture I can feel.",Benign Keratosis-like Lesions
"I have constant urge to scratch, and there's patches that ooze and crust on my feet.",Eczema
A discolored spot showed up on my face a while back.,Seborrheic Keratoses
"I'm concerned about a flat, pink-red scaly patch with a gritty texture on my sun-exposed skin on my scalp that it showed up recently -- no pain, just a rough texture I can feel.",Benign Keratosis-like Lesions
Pinpoint bleeding spots when the scale is removed showed up on my neck a while back.,Psoriasis Lichen Planus
My skin on my leg has been off. a spot that's larger than a pencil eraser and keeps getting bigger. slightly raised and uneven. no significant pain.,Melanoma
"I developed athlete's foot causing cracked, peeling, white skin between my toes on my forearm that comes with mild itching that worsens in humid weather.",Fungal Infections
My skin on my chest is doing something weird -- a rough-surfaced growth,Seborrheic Keratoses
"On my scalp: a dry patch. gets noticeably worse in cold, dry weather.",Atopic Dermatitis
I have small rough bumps covering my upper arms and thighs on my arm and honestly it's been there for several weeks,Atopic Dermatitis
"There's small fluid-filled bumps on my back, rough and flaky, not sure what it is",Eczema
"So near my elbow there's skin prone to frequent infections from all the scratching, and intense itching that wakes me up at night",Atopic Dermatitis
Got a scaly area on my ear and it's been there for several weeks,Basal Cell Carcinoma
"A waxy, scar-like flat patch with an indistinct border on my feet. rough and flaky.",Basal Cell Carcinoma
Something's going on on the inside of my elbows. It's patches that ooze and crust. flaky and rough. occasional mild itching.,Eczema
"So on my face there's a smooth, symmetric mole, and no itching or pain at all",Melanocytic Nevi
I have skin prone to frequent infections from all the scratching on the folds of my elbows and knees and honestly it's been there for a while,Atopic Dermatitis
"The skin on my hands shows a flat, reddish, scaly patch, and I've been dealing with no real pain, just occasional bleeding after a minor bump.",Basal Cell Carcinoma
"It started on an area that gets a lot of sun, I get a growth that bleeds on my wrist.",Basal Cell Carcinoma
I noticed a skin lesion on my shoulder. flaky and rough. keeps coming back every winter when the air gets dry.,Eczema
"A small, shiny, pearly bump showed up near my elbow a while back.",Basal Cell Carcinoma
"It started as a smooth, pearly bump with a small dimple in the center on my scalp. Now hard and firm to the touch. it showed up recently.",Viral Infections
"I noticed a small, dry, crusty spot on my ears. dry and rough to the touch. has been there for months without healing completely.",Benign Keratosis-like Lesions
"A smooth, pearly bump with a small dimple in the center appeared on my neck a while ago. with a clearly defined circular border. rough and flaky. it's been there for a while.",Viral Infections
"I have a scaly area on my hands with distinct, punched-out looking edges.",Viral Infections
"I've noticed a rough, sandpaper-like patch that feels much rougher than it looks on my neck lately.",Benign Keratosis-like Lesions
"I've had a raised, well-defined bump on my hands that showed up suddenly and multiplied into several bumps.",Viral Infections
Should I be worried about thick silvery-white scales that flake off in sheets on my arm? feels rough and raised. showed up as small dots and then grew into larger plaques.,Psoriasis Lichen Planus
Something doesn't look right on my hands: scaly red patches with somewhat defined edges. rough-feeling in that spot.,Psoriasis Lichen Planus
A dry patch on my shoulder flares when my clothes rub against it.,Melanoma
"I have a waxy, 'stuck-on' looking growth that appears pasted onto the skin surface on my scalp.",Seborrheic Keratoses
I've got a scaly spot that's tender when I rub it firmly on my leg.,Benign Keratosis-like Lesions
I'm not sure what small circular bald patches on my scalp near my knee is -- rough and flaky and mild irritation.,Fungal Infections
"I have mild irritation, along with a ring-shaped rash with a raised scaly outer border and clearer skin in the middle on my hands with a clearly raised, scaly outer edge.",Fungal Infections
There's a scaly area on my scalp with irregular edges. dry and scaly. no significant pain.,Melanocytic Nevi
"There's a scaly, reddish-pink patch on my lower lip, and no significant pain.",Benign Keratosis-like Lesions
I'm not sure what a scaly area on the back of my hands is -- dry and scaly and mild itching.,Eczema
I've had a hard lump with visible black specks that look like seeds on my feet that it's been there for a while.,Viral Infections
"There's a raised, well-defined bump on my forearm.",Viral Infections
"I have mild itching that worsens in humid weather, along with a circular scaly rash on my toenail with a well-defined ring-shaped border.",Fungal Infections
"Red, inflamed areas on my forearm. dry and rough to the touch.",Eczema
A red patch on my hands. with irregular edges.,Eczema
Something's going on on my back. It's itchy red patches. rough and leathery feeling. itching so bad it keeps me awake.,Eczema
I have an inflamed patch on my forearm with rough-feeling in that spot.,Seborrheic Keratoses
Got a discolored spot on my toenail and it's been there for a while,Fungal Infections
A skin lesion on my leg. rough and flaky.,Viral Infections
No significant pain -- an itch that triggers before any visible rash appears on my neck.,Atopic Dermatitis
The skin on my leg has changed. There's a spot that's larger than a pencil eraser and keeps getting bigger now. flaky and thickened. started as a small mole and has grown noticeably bigger.,Melanoma
"There's scaly, irritated skin on my chest, dry and scaly, not sure what it is",Atopic Dermatitis
"I have occasional itching, along with a rough, sandpaper-like patch that feels much rougher than it looks on my shoulder with a somewhat irregular, flat border.",Benign Keratosis-like Lesions
"There's a red patch on my forehead -- smooth and shiny on the surface -- and no discomfort, it just won't go away.",Basal Cell Carcinoma
"A skin lesion near my elbow. it's been there for a while. no pain, just occasional mild itching if clothing rubs it.",Seborrheic Keratoses
A scaly area on my wrists. mild irritation.,Psoriasis Lichen Planus
I'm concerned about a dry patch on my forearm that spreads a bit more every time I scratch it -- mild irritation.,Eczema
"I have mild itching, and there's an inflamed patch on my face.",Melanocytic Nevi
"No pain at all, just an odd texture -- a skin lesion on my arm.",Viral Infections
"Got a mole that started bleeding on its own without any injury near my elbow, partly flat and partly raised within the same spot",Melanoma
"I have a scaly, wart-like bump on my shoulder, and rough and flaky.",Seborrheic Keratoses
"It started as a dry, crusty spot on a sun-damaged area that keeps peeling off and returning on the back of my hands. Now rough and gritty like sandpaper. it's been there for a while.",Benign Keratosis-like Lesions
My skin on my shoulder is doing something weird -- a spot that's larger than a pencil eraser and keeps getting bigger,Melanoma
I've had patches on the extensor surface -- the outside of my elbows and knees on my lower back that it's been there for a while.,Psoriasis Lichen Planus
"I've noticed occasional mild itching and there's a thin, thread-like skin tag growing on my eyelid on the sole of my foot. with fuzzy borders. it's been there for several weeks.",Viral Infections
"I noticed a spot with irregular, notched borders on my arm. rough-feeling in that spot. it hasn't changed much.",Melanoma
I have a dark spot that's been changing on my scalp.,Melanoma
I have an inflamed patch on my chest and honestly it's been there for a while,Seborrheic Keratoses
"I've had a scaly spot that's tender when I rub it firmly on my bald scalp for a while, with mild itching.",Benign Keratosis-like Lesions
A pink bump with a sunken center showed up on my cheek a while back.,Basal Cell Carcinoma
"No particular trigger, it just appeared gradually, mild irritation when it catches on something and a growth that looks like it could be lifted off with a fingernail on my neck appear.",Seborrheic Keratoses
Small circular bald patches on my scalp on my groin and inner thigh. crumbly and brittle on the nail.,Fungal Infections
"Got a waxy, scar-like flat patch with an indistinct border on my chest and it came on gradually",Basal Cell Carcinoma
"I've got cracked, dry skin that stings on my scalp.",Eczema
"My skin on my finger has been off. a thin, thread-like skin tag growing on my eyelid. dry and rough to the touch. mild irritation.",Viral Infections
I'm not sure what a circular scaly rash on my torso is -- dry and scaly and no real pain.,Fungal Infections
"A rough patch, on my back, dry and scaly.",Seborrheic Keratoses
"There's a raised, warty growth on my feet, smooth with a central dimple, not sure what it is",Viral Infections
Should I be worried about a spot that's larger than a pencil eraser and keeps getting bigger on my arm? dry and rough to the touch. it came on gradually.,Melanoma
"There's patches with blurry, ill-defined edges that spread gradually on my leg -- feels crusty and dry -- and no real pain.",Eczema
Small flat-topped shiny purplish bumps on my feet. mild irritation.,Psoriasis Lichen Planus
A skin lesion on my leg. with irregular edges.,Melanoma
"An inflamed patch on my scalp, itching and occasional soreness around it.",Melanoma
"Occasional mild itching -- sharply defined plaques with very clear, distinct edges on my forearm.",Psoriasis Lichen Planus
I have a slightly raised rough patch that bleeds lightly when I scratch it on my leg.,Benign Keratosis-like Lesions
"On the back of my hands: a dry, crusty spot on a sun-damaged area that keeps peeling off and returning. it hasn't changed much.",Benign Keratosis-like Lesions
Lately I've had a raised bump around my eyes that comes with no significant pain.,Atopic Dermatitis
"It started changing after a lot of sun exposure, I get a mole with several colors mixed in on my chest.",Melanoma
"Something doesn't look right on my face: a warty, barnacle-like bump with a rough, pitted surface with distinct, punched-out looking edges. feels like it's sitting on top of the skin rather than growing from it.",Seborrheic Keratoses
"So I've got a mole that has been visibly growing and changing over the past few months on my back, with no real pain",Melanoma
There's a dry patch on my wrist -- feels like it's sitting on top of the skin rather than growing from it -- that it showed up recently.,Seborrheic Keratoses
"I've had a warty, barnacle-like bump with a rough, pitted surface on my back for a while, with no significant pain.",Seborrheic Keratoses
"Something's going on on my forearm. It's a pink growth with a slightly sunken, crater-like center. waxy and scar-like. mild irritation but nothing painful.",Basal Cell Carcinoma
"I have a raised, warty growth on my shoulder with dry and scaly.",Viral Infections
Something on my hands looks like a brown to dark brown raised patch and grew alongside several similar spots in the same area,Seborrheic Keratoses
I notice some mild discomfort when the weather changes. There's a dry patch on my leg.,Melanoma
"I've had blistering skin that bursts and leaves raw, wet patches on my feet for some time. flaky and thickened. occasional mild itching.",Eczema
"I've had mild itching for a while now. There's a soft, dome-shaped mole that's been stable for as long as I can remember on my shoulder with fuzzy borders.",Melanocytic Nevi
I'm worried about a pigmented spot on my scalp because started as a small mole and has grown noticeably bigger.,Melanoma
I've had pinpoint bleeding spots when the scale is removed near my knee that keeps flaking off no matter what I do.,Psoriasis Lichen Planus
"No significant pain -- a slightly raised, uniform-colored bump on my arm.",Melanocytic Nevi
"So on my groin and inner thigh there's a discolored spot, and occasional mild itching",Fungal Infections
"I've noticed no real pain and there's a smooth, pearly bump with a small dimple in the center on my arm. with fuzzy borders. grew slowly over several months.",Viral Infections
Got a raised bump on my neck and spreads a bit more every time I scratch it,Eczema
My skin on my shoulder is doing something weird -- an inflamed patch,Seborrheic Keratoses
"When my clothes rub against it, mild irritation and a discolored spot on my neck appear.",Benign Keratosis-like Lesions
"I've got a thick, yellowed, crumbly nail that's lifting off the nail bed on my fingernail.",Fungal Infections
"Blistering skin that bursts and leaves raw, wet patches on my shoulder, no significant pain, been there ages",Eczema
No real pain -- an itch that triggers before any visible rash appears on my wrist.,Atopic Dermatitis
"A perfectly round, evenly colored brown spot that hasn't changed at all showed up on my forearm and it showed up recently",Melanocytic Nevi
A circular scaly rash on my hands flares when the weather changes.,Fungal Infections
"There's a red patch on my back, and occasional mild itching.",Atopic Dermatitis
"I've had mild itching for a while now. There's a waxy, scar-like area on my ear with fuzzy borders.",Basal Cell Carcinoma
"I have a smooth, pearly bump with a small dimple in the center on my hands. flaky and thickened. it came on gradually. occasional itching around the bump.",Viral Infections
"There's a patch on my back. It looks like a flat, pink-red scaly patch with a gritty texture on my sun-exposed skin. rough-feeling in that spot. has been there for months without healing completely.",Benign Keratosis-like Lesions
"Something doesn't look right on my forearm: a slightly raised, uniform-colored bump with somewhat defined edges. smooth and flat against my skin.",Melanocytic Nevi
I've had red to brownish-gray patches near my elbow that it's been there for a while.,Eczema
"I've had no pain, just occasional mild itching if clothing rubs it for a while now. There's a growth that looks like it could be lifted off with a fingernail on my wrist with distinct, punched-out looking edges.",Seborrheic Keratoses
Something showed up near my knee. It's a skin lesion with fuzzy borders. dry and scaly. no significant pain.,Melanocytic Nevi
"Got a pink growth with a slightly sunken, crater-like center on my scalp and the scab keeps falling off and the raw area underneath comes back",Basal Cell Carcinoma
"I've noticed mild itching and there's a scaly area on my fingernail. with a clearly raised, scaly outer edge. it's been there for a while.",Fungal Infections
A spot that's larger than a pencil eraser and keeps getting bigger showed up on my shoulder a while back.,Melanoma
"Should I be worried about sharply defined, scaly plaques on my arms? dry and rough to the touch. it showed up recently.",Psoriasis Lichen Planus
"A flat, reddish, scaly patch on my wrist. with fuzzy borders.",Basal Cell Carcinoma
I'm not sure what a single-colored mole that looks exactly the same as it did years ago on my chest is -- dry and scaly and no itching or pain at all.,Melanocytic Nevi
The skin on my trunk has changed. There's a skin lesion now. rough and flaky. has been slowly growing thicker over several years.,Seborrheic Keratoses
"I've had a raised, well-defined bump on my face for a while, with no pain at all, just an odd texture.",Viral Infections
I've noticed small rough bumps covering my upper arms and thighs near my elbow lately.,Atopic Dermatitis
"The skin near my elbow has changed. There's dry, red inflamed patches now. rough-feeling in that spot. it hasn't changed much.",Atopic Dermatitis
I have a rough patch on my face. dry and rough to the touch. it's been there for several weeks. mild irritation.,Fungal Infections
"There's a red patch near my elbow, dry and rough to the touch, not sure what it is",Melanocytic Nevi
"When I sweat, I get a skin lesion on the sole of my foot.",Viral Infections
A rough patch showed up on my face a while back.,Psoriasis Lichen Planus
"There's a rough-surfaced growth on my arm, rough and bumpy on the surface, not sure what it is",Seborrheic Keratoses
"I've noticed no discomfort, it just won't go away and there's a small, shiny, pearly bump on my shoulder. with irregular edges. has been slowly growing over several months.",Basal Cell Carcinoma
I'm concerned about a discolored spot on my scalp that it showed up recently -- itching and occasional soreness around it.,Melanoma
"A reddish-brown patch that gets worse in hot, humid weather on my toenail flares when the weather changes.",Fungal Infections
On my shoulder: pinpoint bleeding spots when the scale is removed. has persisted for a long time without clearing.,Psoriasis Lichen Planus
"I have occasional mild itching, and there's a rough-surfaced growth on my leg.",Seborrheic Keratoses
Lately I've had a skin lesion on my chest that comes with mild itching.,Benign Keratosis-like Lesions
"Weird a reddish-brown patch that gets worse in hot, humid weather on my shoulder, dry and rough to the touch, no clue what it is",Fungal Infections
"There's symmetrical red patches on both sides of my body on my shoulder -- rough and flaky -- that gets noticeably worse in cold, dry weather.",Atopic Dermatitis
"I've had some mild discomfort for a while now. There's blistering skin that bursts and leaves raw, wet patches on my fingers with fuzzy borders.",Eczema
I have a mole that started bleeding on its own without any injury on my scalp with irregular edges.,Melanoma
"Something doesn't look right on my neck: a mole with multiple colors -- brown, black, red, and even some pale areas with jagged edges that look ragged. dry and scaly.",Melanoma
"Got thickened, leathery patches near my elbow and it showed up recently",Atopic Dermatitis
"Got a brown to dark brown raised plaque with a greasy, waxy feel on my face and it's been there for a while",Seborrheic Keratoses
"I have occasional mild itching, and there's a rough patch on my arm.",Benign Keratosis-like Lesions
"A rough, cauliflower-like bump with tiny black dots on the surface near my knee. it came on gradually. mild itching.",Viral Infections
"Weird a dark brown spot on my neck, flaky and thickened, no clue what it is",Melanocytic Nevi
Something doesn't look right on my feet: a tan to dark brown growth that looks thicker and greasier than a normal mole with fuzzy borders. rough and flaky.,Seborrheic Keratoses
"Something showed up on my scalp. It's a scaly spot that's tender when I rub it firmly with somewhat defined edges. flaky and thickened. no pain, just a rough texture I can feel.",Benign Keratosis-like Lesions
I'm not sure what a dry patch on my feet is -- covered in thick silvery scales and mild irritation.,Psoriasis Lichen Planus
"There's symmetrical red patches on both sides of my body on the folds of my elbows and knees, and itchy and irritated.",Atopic Dermatitis
My skin on my wrist is doing something weird -- a dark spot that's been changing,Melanoma
I developed a red patch on my leg that comes with no significant pain.,Melanoma
There's skin that breaks open and oozes when it flares on my back -- rough and flaky -- and mild irritation.,Eczema
It started as a rough patch on my back. Now rough-feeling in that spot. it's been there for a while.,Melanocytic Nevi
"When the weather changes, a spot that's larger than a pencil eraser and keeps getting bigger on my face gets worse.",Melanoma
"The skin on my feet shows a raised bump, and I've been dealing with some mild discomfort.",Benign Keratosis-like Lesions
"So I've got a bump that keeps bleeding even after a very minor bump or scrape on my shoulder, with some mild discomfort",Basal Cell Carcinoma
There's a red patch on my shoulder -- flaky and thickened -- that it hasn't changed much.,Basal Cell Carcinoma
I developed small flat-topped shiny purplish bumps on my neck that comes with some mild discomfort.,Psoriasis Lichen Planus
I have a rough patch on my leg and honestly hasn't healed in over two months despite repeated scabbing,Basal Cell Carcinoma
I have a skin lesion near my elbow.,Basal Cell Carcinoma
I've been watching a spot that's larger than a pencil eraser and keeps getting bigger on my neck and looks completely different compared to a year ago. no significant pain.,Melanoma
I have a red patch on my hands. dry and scaly. it's been there for several weeks. mild itching.,Melanoma
"I've had a round, well-defined growth on my face for a while, with some mild discomfort.",Seborrheic Keratoses
"So on my back there's a thin, thread-like skin tag growing on my eyelid, and no real pain",Viral Infections
"When the weather changes, mild itching and a discolored spot on my face appear.",Fungal Infections
"The skin on my back shows a dark brown spot, and I've been dealing with mild irritation.",Melanocytic Nevi
"It started as sharply defined, scaly plaques on my neck. Now feels rough and raised. it came on gradually.",Psoriasis Lichen Planus
On my arm: a dry patch. it's been there for several weeks.,Basal Cell Carcinoma
"I notice occasional mild itching no triggers -- it's been the same in all seasons. There's a small, uniform dark brown spot with no irregular areas on my shoulder.",Melanocytic Nevi
"I've got a waxy, 'stuck-on' looking growth that appears pasted onto the skin surface near my elbow.",Seborrheic Keratoses
"There's bumps with a fine white lacy pattern on the surface on my forearm with irregular edges, and flaky and rough.",Psoriasis Lichen Planus
My skin on my shoulder is doing something weird -- a dry patch,Benign Keratosis-like Lesions
"I've been watching a dry, crusty spot on a sun-damaged area that keeps peeling off and returning near my knee and it's been there for several weeks. some mild discomfort.",Benign Keratosis-like Lesions
"I noticed skin that breaks open and oozes when it flares on my wrist, along with some mild discomfort.",Eczema
"There's a round, well-defined growth on my scalp.",Seborrheic Keratoses
Something doesn't look right on my face: a red patch with somewhat defined edges. dry and rough to the touch.,Fungal Infections
A circular scaly rash between my toes. flaky and thickened.,Fungal Infections
I'm concerned about a rough patch on my shoulder that it's been there for a while -- itchy and irritated.,Psoriasis Lichen Planus
There's an inflamed patch on my back -- dry and rough to the touch -- and no significant pain.,Psoriasis Lichen Planus
"A round, well-defined growth showed up on my scalp and it came on gradually",Seborrheic Keratoses
"When my clothes rub against it, some mild discomfort and a small, uniform dark brown spot with no irregular areas near my elbow appear.",Melanocytic Nevi
I have skin that weeps and crusts over on my fingers with dry and rough to the touch.,Eczema
"A scaly spot that's tender when I rub it firmly, on my leg, dry and rough to the touch.",Benign Keratosis-like Lesions
I have an inflamed patch on my feet. dry and rough to the touch. it's been there for a while. mild itching.,Melanoma
I'm worried about an open sore that won't fully heal on my forearm because it's been there for a while.,Basal Cell Carcinoma
I've had a mole that started bleeding on its own without any injury on my forearm that it hasn't changed much.,Melanoma
My skin on my forearm has been off. a brown to dark brown raised patch. waxy and slightly greasy to the touch. some mild discomfort.,Seborrheic Keratoses
I'm noticing skin irritation triggered by a certain soap or fabric on my eyelids.,Eczema
A pink bump with a sunken center near my knee flares when my clothes rub against it.,Basal Cell Carcinoma
"Got a red patch on my shoulder, dry and rough to the touch",Atopic Dermatitis
"I noticed a rough, cauliflower-like bump with tiny black dots on the surface on my back. dry and rough to the touch. keeps spreading into a small cluster.",Viral Infections
Something's going on near my knee. It's a red patch. dry and rough to the touch. mild irritation.,Benign Keratosis-like Lesions
I've got skin that breaks open and oozes when it flares on my face -- rough and flaky -- and itching so bad it keeps me awake,Eczema
I have a discolored spot on my wrist and honestly it showed up recently,Melanoma
"I have constant urge to scratch, and there's blistering skin that bursts and leaves raw, wet patches on my chest.",Eczema
I've been watching a mole that has been visibly growing and changing over the past few months near my elbow and it's been there for a while. mild itching.,Melanoma
"I notice some mild discomfort when I sweat. There's a waxy, scar-like flat patch with an indistinct border near my elbow.",Basal Cell Carcinoma
I developed a rough patch on my back that comes with some mild discomfort.,Basal Cell Carcinoma
"I've had thick red raised plaques on my feet for a while, with no real pain.",Psoriasis Lichen Planus
"There's a single-colored mole that looks exactly the same as it did years ago on my neck with smooth, perfectly regular borders, and slightly raised but soft.",Melanocytic Nevi
An open sore that won't fully heal on my feet. the center feels soft and tends to crust over.,Basal Cell Carcinoma
There's skin that weeps and crusts over on my arm.,Eczema
"I have no significant pain, and there's a raised bump on my wrist.",Melanocytic Nevi
"Something doesn't look right on my hands: a thin, thread-like skin tag growing on my eyelid with distinct, punched-out looking edges. flaky and thickened.",Viral Infections
A red patch on my hands flares no triggers -- it's been the same in all seasons.,Melanocytic Nevi
I've been watching an inflamed patch on my forearm and it's been there for a while. no significant pain.,Eczema
"There's a waxy, scar-like area on my nose.",Basal Cell Carcinoma
There's symmetrical red patches on both sides of my body on my face -- rough and thickened from scratching -- that it hasn't changed much.,Atopic Dermatitis
"I noticed athlete's foot causing cracked, peeling, white skin between my toes on my wrist. dry and rough to the touch. it's been there for a while.",Fungal Infections
I'm noticing a growth that looks like it could be lifted off with a fingernail near my elbow.,Seborrheic Keratoses
I've noticed occasional mild itching and there's a hard lump with visible black specks that look like seeds on my leg. with fuzzy borders. it's been there for several weeks.,Viral Infections
There's a skin lesion on my shoulder.,Basal Cell Carcinoma
"There's a raised, well-defined bump on my trunk with sharp, well-defined, stuck-on looking edges, and rough and flaky.",Seborrheic Keratoses
"Weird a mole that has been visibly growing and changing over the past few months on my neck, rough and flaky, no clue what it is",Melanoma
I have small flat-topped shiny purplish bumps on my forearm. rough and flaky. it came on gradually. no significant pain.,Psoriasis Lichen Planus
"There's athlete's foot causing cracked, peeling, white skin between my toes on my wrist, and some mild discomfort.",Fungal Infections
"Something on my scalp looks like a round, well-defined growth and it came on gradually",Seborrheic Keratoses
"There's patches that ooze clear fluid when I scratch on my hands, flaky and thickened, not sure what it is",Eczema
"There's skin that breaks open and oozes when it flares on my back, flaky and thickened, not sure what it is",Eczema
Something on my forearm looks like a reddish mark and it came on gradually,Seborrheic Keratoses
"I notice mild itching no triggers -- it's been the same in all seasons. There's a smooth, symmetric mole on my arm.",Melanocytic Nevi
"When I sweat, mild itching and a discolored spot on my back appear.",Eczema
"A rough patch, on my wrist, flaky and thickened.",Seborrheic Keratoses
There's a rash that keeps expanding outward in a ring shape on my scalp with a distinct circular outer rim. dry and rough to the touch. a stinging feeling especially after sweating.,Fungal Infections
"I have red, inflamed areas on the folds of my elbows and knees, and rough-feeling in that spot.",Atopic Dermatitis
"Something's going on on my leg. It's a mole with multiple colors -- brown, black, red, and even some pale areas. dry and scaly. no significant pain.",Melanoma
"There's a thin, thread-like skin tag growing on my eyelid on my neck, hard and firm to the touch, not sure what it is",Viral Infections
"Patches that ooze and crust on my shoulder, no real pain, been there ages",Eczema
"Something showed up on my shoulder. It's a perfectly round, evenly colored brown spot that hasn't changed at all with smooth, perfectly regular borders. slightly raised but soft. no discomfort whatsoever.",Melanocytic Nevi
"There's a patch on my leg. It looks like a flat, slightly rough patch darker than the surrounding skin. feels dry and crusty when I run my finger over it. it hasn't changed much.",Benign Keratosis-like Lesions
"A waxy, scar-like flat patch with an indistinct border on my scalp. with irregular edges.",Basal Cell Carcinoma
I've been watching red to brownish-gray patches on my wrists and it came on gradually. some mild discomfort.,Eczema
I've got a mole that started bleeding on its own without any injury on my arm.,Melanoma
There's a reddish mark on my ear.,Basal Cell Carcinoma
A skin lesion on my nose. smooth and shiny on the surface.,Basal Cell Carcinoma
"A flat, tan-colored mark, on my wrist, rough-feeling in that spot.",Melanocytic Nevi
"I'm noticing a smooth, symmetric mole on my hands.",Melanocytic Nevi
"When I sweat, I get thick silvery-white scales that flake off in sheets on my feet.",Psoriasis Lichen Planus
"I have mild itching, along with plaques appearing exactly where my skin was scratched or injured on my lower back with somewhat defined edges.",Psoriasis Lichen Planus
"I've had mild irritation for a while now. There's a discolored spot on my lower lip with a somewhat irregular, flat border.",Benign Keratosis-like Lesions
"I have a spot with irregular, notched borders on my chest with slightly raised and uneven.",Melanoma
I have a scaly area on my neck and honestly it came on gradually,Fungal Infections
My skin near my knee is doing something weird -- patches that ooze clear fluid when I scratch,Eczema
A dry patch on my scalp. some mild discomfort.,Fungal Infections
"There's a patch on my feet. It looks like a waxy, 'stuck-on' looking growth that appears pasted onto the skin surface. waxy and slightly greasy to the touch. it's been there for several weeks.",Seborrheic Keratoses
"There's a smooth, pearly bump with a small dimple in the center on the back of my knuckles -- hard and firm to the touch -- that it showed up recently.",Viral Infections
"A thick, yellowed, crumbly nail that's lifting off the nail bed near my knee, mild itching that worsens in humid weather, been there ages",Fungal Infections
"A skin lesion, near my elbow, rough and flaky.",Fungal Infections
There's a small rough bump on my arm.,Viral Infections
There's a scaly area on my leg with irregular edges. rough-feeling in that spot. some mild discomfort.,Melanoma
"There's a dry, crusty spot on a sun-damaged area that keeps peeling off and returning on my face -- dry and rough to the touch -- that seems to be slowly getting larger.",Benign Keratosis-like Lesions
Something on my forearm looks like a circular scaly rash and it showed up recently,Fungal Infections
I've got a rash that keeps expanding outward in a ring shape on my groin and inner thigh -- rough-feeling in that spot -- and burning between my toes,Fungal Infections
"The skin on the back of my hands shows a rough patch, and I've been dealing with mild irritation.",Benign Keratosis-like Lesions
There's a discolored spot on my face -- flaky and thickened -- that it hasn't changed much.,Eczema
"When my clothes rub against it, a reddish-brown patch that gets worse in hot, humid weather on my scalp gets worse.",Fungal Infections
"Weird an inflamed patch on my back, flaky and rough, no clue what it is",Psoriasis Lichen Planus
A rough patch on my hands. with somewhat defined edges.,Viral Infections
Should I be worried about a dark brown spot on my arm? dry and rough to the touch. has been changing shape and color over the last few months.,Melanoma
"I'm noticing a round, well-defined growth on my arm.",Seborrheic Keratoses
"When I sweat, occasional mild itching and a rough, sandpaper-like patch on my forearm appear.",Benign Keratosis-like Lesions
I have a red patch on my wrist. rough and flaky. it's been there for several weeks. mild itching.,Melanoma
"I've noticed occasional mild itching and there's a rough patch on my arm. with an even, clearly defined edge. it came on gradually.",Melanocytic Nevi
"Weird an itch that triggers before any visible rash appears on my leg, flaky and thickened, no clue what it is",Atopic Dermatitis
"Something showed up on my arm. It's a pink bump with a sunken center with translucent, blurry borders. rough-feeling in that spot. mild irritation but nothing painful.",Basal Cell Carcinoma
"Something on my chest looks like red, inflamed areas and gets noticeably worse in cold, dry weather",Atopic Dermatitis
"Should I be worried about a small, round, evenly colored brown spot on my back? smooth and flat against my skin. stays exactly the same.",Melanocytic Nevi
It started as a rough patch on my shoulder. Now even and smooth to the touch. it's been there for several weeks.,Melanocytic Nevi
"Got a scaly spot that's tender when I rub it firmly on my bald scalp, rough and flaky",Benign Keratosis-like Lesions
I'm worried about a skin lesion near my knee because it showed up recently.,Fungal Infections
It started as a scaly spot that's tender when I rub it firmly near my knee. Now flaky and thickened. it hasn't changed much.,Benign Keratosis-like Lesions
"When my clothes rub against it, I get a mole with an uneven, asymmetrical shape near my knee.",Melanoma
A dry patch showed up near my knee a while back.,Fungal Infections
I have thick silvery-white scales that flake off in sheets on my shoulder with rough-feeling in that spot.,Psoriasis Lichen Planus
"I'm noticing a mole with multiple colors -- brown, black, red, and even some pale areas near my elbow.",Melanoma
My skin on my neck is doing something weird -- a dry patch,Basal Cell Carcinoma
I've been watching an inflamed patch on my scalp and has looked exactly the same for years. no discomfort whatsoever.,Melanocytic Nevi
"A red patch on my neck, no significant pain.",Eczema
I've had a discolored spot on my face that it showed up recently.,Eczema
"I've been watching athlete's foot causing cracked, peeling, white skin between my toes on my arm and it hasn't changed much. mild itching.",Fungal Infections
The skin on my leg has changed. There's a dry patch now. crumbly and brittle on the nail. spread from one foot to the other.,Fungal Infections
Should I be worried about a raised bump on my cheek? smooth and shiny on the surface. it came on gradually.,Basal Cell Carcinoma
I've got a circular scaly rash on my scalp -- flaky and thickened -- and no significant pain,Fungal Infections
"Something showed up on my torso. It's a reddish-brown patch that gets worse in hot, humid weather with a distinct circular outer rim. rough and flaky. occasional mild itching.",Fungal Infections
"A rough, sandpaper-like patch that feels much rougher than it looks showed up on my back a while back.",Benign Keratosis-like Lesions
"Weird a hard, rough-surfaced growth around my eyes, flaky and thickened, no clue what it is",Viral Infections
"Weird a rough, sandpaper-like patch on my neck, rough and flaky, no clue what it is",Benign Keratosis-like Lesions
"A soft, dome-shaped mole that's been stable for as long as I can remember on my leg. with smooth, perfectly regular borders.",Melanocytic Nevi
A scaly area on my wrists. it came on gradually. no significant pain.,Eczema
"I noticed a pink bump with a sunken center on my forearm, along with occasional mild itching.",Basal Cell Carcinoma
"There's a pink growth with a slightly sunken, crater-like center on my leg with translucent, blurry borders, and the center feels soft and tends to crust over.",Basal Cell Carcinoma
"There's a small, dry, crusty spot on my face with fuzzy borders. rough-feeling in that spot. no pain, just a rough texture I can feel.",Benign Keratosis-like Lesions
I've noticed occasional mild itching and there's a ring-shaped rash with a raised border on my wrist. with fuzzy borders. it's been there for several weeks.,Fungal Infections
"Something on my lower back looks like dry, scaly skin and showed up as small dots and then grew into larger plaques",Psoriasis Lichen Planus
I have a hard lump with visible black specks that look like seeds on my hands and honestly showed up suddenly and multiplied into several bumps,Viral Infections
"When I sweat, no pain, just a rough texture I can feel and a dry, crusty spot on a sun-damaged area that keeps peeling off and returning on my wrist appear.",Benign Keratosis-like Lesions
Got an inflamed patch on my scalp and stays exactly the same,Melanocytic Nevi
I have a red patch on my feet.,Eczema
I'm not sure what a red patch on my chest is -- slightly raised but soft and mild irritation.,Melanocytic Nevi
Got symmetrical red patches on both sides of my body on my shoulder and it showed up recently,Atopic Dermatitis
"The skin on my forearm shows an inflamed patch, and I've been dealing with mild irritation.",Basal Cell Carcinoma
"I have cracked, peeling skin on my forearm, and rough around the border, softer in the center.",Fungal Infections
I've been watching a reddish mark on my back and has been there since I was a kid and never changed. no significant pain.,Melanocytic Nevi
I've had a growth that bleeds on my chest for some time. rough and flaky. a strange new sensation I never noticed before.,Melanoma
There's plaques appearing exactly where my skin was scratched or injured near my knee.,Psoriasis Lichen Planus
"There's a brown to dark brown raised plaque with a greasy, waxy feel on my trunk -- rough-feeling in that spot -- and mild irritation when it catches on something.",Seborrheic Keratoses
I'm worried about skin that leaks clear fluid after scratching on my neck because flares and then settles down.,Atopic Dermatitis
"Weird a rough, sandpaper-like patch that feels much rougher than it looks on my scalp, rough-feeling in that spot, no clue what it is",Benign Keratosis-like Lesions
"I notice mild itching it started changing after a lot of sun exposure. There's a spot with jagged, notched, irregular borders on my shoulder.",Melanoma
"When the weather changes, I get a scaly area on my shoulder.",Basal Cell Carcinoma
I have a flat-topped warty bump that keeps multiplying on my leg. rough-feeling in that spot. grew slowly over several months. mild discomfort when I press on it.,Viral Infections
"There's a rough-surfaced growth near my elbow with a somewhat irregular, flat border, and dry and rough to the touch.",Benign Keratosis-like Lesions
"I've had a raised, warty growth on my face for some time. rough and irregular. occasional itching around the bump.",Viral Infections
"I developed a waxy, 'stuck-on' looking growth that appears pasted onto the skin surface on my trunk that comes with no significant pain.",Seborrheic Keratoses
"I developed small rough bumps covering my upper arms and thighs on my neck that comes with a burning, stinging feeling after I sweat.",Atopic Dermatitis
"I have itchy and irritated, and there's a reddish mark on my wrist.",Eczema
I've had skin that leaks clear fluid after scratching around my eyes for some time. flaky and thickened. no real pain.,Atopic Dermatitis
"A rough, sandpaper-like patch that feels much rougher than it looks on my shoulder. with irregular edges.",Benign Keratosis-like Lesions
There's a raised bump on my leg.,Melanocytic Nevi
"A skin lesion on my arm, mild irritation.",Psoriasis Lichen Planus
"Patches with blurry, ill-defined edges that spread gradually appeared on my feet a while ago. with somewhat defined edges. rough-feeling in that spot. it hasn't changed much.",Eczema
"I have occasional mild itching, and there's a reddish mark on my feet.",Viral Infections
I'm not sure what plaques appearing exactly where my skin was scratched or injured on my arms is -- dry and rough to the touch and mild irritation.,Psoriasis Lichen Planus
Something doesn't look right on my back: symmetrical red patches on both sides of my body with fuzzy borders. dry and rough to the touch.,Atopic Dermatitis
"On my wrist: a thick, yellowed, crumbly nail that's lifting off the nail bed. it came on gradually.",Fungal Infections
I've been watching a skin lesion on my neck and hasn't cleared up even after several weeks. no significant pain.,Fungal Infections
"There's a raised bump on my scalp, dry and rough to the touch, not sure what it is",Psoriasis Lichen Planus
Lately I've had a bump that keeps bleeding even after a very minor bump or scrape on my neck that comes with mild irritation but nothing painful.,Basal Cell Carcinoma
"I've had red, ring-shaped scaly patches on my wrist that has persisted for a long time without clearing.",Psoriasis Lichen Planus
I have pinpoint bleeding spots when the scale is removed on my arm and honestly it's been there for several weeks,Psoriasis Lichen Planus
"I have a raised bump on my leg. dry and scaly. it's been there for several weeks. no pain at all, just an odd texture.",Viral Infections
I'm noticing a reddish mark near my knee.,Basal Cell Carcinoma
"Something's going on on my chest. It's a pink growth with a slightly sunken, crater-like center. dry and rough to the touch. no significant pain.",Basal Cell Carcinoma
"I have a growth that bleeds on my cheek. the center feels soft and tends to crust over. hasn't healed in over two months despite repeated scabbing. no real pain, just occasional bleeding after a minor bump.",Basal Cell Carcinoma
"I have some mild discomfort, along with a waxy, stuck-on looking growth on my arm with somewhat defined edges.",Seborrheic Keratoses
"A pink growth with a slightly sunken, crater-like center showed up on my arm a while back.",Basal Cell Carcinoma
"I have a dry patch on my face, and rough-feeling in that spot.",Viral Infections
"A scaly area on my feet, mild itching.",Atopic Dermatitis
My skin on my shoulder is doing something weird -- a discolored spot,Seborrheic Keratoses
"There's a scaly, reddish-pink patch on the back of my hands -- flaky and thickened -- that it hasn't changed much.",Benign Keratosis-like Lesions
No significant pain -- an inflamed patch on my neck.,Fungal Infections
On my neck: a bump that keeps bleeding even after a very minor bump or scrape. it hasn't changed much.,Basal Cell Carcinoma
I'm worried about a raised bump on my neck because has been slowly growing thicker over several years.,Seborrheic Keratoses
A tan to dark brown growth that looks thicker and greasier than a normal mole on my scalp. with irregular edges.,Seborrheic Keratoses
"I'm not sure what a rough, sandpaper-like patch that feels much rougher than it looks on my neck is -- dry and scaly and no significant pain.",Benign Keratosis-like Lesions
"There's a small, uniform dark brown spot with no irregular areas on my hands -- rough and flaky -- that it hasn't changed much.",Melanocytic Nevi
"The skin on my scalp shows an open sore that bleeds, scabs over, and then reopens a few weeks later, and I've been dealing with no discomfort, it just won't go away.",Basal Cell Carcinoma
"I have mild irritation, along with a discolored spot on my leg with fuzzy borders.",Seborrheic Keratoses
"I have no significant pain, along with a small, shiny, pearly bump on my nose with translucent, blurry borders.",Basal Cell Carcinoma
"I'm worried about cracked, peeling skin on my groin and inner thigh because it's been there for a while.",Fungal Infections
I've got a reddish mark on my shoulder.,Melanocytic Nevi
There's a hereditary skin condition -- my sibling has it too on my back.,Atopic Dermatitis
I've had a scaly area on my back for some time. rough and flaky. mild irritation.,Fungal Infections
Should I be worried about plaques appearing exactly where my skin was scratched or injured on my feet? rough-feeling in that spot. it showed up recently.,Psoriasis Lichen Planus
"A mole with an uneven, asymmetrical shape on my face. with fuzzy borders.",Melanoma
"There's a thick, yellowed, crumbly nail that's lifting off the nail bed on the sole of my foot with fuzzy borders, and flaky and thickened.",Fungal Infections
"The skin on my forearm shows an inflamed patch, and I've been dealing with mild itching.",Melanocytic Nevi
"There's a dry, crusty spot on a sun-damaged area that keeps peeling off and returning on my leg.",Benign Keratosis-like Lesions
"There's a dry patch on my scalp, and mild itching.",Basal Cell Carcinoma
"I have a reddish mark on my neck, and rough and flaky.",Fungal Infections
I developed a growth that bleeds on my neck that comes with mild irritation but nothing painful.,Basal Cell Carcinoma
"I've had a stinging sensation where the skin cracks at the edges for a while now. There's red patches with silvery-white scales on my back with precise, punched-out looking borders.",Psoriasis Lichen Planus
"Should I be worried about a waxy, stuck-on looking growth on my chest? rough and flaky. it's been there for a while.",Seborrheic Keratoses
"I've got a symmetric mole with a smooth, even border near my knee.",Melanocytic Nevi
"Raw, weeping patches that crust over as they heal on my feet. intense itching that gets worse at night.",Eczema
A rough patch on my fingernail. keeps expanding outward from the center. burning between my toes.,Fungal Infections
"A dry patch, on my neck, rough-feeling in that spot.",Fungal Infections
I have small circular bald patches on my scalp on my forearm. flaky and thickened. it's been there for several weeks. burning between my toes.,Fungal Infections
"Something doesn't look right on my arm: a pink growth with a slightly sunken, crater-like center with somewhat defined edges. flaky and thickened.",Basal Cell Carcinoma
"I've had dry, itchy patches that have been recurring since childhood on my leg that it showed up recently.",Atopic Dermatitis
"A reddish-brown patch that gets worse in hot, humid weather near my elbow. mild irritation.",Fungal Infections
"A rough patch, on my scalp, dry and rough to the touch.",Melanoma
"Cracked, dry skin on my cheeks, itching so bad it keeps me awake.",Atopic Dermatitis
"I noticed a thin, thread-like skin tag growing on my eyelid around my eyes, along with occasional mild itching.",Viral Infections
"Red, inflamed areas appeared on my face a while ago. with poorly defined edges. rough and thickened from scratching. it hasn't changed much.",Atopic Dermatitis
"When the weather changes, mild irritation and a red patch near my knee appear.",Benign Keratosis-like Lesions
"When my clothes rub against it, a soft, dome-shaped mole that's been stable for as long as I can remember on my chest gets worse.",Melanocytic Nevi
"Got a reddish mark on my forearm, dry and scaly",Eczema
"There's a scaly, reddish-pink patch on my shoulder -- feels tender when pressed -- and some mild discomfort.",Benign Keratosis-like Lesions
"My skin on my back is doing something weird -- red, ring-shaped scaly patches",Fungal Infections
An inflamed patch showed up on my face and it showed up recently,Benign Keratosis-like Lesions
I developed a raised bump near my knee that comes with occasional mild itching.,Melanocytic Nevi
"I'm concerned about a warty, barnacle-like bump with a rough, pitted surface on my neck that it's been there for a while -- some mild discomfort.",Seborrheic Keratoses
I'm concerned about a red patch on my neck that it's been there for a while -- mild itching.,Melanocytic Nevi
I've got skin prone to frequent infections from all the scratching around my eyes.,Atopic Dermatitis
I noticed a raised bump on my face. flaky and thickened. it's been there for a while.,Melanocytic Nevi
I have an inflamed patch on my shoulder. rough and flaky. it's been there for a while. mild itching.,Benign Keratosis-like Lesions
"I have a thick, yellowed, crumbly nail that's lifting off the nail bed on my arm.",Fungal Infections
"My skin on my forearm has been off. an open sore that bleeds, scabs over, and then reopens a few weeks later. dry and rough to the touch. no real pain.",Basal Cell Carcinoma
"Lately I've had a flat, slightly rough patch darker than the surrounding skin on my forearms that comes with no real pain.",Benign Keratosis-like Lesions
"Something doesn't look right on my wrist: red, inflamed areas with somewhat defined edges. rough-feeling in that spot.",Atopic Dermatitis
"My skin on my groin and inner thigh has been off. red, ring-shaped scaly patches. soft and macerated where skin touches skin. occasional mild itching.",Fungal Infections
"Lately I've had a reddish-brown patch that gets worse in hot, humid weather between my toes that comes with some mild discomfort.",Fungal Infections
On my arm: a growth that bleeds. it showed up recently.,Melanoma
"My skin on the back of my hands has been off. dry, red inflamed patches. dry and scaly. some mild discomfort.",Atopic Dermatitis
A dark spot that's been changing on my face flares when my clothes rub against it.,Melanoma
I developed a dry patch on my back that comes with itchy and irritated.,Eczema
I have a dry patch on my scalp with fuzzy borders.,Benign Keratosis-like Lesions
"After I cut myself shaving near the area, a cluster of small flesh-colored bumps on my back gets worse.",Viral Infections
"A mole that started bleeding on its own without any injury near my elbow. with irregular, notched, uneven borders.",Melanoma
"A flat, pink-red scaly patch with a gritty texture on my sun-exposed skin on my feet, tenderness when I press on it.",Benign Keratosis-like Lesions
On my fingers: a scaly area. it's been there for a while.,Eczema
Mild irritation -- pinpoint bleeding spots when the scale is removed on my shins.,Psoriasis Lichen Planus
I've got a scaly area near my elbow.,Benign Keratosis-like Lesions
"Weird patches that ooze and crust on my shoulder, flaky and rough, no clue what it is",Eczema
"The skin on my arm shows a dark spot that's been changing, and I've been dealing with a strange new sensation I never noticed before.",Melanoma
"When I sweat, I get a red patch on my leg.",Viral Infections
"A mole with an asymmetrical, uneven shape -- one half doesn't match the other on my face. it showed up recently. itching and occasional soreness around it.",Melanoma
"There's a thin, thread-like skin tag growing on my eyelid on my forearm with distinct, punched-out looking edges, and hard and firm to the touch.",Viral Infections
I notice no significant pain when my clothes rub against it. There's a rough patch on my scalp.,Seborrheic Keratoses
I have an inflamed patch on my face and honestly it hasn't changed much,Fungal Infections
Scaly red patches on my leg. mild irritation.,Psoriasis Lichen Planus
"Something's going on on my scalp. It's a flat, pink-red scaly patch with a gritty texture on my sun-exposed skin. feels dry and crusty when I run my finger over it. no real pain.",Benign Keratosis-like Lesions
There's a patch on my cheek. It looks like a red patch. waxy and scar-like. has been slowly growing over several months.,Basal Cell Carcinoma
"On areas that get a lot of sun exposure, occasional mild itching and a small, dry, crusty spot on my hands appear.",Benign Keratosis-like Lesions
Something on my feet looks like a pigmented spot and it came on gradually,Melanoma
I'm worried about skin prone to frequent infections from all the scratching on my hands because it came on gradually.,Atopic Dermatitis
"Should I be worried about a scaly, wart-like bump on my hands? dry and scaly. grew alongside several similar spots in the same area.",Seborrheic Keratoses
I've had a red patch on my face that it's been there for a while.,Psoriasis Lichen Planus
"There's a brown to dark brown raised plaque with a greasy, waxy feel on my neck -- dry and scaly -- that it's been there for several weeks.",Seborrheic Keratoses
"I'm worried about skin prone to frequent infections from all the scratching on my scalp because gets noticeably worse in cold, dry weather.",Atopic Dermatitis
"It started as a flat, reddish, scaly patch near my elbow. Now waxy and scar-like. the scab keeps falling off and the raw area underneath comes back.",Basal Cell Carcinoma
On my back: a red patch. it hasn't changed much.,Benign Keratosis-like Lesions
A single-colored mole that looks exactly the same as it did years ago on my wrist. no significant pain.,Melanocytic Nevi
I've had a raised bump on my arm that it came on gradually.,Melanocytic Nevi
"I've had a discolored spot on my shoulder for a while, with itching that can get severe.",Psoriasis Lichen Planus
There's a scaly area on my scalp.,Melanoma
I have a discolored spot on my neck with rough-feeling in that spot.,Fungal Infections
"I developed a small, round, evenly colored brown spot on my feet that comes with no real pain.",Melanocytic Nevi
"So I've got plaques appearing exactly where my skin was scratched or injured on my hands, with some mild discomfort",Psoriasis Lichen Planus
"No particular trigger, it just appeared gradually, mild irritation when it catches on something and a brown to dark brown raised plaque with a greasy, waxy feel on my shoulder appear.",Seborrheic Keratoses
I've had mild itching for a while now. There's a flat-topped warty bump that keeps multiplying on the sole of my foot with fuzzy borders.,Viral Infections
"When the weather changes, no discomfort, it just won't go away and a dry patch on my shoulder appear.",Basal Cell Carcinoma
"I have a mole with an asymmetrical, uneven shape -- one half doesn't match the other on my scalp with rough and flaky.",Melanoma
"Got a soft, dome-shaped mole that's been stable for as long as I can remember on my back and it came on gradually",Melanocytic Nevi
"A growth that bleeds near my knee, mild irritation, been there ages",Basal Cell Carcinoma
"A rough-surfaced growth on my feet. with sharp, well-defined, stuck-on looking edges.",Seborrheic Keratoses
"I have a raised, well-defined bump on the back of my knuckles with rough-feeling in that spot.",Viral Infections
My skin on my face has been off. a skin lesion. soft and macerated where skin touches skin. burning between my toes.,Fungal Infections
"When I'm stressed, I get scaly, irritated skin on my forearm.",Atopic Dermatitis
A dry patch appeared on my shoulder a while ago. with fuzzy borders. dry and scaly. it's been there for a while.,Seborrheic Keratoses
"Near my elbow: a warty, barnacle-like bump with a rough, pitted surface. it showed up recently.",Seborrheic Keratoses
"My skin on my forearm is doing something weird -- a smooth, symmetric mole",Melanocytic Nevi
"Got small circular bald patches on my scalp on my neck and has been getting worse in hot, humid conditions",Fungal Infections
On my chest: thick silvery-white scales that flake off in sheets. it came on gradually.,Psoriasis Lichen Planus
"A waxy, 'stuck-on' looking growth that appears pasted onto the skin surface on my arm flares when I sweat.",Seborrheic Keratoses
"I've had a rough, sandpaper-like patch on my scalp for a while, with no real pain.",Benign Keratosis-like Lesions
"Something showed up on my neck. It's a pigmented spot with an even, clearly defined edge. dry and scaly. no significant pain.",Melanocytic Nevi
"I've had a rough patch on my back for a while, with no itching or pain at all.",Melanocytic Nevi
"Lately I've had cracked, dry skin that stings on the back of my hands that comes with intense itching that gets worse at night.",Eczema
I have a rough-surfaced growth on my chest with fuzzy borders.,Seborrheic Keratoses
There's a reddish mark on my face -- rough and flaky -- and no real pain.,Melanoma
My skin near my elbow is doing something weird -- a circular scaly rash,Fungal Infections
My skin on the back of my hands is doing something weird -- a rough patch,Eczema
"I have no significant pain, and there's a pigmented spot near my elbow.",Melanocytic Nevi
"There's a red patch on my hands, and occasional mild itching.",Viral Infections
"A raised, warty growth on my neck. showed up suddenly and multiplied into several bumps. painful when I put weight on it.",Viral Infections
"I noticed a rough, sandpaper-like patch that feels much rougher than it looks on the back of my hands. rough and flaky. it's been there for several weeks.",Benign Keratosis-like Lesions
"I've been watching a spot with irregular, notched borders on my neck and it came on gradually. itching and occasional soreness around it.",Melanoma
I've had an inflamed patch near my knee that it showed up recently.,Viral Infections
"Red, inflamed areas appeared on my wrist a while ago. with poorly defined edges. flaky and thickened. it's been there for several weeks.",Atopic Dermatitis
"I'm noticing an open sore that bleeds, scabs over, and then reopens a few weeks later on my scalp.",Basal Cell Carcinoma
"I noticed a raised bump around my eyes, along with mild itching.",Viral Infections
"I have thickened, leathery patches on my neck and honestly has come and gone since childhood",Atopic Dermatitis
I'm worried about a reddish mark on my arm because it showed up recently.,Seborrheic Keratoses
I've got a red patch on my back -- rough-feeling in that spot -- and mild irritation,Melanocytic Nevi
Scaly red patches on my wrist flares when my clothes rub against it.,Psoriasis Lichen Planus
I have a rough-surfaced growth on my face. rough and flaky. it's been there for several weeks. no real pain.,Benign Keratosis-like Lesions
"There's a growth that looks like it could be lifted off with a fingernail on my arm, feels like it's sitting on top of the skin rather than growing from it, not sure what it is",Seborrheic Keratoses
There's a patch on my face. It looks like a scaly area. rough-feeling in that spot. it showed up recently.,Psoriasis Lichen Planus
"There's a raised, well-defined bump on my back with irregular edges, and feels like it's sitting on top of the skin rather than growing from it.",Seborrheic Keratoses
"So on my arm there's a smooth, symmetric mole, and no discomfort whatsoever",Melanocytic Nevi
"A soft, dome-shaped mole that's been stable for as long as I can remember on my scalp flares when I sweat.",Melanocytic Nevi
Something on my torso looks like a reddish-brown rash and it came on gradually,Fungal Infections
"I have a small, round, evenly colored brown spot on my neck.",Melanocytic Nevi
"I've had a brown to dark brown raised plaque with a greasy, waxy feel on my face that stayed the same size for a long time but got darker recently.",Seborrheic Keratoses
I've had a stinging feeling especially after sweating for a while now. There's small circular bald patches on my scalp near my elbow with somewhat defined edges.,Fungal Infections
"On my back: a small, uniform dark brown spot with no irregular areas. it's been there for several weeks.",Melanocytic Nevi
"Something doesn't look right near my elbow: a brown to dark brown raised plaque with a greasy, waxy feel with sharp, well-defined, stuck-on looking edges. rough-feeling in that spot.",Seborrheic Keratoses
My skin on my wrist has been off. symmetrical red patches on both sides of my body. rough and thickened from scratching. intense itching that wakes me up at night.,Atopic Dermatitis
"I developed patches with blurry, ill-defined edges that spread gradually on my arm that comes with mild itching.",Eczema
"A thin, thread-like skin tag growing on my eyelid on my neck, mild itching, been there ages",Viral Infections
"I've been watching athlete's foot causing cracked, peeling, white skin between my toes on my back and has been getting worse in hot, humid conditions. some mild discomfort.",Fungal Infections
"I have a ring-shaped rash with a raised scaly outer border and clearer skin in the middle on my scalp with a clearly raised, scaly outer edge.",Fungal Infections
"I've had cracked, peeling skin on my upper back and chest that it showed up recently.",Fungal Infections
There's a rash that keeps expanding outward in a ring shape on my forearm.,Fungal Infections
Got a dry patch on my leg and has been there for months without healing completely,Benign Keratosis-like Lesions
"There's a hard lump with visible black specks that look like seeds on the back of my knuckles, rough like sandpaper on the surface, not sure what it is",Viral Infections
"There's a patch on my wrist. It looks like raw, weeping patches that crust over as they heal. flaky and thickened. it showed up recently.",Eczema
"I'm worried about a thin, thread-like skin tag growing on my eyelid on my wrist because it's been there for several weeks.",Viral Infections
"When my clothes rub against it, some mild discomfort and scaly, irritated skin on my wrists appear.",Atopic Dermatitis
There's a scaly area on my back.,Eczema
I've had a raised bump on my back that it came on gradually.,Seborrheic Keratoses
"A flat, pink-red scaly patch with a gritty texture on my sun-exposed skin on my wrist, some mild discomfort, been there ages",Benign Keratosis-like Lesions
"An open sore that bleeds, scabs over, and then reopens a few weeks later on my ear. some mild discomfort.",Basal Cell Carcinoma
I noticed a hereditary skin condition -- my sibling has it too near my knee. dry and scaly. it's been there for several weeks.,Atopic Dermatitis
A rough patch on my face. with somewhat defined edges.,Viral Infections
"A scaly area, on the sole of my foot, dry and scaly.",Fungal Infections
I've noticed small circular bald patches on my scalp on my hands lately.,Fungal Infections
"Weird a rough patch near my elbow, dry and rough to the touch, no clue what it is",Melanocytic Nevi
"I have no real pain, along with a waxy, 'stuck-on' looking growth that appears pasted onto the skin surface on my feet with fuzzy borders.",Seborrheic Keratoses
"I have no significant pain, along with a rough patch on my face with smooth, perfectly regular borders.",Melanocytic Nevi
"I've had sharply defined, scaly plaques on my feet for some time. rough-feeling in that spot. no significant pain.",Psoriasis Lichen Planus
A raised bump showed up on my face a while back.,Fungal Infections
"I have mild irritation, and there's cracked, dry skin on my feet.",Atopic Dermatitis
A raised bump showed up on my wrist a while back.,Basal Cell Carcinoma
"Weird a scaly area on my scalp, crumbly and brittle on the nail, no clue what it is",Fungal Infections
I have symmetrical red patches on both sides of my body on my neck. dry and scaly. it showed up recently. mild itching.,Atopic Dermatitis
On my hands: small circular bald patches on my scalp. it came on gradually.,Fungal Infections
"The skin on my hands shows a smooth, symmetric mole, and I've been dealing with no significant pain.",Melanocytic Nevi
"I've had a raised, well-defined bump on my wrist for some time. rough-feeling in that spot. no real pain.",Seborrheic Keratoses
"When the weather changes, a mole with an uneven, asymmetrical shape on my wrist gets worse.",Melanoma
"My skin near my elbow has been off. white, scaly patches. rough-feeling in that spot. mild itching.",Fungal Infections
"When I sweat, itching that can get severe and a reddish mark on my elbows and knees appear.",Psoriasis Lichen Planus
"I noticed cracked, dry skin on my wrist, along with itchy and irritated.",Atopic Dermatitis
"Got skin that breaks open and oozes when it flares near my elbow, rough-feeling in that spot",Eczema
"I have no real pain, and there's athlete's foot causing cracked, peeling, white skin between my toes on my scalp.",Fungal Infections
"I noticed a reddish mark on my arm, along with no significant pain.",Seborrheic Keratoses
Something's going on on my wrist. It's a discolored spot. dry and rough to the touch. a stinging sensation where the skin cracks at the edges.,Psoriasis Lichen Planus
"Something on my scalp looks like dry, red inflamed patches and it came on gradually",Atopic Dermatitis
"I have no significant pain, along with small circular bald patches on my scalp on my wrist with irregular edges.",Fungal Infections
"I have blistering skin that bursts and leaves raw, wet patches on my wrists, and rough-feeling in that spot.",Eczema
I've got a cluster of small flesh-colored bumps on my neck -- dry and rough to the touch -- and occasional itching around the bump,Viral Infections
"When I sweat, I get a pigmented spot on my shoulder.",Melanocytic Nevi
"I've got cracked, dry skin that stings on my chest -- dry and cracked to the touch -- and some mild discomfort",Eczema
Something's going on on the back of my knuckles. It's a hard lump with visible black specks that look like seeds. flaky and thickened. no significant pain.,Viral Infections
The skin on my hands has changed. There's small flat-topped shiny purplish bumps now. rough and flaky. it's been there for a while.,Psoriasis Lichen Planus
"I'm not sure what a reddish-brown patch that gets worse in hot, humid weather on my upper back and chest is -- soft and macerated where skin touches skin and burning between my toes.",Fungal Infections
I have a mole with several colors mixed in on my hands and honestly it came on gradually,Melanoma
"I have a raised bump on my arm, and rough-feeling in that spot.",Melanocytic Nevi
"Weird a single-colored mole that looks exactly the same as it did years ago on my wrist, dry and rough to the touch, no clue what it is",Melanocytic Nevi
"When I sweat, I get patches that ooze clear fluid when I scratch near my elbow.",Eczema
I have a discolored spot on my arm.,Psoriasis Lichen Planus
"Patches with blurry, ill-defined edges that spread gradually near my elbow, occasional mild itching, been there ages",Eczema
A ring-shaped rash with a raised scaly outer border and clearer skin in the middle on my chest. flaky and thickened.,Fungal Infections
"I'm concerned about scaly, irritated skin on my scalp that it hasn't changed much -- a burning, stinging feeling after I sweat.",Atopic Dermatitis
"I have a rough-surfaced growth on my scalp, and rough and bumpy on the surface.",Seborrheic Keratoses
"A rough patch, near my knee, rough and flaky.",Melanocytic Nevi
"Should I be worried about a perfectly round, evenly colored brown spot that hasn't changed at all on my face? flaky and thickened. it hasn't changed much.",Melanocytic Nevi
"I've been watching a single-colored mole that looks exactly the same as it did years ago on my back and it's been there for several weeks. nothing unusual, it's just always been there.",Melanocytic Nevi
No discomfort whatsoever -- a dry patch on my face.,Melanocytic Nevi
I have a raised bump on my shoulder with dry and rough to the touch.,Basal Cell Carcinoma
I'm concerned about a rough patch near my elbow that hasn't healed in over two months despite repeated scabbing -- some mild discomfort.,Basal Cell Carcinoma
"There's a shiny, pearly bump with tiny visible blood vessels running through it on my wrist, and mild irritation but nothing painful.",Basal Cell Carcinoma
"I've had a dry patch on my back for a while, with intense itching and burning.",Fungal Infections
"When I sweat, I get a raised bump on my nose.",Basal Cell Carcinoma
"I noticed a symmetric mole with a smooth, even border on my chest, along with no real pain.",Melanocytic Nevi
"I noticed red, ring-shaped scaly patches on my back, along with a stinging feeling especially after sweating.",Fungal Infections
"It started as a slightly raised, uniform-colored bump near my elbow. Now slightly raised but soft. has been there since I was a kid and never changed.",Melanocytic Nevi
"Cracked, peeling skin on my scalp, mild itching.",Fungal Infections
A scaly area on my wrist. dry and scaly.,Melanoma
A pigmented spot showed up on my feet and started as a small mole and has grown noticeably bigger,Melanoma
A mole that has been visibly growing and changing over the past few months on my face. itching and occasional soreness around it.,Melanoma
"Lately I've had a pink growth with a slightly sunken, crater-like center on my face that comes with occasional mild itching.",Basal Cell Carcinoma
"So on my neck there's scaly red patches, and severe itching I can barely control",Eczema
"Should I be worried about a scaly, wart-like bump on my feet? rough and flaky. it's been there for several weeks.",Seborrheic Keratoses
I notice occasional mild itching when my clothes rub against it. There's a skin lesion on my face.,Eczema
"There's a reddish mark on my chest, and mild itching.",Atopic Dermatitis
Skin that breaks open and oozes when it flares appeared on my back a while ago. with fuzzy borders. rough and flaky. it came on gradually.,Eczema
"I've had patches with blurry, ill-defined edges that spread gradually on my face that spreads a bit more every time I scratch it.",Eczema
"There's a discolored spot on the sole of my foot -- rough around the border, softer in the center -- that it showed up recently.",Fungal Infections
"I have no real pain, along with patches with blurry, ill-defined edges that spread gradually near my elbow with blurry, ill-defined edges.",Eczema
I'm not sure what thick silvery-white scales that flake off in sheets on my lower back is -- dry and rough to the touch and mild itching.,Psoriasis Lichen Planus
"I'm concerned about red, ring-shaped scaly patches on my face that it showed up recently -- mild irritation.",Psoriasis Lichen Planus
A raised bump showed up near my elbow a while back.,Psoriasis Lichen Planus
"I have a round, well-defined growth on my neck with dry and rough to the touch.",Seborrheic Keratoses
"When I sweat, a rough patch on my back gets worse.",Melanoma
"I have a flat, reddish, scaly patch on my nose, and the center feels soft and tends to crust over.",Basal Cell Carcinoma
Should I be worried about a discolored spot on my leg? flaky and rough. it showed up recently.,Eczema
I have a growth that bleeds on my cheek with smooth and shiny on the surface.,Basal Cell Carcinoma
"I notice no discomfort, it just won't go away when I sweat. There's a scaly area on my wrist.",Basal Cell Carcinoma
"There's patches with blurry, ill-defined edges that spread gradually near my knee -- dry and rough to the touch -- and no significant pain.",Eczema
I've noticed occasional mild itching and there's small circular bald patches on my scalp on my arm. with fuzzy borders. it showed up recently.,Fungal Infections
"A waxy, stuck-on looking growth appeared on my hands a while ago. with distinct, punched-out looking edges. flaky and thickened. it came on gradually.",Seborrheic Keratoses
"Dry, red inflamed patches on my chest, itching so bad it keeps me awake.",Atopic Dermatitis
I'm noticing a dry patch on my leg.,Psoriasis Lichen Planus
"The skin on my shoulder shows scaly red patches, and I've been dealing with no real pain.",Eczema
I've got a scaly area on the sole of my foot.,Fungal Infections
"A single-colored mole that looks exactly the same as it did years ago appeared on my wrist a while ago. with an even, clearly defined edge. flaky and thickened. it came on gradually.",Melanocytic Nevi
"Bumps with a fine white lacy pattern on the surface, on my elbows and knees, rough-feeling in that spot.",Psoriasis Lichen Planus
I have pinpoint bleeding spots when the scale is removed on my lower back.,Psoriasis Lichen Planus
"There's a pigmented spot on my leg, and nothing unusual, it's just always been there.",Melanocytic Nevi
"I notice mild itching when I sweat. There's a rough, sandpaper-like patch that feels much rougher than it looks on my wrist.",Benign Keratosis-like Lesions
"A red patch, on my back, flaky and thickened.",Melanoma
There's a patch on the back of my hands. It looks like patches that ooze clear fluid when I scratch. flaky and thickened. flares and then settles down.,Eczema
"There's raw, inflamed skin on my feet with irregular edges, and flaky and thickened.",Eczema
"A thin, thread-like skin tag growing on my eyelid on my shoulder. with distinct, punched-out looking edges.",Viral Infections
"I have mild discomfort when I press on it, and there's a smooth, pearly bump with a small dimple in the center on my wrist.",Viral Infections
A mole with several colors mixed in appeared on my chest a while ago. with irregular edges. flaky and thickened. it's been there for a while.,Melanoma
"I've had red, inflamed areas on the folds of my elbows and knees that it's been there for several weeks.",Atopic Dermatitis
"A discolored spot, on my forearm, dry and scaly.",Melanocytic Nevi
I've got skin prone to frequent infections from all the scratching on my feet -- rough and flaky -- and mild irritation,Atopic Dermatitis
Something's going on on my hands. It's a raised bump. thick and plaque-like. mild irritation.,Psoriasis Lichen Planus
"A small, uniform dark brown spot with no irregular areas, on my forearm, rough and flaky.",Melanocytic Nevi
"Got a scaly area on my face, even and smooth to the touch",Melanocytic Nevi
Lately I've had a skin lesion on my leg that comes with occasional mild itching.,Basal Cell Carcinoma
"I'm not sure what dry, red inflamed patches on my back is -- feels dry and scaly to the touch and no significant pain.",Atopic Dermatitis
I noticed an inflamed patch on my scalp. smooth and shiny on the surface. it showed up recently.,Basal Cell Carcinoma
"I'm not sure what sharply defined plaques with very clear, distinct edges on my shoulder is -- dry and rough to the touch and mild itching.",Psoriasis Lichen Planus
"I have a rough, sandpaper-like patch that feels much rougher than it looks on my hands and honestly has been there for months without healing completely",Benign Keratosis-like Lesions
"Mild irritation -- a round, well-defined growth on my back.",Seborrheic Keratoses
It started as scaly red patches near my elbow. Now rough-feeling in that spot. it's been there for a while.,Psoriasis Lichen Planus
"I have mild discomfort when I press on it, and there's a hard, rough-surfaced growth on my face.",Viral Infections
"On my feet: a brown to dark brown raised plaque with a greasy, waxy feel. grew alongside several similar spots in the same area.",Seborrheic Keratoses
"There's sharply defined plaques with very clear, distinct edges on my neck with irregular edges. dry and scaly. no real pain.",Psoriasis Lichen Planus
"I have a scaly, reddish-pink patch on my face.",Benign Keratosis-like Lesions
A rough-surfaced growth showed up near my elbow and keeps coming back in the same spot after it peels off,Benign Keratosis-like Lesions
I notice no significant pain on areas that get a lot of sun exposure. There's a scaly area on my bald scalp.,Benign Keratosis-like Lesions
There's a patch on my face. It looks like a hereditary skin condition -- my sibling has it too. rough-feeling in that spot. it's been there for several weeks.,Atopic Dermatitis
A scaly area showed up on my arm and it hasn't changed much,Basal Cell Carcinoma
"I've noticed no real pain and there's white, scaly patches on my wrist. with a well-defined ring-shaped border. it's been there for several weeks.",Fungal Infections
"A raised bump on my fingers, no real pain, been there ages",Eczema
"There's a waxy, scar-like flat patch with an indistinct border on my nose -- the center feels soft and tends to crust over -- and mild irritation.",Basal Cell Carcinoma
"I'm worried about a raised, well-defined bump near my elbow because it's been there for a while.",Seborrheic Keratoses
I have small circular bald patches on my scalp on my shoulder. rough and flaky. hasn't cleared up even after several weeks. mild irritation.,Fungal Infections
"There's a scaly, wart-like bump on my face, rough-feeling in that spot, not sure what it is",Seborrheic Keratoses
It started as a reddish mark on my lower back. Now flaky and rough. it's been there for a while.,Psoriasis Lichen Planus
"The skin on my leg shows a brown to dark brown raised plaque with a greasy, waxy feel, and I've been dealing with mild irritation.",Seborrheic Keratoses
"There's a skin lesion on my neck, rough-feeling in that spot, not sure what it is",Psoriasis Lichen Planus
"My skin on my chest is doing something weird -- a waxy, stuck-on looking growth",Seborrheic Keratoses
"There's red, ring-shaped scaly patches on my face.",Fungal Infections
Lately I've had thick silvery-white scales that flake off in sheets on my scalp that comes with itching that can get severe.,Psoriasis Lichen Planus
On my wrists: a raised bump. it's been there for a while.,Atopic Dermatitis
I have a raised bump on my back. rough and flaky. it's been there for several weeks. no significant pain.,Psoriasis Lichen Planus
"Got white, scaly patches near my elbow, rough and flaky",Fungal Infections
On my back: a hard lump with visible black specks that look like seeds. it came on gradually.,Viral Infections
Lately I've had a reddish mark on my forearm that comes with some mild discomfort.,Fungal Infections
It started as a rough patch on my arm. Now dry and rough to the touch. it showed up recently.,Eczema
It started as itchy red patches on my wrist. Now dry and cracked to the touch. it showed up recently.,Eczema
"I have a rough, cauliflower-like bump with tiny black dots on the surface on my wrist with rough-feeling in that spot.",Viral Infections
"The skin on my neck shows a reddish mark, and I've been dealing with mild irritation.",Melanocytic Nevi
"A pink growth with a slightly sunken, crater-like center on my cheek. the center feels soft and tends to crust over.",Basal Cell Carcinoma
"There's skin prone to frequent infections from all the scratching on my arm, rough-feeling in that spot, not sure what it is",Atopic Dermatitis
"I've noticed a flat, reddish, scaly patch on my scalp lately.",Basal Cell Carcinoma
"There's small rough bumps covering my upper arms and thighs on the back of my hands, feels dry and scaly to the touch, not sure what it is",Atopic Dermatitis
"Weird a skin lesion on my forearm, partly flat and partly raised within the same spot, no clue what it is",Melanoma
An inflamed patch appeared on my neck a while ago. with somewhat defined edges. flaky and thickened. it came on gradually.,Seborrheic Keratoses
There's a red patch on my neck -- flaky and thickened -- that it's been there for a while.,Viral Infections
I developed a slightly raised rough patch that bleeds lightly when I scratch it on my leg that comes with mild stinging or burning feeling.,Benign Keratosis-like Lesions
"I have a brown to dark brown raised plaque with a greasy, waxy feel on my shoulder with rough and bumpy on the surface.",Seborrheic Keratoses
My skin on my leg has been off. a reddish mark. flaky and thickened. mild irritation.,Atopic Dermatitis
I've had a rough patch on my bald scalp for some time. rough-feeling in that spot. mild itching.,Benign Keratosis-like Lesions
"A red patch, on my hands, dry and rough to the touch.",Eczema
"Something showed up on my arm. It's a perfectly round, evenly colored brown spot that hasn't changed at all with fuzzy borders. slightly raised but soft. some mild discomfort.",Melanocytic Nevi
"I'm concerned about a waxy, 'stuck-on' looking growth that appears pasted onto the skin surface on my shoulder that it's been there for a while -- mild irritation when it catches on something.",Seborrheic Keratoses
Small flat-topped shiny purplish bumps on my neck. dry and rough to the touch.,Psoriasis Lichen Planus
"I've had a symmetric mole with a smooth, even border on my back for some time. slightly raised but soft. no discomfort whatsoever.",Melanocytic Nevi
"I have raw, weeping patches that crust over as they heal near my elbow with irregular edges.",Eczema
I've got small flat-topped shiny purplish bumps on my ankles -- feels rough and raised -- and no significant pain,Psoriasis Lichen Planus
"A dry patch between my toes, burning between my toes, been there ages",Fungal Infections
Lately I've had a circular scaly rash on my face that comes with no real pain.,Fungal Infections
"Something doesn't look right on my face: a flat, pink-red scaly patch with a gritty texture on my sun-exposed skin with somewhat defined edges. feels tender when pressed.",Benign Keratosis-like Lesions
I've noticed no significant pain and there's a scaly area on my back. with somewhat defined edges. the scab keeps falling off and the raw area underneath comes back.,Basal Cell Carcinoma
I have a mole that has been visibly growing and changing over the past few months on my face with dry and rough to the touch.,Melanoma
"I've had red, ring-shaped scaly patches on my neck that it hasn't changed much.",Fungal Infections
"I have a flat, slightly rough patch darker than the surrounding skin on my feet with rough and gritty like sandpaper.",Benign Keratosis-like Lesions
"I have a rough, cauliflower-like bump with tiny black dots on the surface on my shoulder with flaky and thickened.",Viral Infections
Something doesn't look right near my knee: a skin lesion with fuzzy borders. dry and rough to the touch.,Psoriasis Lichen Planus
"I've had a red patch near my elbow for a while, with occasional mild itching.",Melanocytic Nevi
"My skin on my forehead is doing something weird -- a pink growth with a slightly sunken, crater-like center",Basal Cell Carcinoma
"There's an itch that triggers before any visible rash appears on my hands with blurry borders that blend into surrounding skin, and dry and rough to the touch.",Atopic Dermatitis
A growth that looks like it could be lifted off with a fingernail on my wrist. occasional mild itching.,Seborrheic Keratoses
"There's a rough, cauliflower-like bump with tiny black dots on the surface on the back of my knuckles, and mild discomfort when I press on it.",Viral Infections
"A hard lump with visible black specks that look like seeds, on my finger, rough like sandpaper on the surface.",Viral Infections
"Lately I've had a smooth, symmetric mole on my leg that comes with no discomfort whatsoever.",Melanocytic Nevi
"The skin on my back has changed. There's a small, uniform dark brown spot with no irregular areas now. dry and rough to the touch. has been there since I was a kid and never changed.",Melanocytic Nevi
I have a rough patch on my back with somewhat defined edges.,Fungal Infections
"There's a mole with multiple colors -- brown, black, red, and even some pale areas near my elbow with somewhat defined edges, and rough and flaky.",Melanoma
"I have a pink growth with a slightly sunken, crater-like center on my shoulder, and flaky and thickened.",Basal Cell Carcinoma
An open sore that won't fully heal on my neck. it came on gradually. mild irritation.,Basal Cell Carcinoma
"When I sweat, I get a growth that looks like it could be lifted off with a fingernail on my shoulder.",Seborrheic Keratoses
"I have a dry patch on my wrist, and dry and rough to the touch.",Viral Infections
"I've had a scaly area on my scalp for a while, with itching that can get severe.",Psoriasis Lichen Planus
I have a rough patch on my arm. feels crusty and dry. clears up for a few weeks and then flares back up. some mild discomfort.,Eczema
I have a reddish mark on my leg with irregular edges.,Melanoma
I've got a discolored spot on my forearm.,Seborrheic Keratoses
I have a dry patch on my feet and honestly it came on gradually,Melanocytic Nevi
There's a cluster of small flesh-colored bumps on my arm.,Viral Infections
"My skin on my face has been off. a scaly, reddish-pink patch. flaky and thickened. occasional mild itching.",Benign Keratosis-like Lesions
"Mild itching -- a raised, warty growth near my knee.",Viral Infections
I have skin that weeps and crusts over on the inside of my elbows and honestly it came on gradually,Eczema
"So I've got white, scaly patches near my elbow, with occasional mild itching",Fungal Infections
"Lately I've had a pink growth with a slightly sunken, crater-like center on my arm that comes with no real pain.",Basal Cell Carcinoma
"I developed a slightly raised, uniform-colored bump on my back that comes with no discomfort whatsoever.",Melanocytic Nevi
"I'm concerned about a smooth, symmetric mole on my leg that has looked exactly the same for years -- nothing unusual, it's just always been there.",Melanocytic Nevi
"There's a reddish mark on my leg, and some mild discomfort.",Seborrheic Keratoses
It started as a mole with several colors mixed in on my hands. Now slightly raised and uneven. started as a small mole and has grown noticeably bigger.,Melanoma
Something's going on on my arm. It's a brown to dark brown raised patch. dry and scaly. no real pain.,Seborrheic Keratoses
"Lately I've had a mole with multiple colors -- brown, black, red, and even some pale areas on my shoulder that comes with some mild discomfort.",Melanoma
Something showed up on my feet. It's a scaly area with somewhat defined edges. dry and scaly. painful when I put weight on it.,Viral Infections
"I've had dry, itchy patches that have been recurring since childhood on my feet that it's been there for a while.",Atopic Dermatitis
"There's a mole with an asymmetrical, uneven shape -- one half doesn't match the other on my back.",Melanoma
I've got a raised bump on my fingernail.,Fungal Infections
"There's a red patch on my arm, and no real pain, but it bleeds a little sometimes.",Melanoma
Symmetrical red patches on both sides of my body showed up on my forearm and keeps returning in the same spots year after year,Atopic Dermatitis
Got a single-colored mole that looks exactly the same as it did years ago near my elbow and it's been there for a while,Melanocytic Nevi
"I noticed pinpoint bleeding spots when the scale is removed near my knee, along with no real pain.",Psoriasis Lichen Planus
The skin on my chest has changed. There's a reddish mark now. dry and scaly. it showed up recently.,Seborrheic Keratoses
"There's a reddish-brown rash on my torso with a clearly raised, scaly outer edge, and rough and flaky.",Fungal Infections
"Weird a flat, pink-red scaly patch with a gritty texture on my sun-exposed skin on my back, rough and flaky, no clue what it is",Benign Keratosis-like Lesions
"Sharply defined, scaly plaques near my knee. dry and scaly.",Psoriasis Lichen Planus
I have a raised bump near my knee and honestly it's been there for a while,Fungal Infections
"There's a thin, thread-like skin tag growing on my eyelid on my feet -- rough-feeling in that spot -- that it showed up recently.",Viral Infections
A pigmented spot showed up on my leg and it hasn't changed much,Melanoma
I'm noticing skin that breaks open and oozes when it flares on my hands.,Eczema
"Skin that breaks open and oozes when it flares, on my hands, flaky and thickened.",Eczema
"The skin on my wrist shows a reddish-brown patch that gets worse in hot, humid weather, and I've been dealing with occasional mild itching.",Fungal Infections
A reddish mark on my back. with fuzzy borders.,Atopic Dermatitis
A skin lesion on my scalp flares when I sweat.,Melanocytic Nevi
"When the weather changes, an inflamed patch on my shoulder gets worse.",Psoriasis Lichen Planus
"Should I be worried about a spot with jagged, notched, irregular borders near my knee? rough and flaky. it hasn't changed much.",Melanoma
"There's a mole with an asymmetrical, uneven shape -- one half doesn't match the other on my leg with jagged edges that look ragged, and rough and flaky.",Melanoma
"I'm not sure what a warty, barnacle-like bump with a rough, pitted surface on my back is -- rough and bumpy on the surface and mild irritation.",Seborrheic Keratoses
"I've had a raised, warty growth on my shoulder for some time. hard and firm to the touch. no significant pain.",Viral Infections
"So on my leg there's a rough patch, and nothing unusual, it's just always been there",Melanocytic Nevi
"So on my neck there's a scaly area, and no real pain",Atopic Dermatitis
"On areas that get a lot of sun exposure, I get a scaly, reddish-pink patch on my feet.",Benign Keratosis-like Lesions
Something on my forearm looks like a rash that keeps expanding outward in a ring shape and it's been there for several weeks,Fungal Infections
A tan to dark brown growth that looks thicker and greasier than a normal mole on my face. stayed the same size for a long time but got darker recently. no real pain.,Seborrheic Keratoses
Something doesn't look right on my scalp: a growth that bleeds with somewhat defined edges. flaky and thickened.,Melanoma
"Something on my forearms looks like a dry, crusty spot on a sun-damaged area that keeps peeling off and returning and it showed up recently",Benign Keratosis-like Lesions
"My skin inside my mouth is doing something weird -- dry, scaly skin",Psoriasis Lichen Planus
"When my clothes rub against it, I get a warty, barnacle-like bump with a rough, pitted surface on my trunk.",Seborrheic Keratoses
"When my feet stay damp in sweaty shoes, mild irritation and red, ring-shaped scaly patches on my arm appear.",Fungal Infections
I've had some mild discomfort for a while now. There's a bump that keeps bleeding even after a very minor bump or scrape on my scalp with somewhat defined edges.,Basal Cell Carcinoma
I'm worried about skin that breaks open and oozes when it flares on my scalp because it's been there for several weeks.,Eczema
"There's cracked, peeling skin on my scalp with somewhat defined edges, and dry and rough to the touch.",Fungal Infections
"I've had a rough, sandpaper-like patch that feels much rougher than it looks on my wrist that it showed up recently.",Benign Keratosis-like Lesions
A skin lesion on my wrist. with irregular edges.,Melanoma
"I noticed a growth that bleeds on my leg, along with no significant pain.",Basal Cell Carcinoma
"Weird a mole with an asymmetrical, uneven shape -- one half doesn't match the other on my chest, rough and flaky, no clue what it is",Melanoma
I have a growth that bleeds on my chest.,Melanoma
"There's red patches with silvery-white scales on my ankles, and itchy and irritated.",Psoriasis Lichen Planus
"A small, round, evenly colored brown spot on my leg. with fuzzy borders.",Melanocytic Nevi
"I notice no pain, just occasional mild itching if clothing rubs it when I sweat. There's a waxy, 'stuck-on' looking growth that appears pasted onto the skin surface on my hands.",Seborrheic Keratoses
"I have mild itching, along with a rough patch on my neck with somewhat defined edges.",Seborrheic Keratoses
"There's an inflamed patch near my knee, rough and flaky, not sure what it is",Atopic Dermatitis
"So on my leg there's a rough, sandpaper-like patch that feels much rougher than it looks, and occasional itching",Benign Keratosis-like Lesions
A growth that bleeds on my scalp. itching and occasional soreness around it.,Melanoma
"I've noticed a waxy, 'stuck-on' looking growth that appears pasted onto the skin surface on my shoulder lately.",Seborrheic Keratoses
Something's going on on my shoulder. It's a rough patch. dry and rough to the touch. occasional mild itching.,Melanocytic Nevi
Lately I've had a discolored spot around my eyes that comes with itching so bad it keeps me awake.,Atopic Dermatitis
"I've had a pink growth with a slightly sunken, crater-like center on my wrist that the scab keeps falling off and the raw area underneath comes back.",Basal Cell Carcinoma
"Something on my face looks like a waxy, scar-like flat patch with an indistinct border and it came on gradually",Basal Cell Carcinoma
"I have a growth that looks like it could be lifted off with a fingernail on my forearm, and flaky and thickened.",Seborrheic Keratoses
"I have occasional mild itching, along with patches that ooze clear fluid when I scratch on my wrist with fuzzy borders.",Eczema
"I have raw, weeping patches that crust over as they heal on my wrist with blurry, ill-defined edges.",Eczema
I've noticed mild irritation and there's an inflamed patch near my elbow. with somewhat defined edges. it showed up recently.,Atopic Dermatitis
"A rough, cauliflower-like bump with tiny black dots on the surface on my hands, occasional mild itching.",Viral Infections
"A reddish mark on my forearm, mild irritation.",Melanocytic Nevi
"So on my feet there's skin irritation triggered by a certain soap or fabric, and mild itching",Eczema
"On areas that get a lot of sun exposure, a skin lesion on my face gets worse.",Benign Keratosis-like Lesions
"So on my face there's an itch that triggers before any visible rash appears, and occasional mild itching",Atopic Dermatitis
"There's a scaly area on my arm, and no significant pain.",Viral Infections
There's a dry patch on my scalp with fuzzy borders. rough-feeling in that spot. no real pain.,Seborrheic Keratoses
"An open sore that bleeds, scabs over, and then reopens a few weeks later on my scalp. mild irritation.",Basal Cell Carcinoma
"Got a scaly, reddish-pink patch on my lower lip, rough-feeling in that spot",Benign Keratosis-like Lesions
"An inflamed patch on my neck, itching and occasional soreness around it.",Melanoma
"When I sweat, no significant pain and a flat, pink-red scaly patch with a gritty texture on my sun-exposed skin on my chest appear.",Benign Keratosis-like Lesions
"On areas that get a lot of sun exposure, I get an inflamed patch on my wrist.",Benign Keratosis-like Lesions
I'm not sure what a rough patch on my face is -- flaky and thickened and mild itching.,Melanocytic Nevi
I have a rough patch on my wrist with dry and rough to the touch.,Melanocytic Nevi
"So I've got a scaly area around my eyes, with mild irritation",Viral Infections
I've noticed a rash that keeps expanding outward in a ring shape on my upper back and chest lately.,Fungal Infections
No real pain -- small rough bumps covering my upper arms and thighs near my knee.,Atopic Dermatitis
"A rough patch on my leg, mild irritation.",Psoriasis Lichen Planus
"Should I be worried about a scaly, reddish-pink patch on my forearms? rough and flaky. has been there for months without healing completely.",Benign Keratosis-like Lesions
"Lately I've had a scaly, reddish-pink patch on my bald scalp that comes with mild itching.",Benign Keratosis-like Lesions
A small rough bump showed up on my shoulder a while back.,Viral Infections
"I've had a dry, crusty spot on a sun-damaged area that keeps peeling off and returning on my bald scalp for a while, with some mild discomfort.",Benign Keratosis-like Lesions
"I have itchy and irritated, along with a hereditary skin condition -- my sibling has it too on my feet with blurry borders that blend into surrounding skin.",Atopic Dermatitis
"On my nose: a shiny, pearly bump with tiny visible blood vessels running through it. it showed up recently.",Basal Cell Carcinoma
Something showed up around my eyes. It's a raised bump with somewhat defined edges. dry and cracked to the touch. intense itching that wakes me up at night.,Atopic Dermatitis
"The skin on my leg shows scaly, irritated skin, and I've been dealing with no real pain.",Atopic Dermatitis
I'm noticing a dry patch on my ears.,Benign Keratosis-like Lesions
"There's a smooth, symmetric mole on my stomach with fuzzy borders, and smooth and flat against my skin.",Melanocytic Nevi
"A pigmented spot on my shoulder, no real pain.",Melanocytic Nevi
There's a reddish mark on my bald scalp.,Benign Keratosis-like Lesions
Something showed up on my scalp. It's plaques appearing exactly where my skin was scratched or injured with somewhat defined edges. rough and flaky. a stinging sensation where the skin cracks at the edges.,Psoriasis Lichen Planus
"There's a growth that bleeds on my scalp with translucent, blurry borders. the center feels soft and tends to crust over. mild itching.",Basal Cell Carcinoma
There's patches on the extensor surface -- the outside of my elbows and knees on my lower back -- feels rough and raised -- and no real pain.,Psoriasis Lichen Planus
"I've got a hard, rough-surfaced growth on my wrist -- rough-feeling in that spot -- and some mild discomfort",Viral Infections
"Got a flat, pink-red scaly patch with a gritty texture on my sun-exposed skin on my face, feels tender when pressed",Benign Keratosis-like Lesions
"The skin on my scalp shows a skin lesion, and I've been dealing with occasional mild itching.",Seborrheic Keratoses
"My skin on my shoulder has been off. a flat, pink-red scaly patch with a gritty texture on my sun-exposed skin. feels dry and crusty when I run my finger over it. mild irritation.",Benign Keratosis-like Lesions
I've been watching a brown to dark brown raised patch on my neck and grew alongside several similar spots in the same area. mild irritation when it catches on something.,Seborrheic Keratoses
I've noticed no real pain and there's a bump that keeps bleeding even after a very minor bump or scrape on my shoulder. with fuzzy borders. it came on gradually.,Basal Cell Carcinoma
A raised bump on my leg. it came on gradually. no significant pain.,Seborrheic Keratoses
Got a dry patch on my scalp and it's been there for several weeks,Viral Infections
"Something doesn't look right on my chest: a discolored spot with an even, clearly defined edge. dry and scaly.",Melanocytic Nevi
A discolored spot on my wrist. with somewhat defined edges.,Psoriasis Lichen Planus
"On my scalp: a raised, warty growth. it's been there for several weeks.",Viral Infections
"When I sweat during exercise, dry, red inflamed patches on my hands gets worse.",Atopic Dermatitis
There's a patch on my hands. It looks like a rough patch. dry and cracked to the touch. flares and then settles down.,Eczema
"I notice no significant pain when I sweat. There's sharply defined plaques with very clear, distinct edges on my wrists.",Psoriasis Lichen Planus
"There's a tan to dark brown growth that looks thicker and greasier than a normal mole on my back, feels like it's sitting on top of the skin rather than growing from it, not sure what it is",Seborrheic Keratoses
My skin on my face has been off. a dry patch. rough-feeling in that spot. no significant pain.,Basal Cell Carcinoma
"I noticed a cluster of small flesh-colored bumps on my wrist, along with occasional itching around the bump.",Viral Infections
A growth that looks like it could be lifted off with a fingernail on my back. dry and scaly.,Seborrheic Keratoses
"I'm not sure what white, scaly patches on my arm is -- soft and macerated where skin touches skin and some mild discomfort.",Fungal Infections
"I'm noticing a small, dry, crusty spot on my leg.",Benign Keratosis-like Lesions
Got a cluster of small flesh-colored bumps on my leg and it showed up recently,Viral Infections
"So on my arm there's an inflamed patch, and no significant pain",Viral Infections
Lately I've had a discolored spot on my neck that comes with mild irritation.,Seborrheic Keratoses
"There's a brown to dark brown raised plaque with a greasy, waxy feel on my back.",Seborrheic Keratoses
"So on my scalp there's thickened, leathery patches, and intense itching that wakes me up at night",Atopic Dermatitis
"There's a warty, barnacle-like bump with a rough, pitted surface on my neck with a clearly defined, elevated border. rough and flaky. occasional mild itching.",Seborrheic Keratoses
I've had a reddish mark on my wrist for some time. rough-feeling in that spot. mild irritation.,Benign Keratosis-like Lesions
I've had a growth that looks like it could be lifted off with a fingernail on my forearm for some time. flaky and thickened. mild itching.,Seborrheic Keratoses
"I've got a waxy, scar-like area on my arm -- dry and rough to the touch -- and no significant pain",Basal Cell Carcinoma
"I've got a rough, sandpaper-like patch that feels much rougher than it looks near my elbow -- rough and gritty like sandpaper -- and some mild discomfort",Benign Keratosis-like Lesions
"It started changing after a lot of sun exposure, some mild discomfort and a mole that has been visibly growing and changing over the past few months on my shoulder appear.",Melanoma
"I have a rough, cauliflower-like bump with tiny black dots on the surface on my face.",Viral Infections
I've got patches that ooze and crust on my hands -- rough and flaky -- and severe itching I can barely control,Eczema
"My skin on my wrists is doing something weird -- sharply defined plaques with very clear, distinct edges",Psoriasis Lichen Planus
"I've been watching a dry, crusty spot on a sun-damaged area that keeps peeling off and returning on my forearm and it's been there for a while. no pain, just a rough texture I can feel.",Benign Keratosis-like Lesions
"Got a reddish-brown patch that gets worse in hot, humid weather on my fingernail, peeling and flaking",Fungal Infections
I have symmetrical red patches on both sides of my body on my wrist. feels dry and scaly to the touch. it's been there for several weeks. intense itching that wakes me up at night.,Atopic Dermatitis
I'm concerned about a flat-topped warty bump that keeps multiplying on my hands that it showed up recently -- some mild discomfort.,Viral Infections
I've got a red patch on my scalp.,Basal Cell Carcinoma
"An inflamed patch on my leg. with distinct, punched-out looking edges.",Seborrheic Keratoses
"Something's going on on my forearm. It's a raised, well-defined bump. rough like sandpaper on the surface. some mild discomfort.",Viral Infections
"Small circular bald patches on my scalp on my chest, occasional mild itching, been there ages",Fungal Infections
"It started as athlete's foot causing cracked, peeling, white skin between my toes on my scalp. Now dry and rough to the touch. hasn't cleared up even after several weeks.",Fungal Infections
My skin on my arm has been off. a skin lesion. rough-feeling in that spot. some mild discomfort.,Melanoma
"Something showed up on my neck. It's a raised, warty growth with irregular edges. dry and rough to the touch. mild itching.",Viral Infections
A rough patch showed up near my elbow and has been slowly growing thicker over several years,Seborrheic Keratoses
I've had a red patch on my wrist that it came on gradually.,Benign Keratosis-like Lesions
I've had a discolored spot on my forearm for some time. rough and flaky. a strange new sensation I never noticed before.,Melanoma
"When I sweat, mild irritation and a reddish-brown rash on my wrist appear.",Fungal Infections
"I've had a discolored spot on my neck for a while, with no real pain.",Viral Infections
"An itch that triggers before any visible rash appears, on my neck, feels dry and scaly to the touch.",Atopic Dermatitis
The skin on my hands has changed. There's skin that weeps and crusts over now. feels crusty and dry. it showed up recently.,Eczema
I notice no real pain when my clothes rub against it. There's an inflamed patch on my scalp.,Atopic Dermatitis
"I've got raw, inflamed skin on my fingers.",Eczema
There's a scaly area on my wrist with irregular edges. dry and scaly. mild irritation.,Melanocytic Nevi
Something showed up on my neck. It's a bump that keeps bleeding even after a very minor bump or scrape with fuzzy borders. smooth and shiny on the surface. some mild discomfort.,Basal Cell Carcinoma
"A waxy, scar-like flat patch with an indistinct border near my knee, some mild discomfort.",Basal Cell Carcinoma
"I've noticed a small, round, evenly colored brown spot on my chest lately.",Melanocytic Nevi
"A pigmented spot, on my chest, dry and rough to the touch.",Melanocytic Nevi
I've had a discolored spot on my shoulder that it's been there for a while.,Basal Cell Carcinoma
I'm worried about a discolored spot on my wrist because it's been there for several weeks.,Psoriasis Lichen Planus
I'm worried about a rough patch on my fingernail because it hasn't changed much.,Fungal Infections
There's skin prone to frequent infections from all the scratching on my wrist -- dry and scaly -- that it's been there for a while.,Atopic Dermatitis
I'm concerned about skin irritation triggered by a certain soap or fabric on my feet that it's been there for several weeks -- no significant pain.,Eczema
On my back: a dry patch. it hasn't changed much.,Melanocytic Nevi
"When I sweat, cracked, dry skin on my scalp gets worse.",Atopic Dermatitis
I've noticed symmetrical red patches on both sides of my body on my forearm lately.,Atopic Dermatitis
Something's going on on my shoulder. It's an itch that triggers before any visible rash appears. rough-feeling in that spot. no real pain.,Atopic Dermatitis
A growth that bleeds on my chest. with somewhat defined edges.,Melanoma
"Got a perfectly round, evenly colored brown spot that hasn't changed at all on my face, smooth and flat against my skin",Melanocytic Nevi
There's an inflamed patch on my back -- flaky and thickened -- that it's been there for several weeks.,Psoriasis Lichen Planus
Something on my hands looks like a discolored spot and it came on gradually,Benign Keratosis-like Lesions
A scaly area on my stomach flares when my clothes rub against it.,Melanocytic Nevi
"I've had a thin, thread-like skin tag growing on my eyelid on the sole of my foot for a while, with painful when I put weight on it.",Viral Infections
I'm concerned about bumps with a fine white lacy pattern on the surface on my ankles that it hasn't changed much -- no significant pain.,Psoriasis Lichen Planus
"A waxy, scar-like flat patch with an indistinct border, on my feet, dry and rough to the touch.",Basal Cell Carcinoma
"There's a patch on my cheeks. It looks like skin prone to frequent infections from all the scratching. dry and rough to the touch. gets noticeably worse in cold, dry weather.",Atopic Dermatitis
"Something showed up on my wrist. It's a brown to dark brown raised plaque with a greasy, waxy feel with somewhat defined edges. feels like it's sitting on top of the skin rather than growing from it. mild itching.",Seborrheic Keratoses
I have a red patch near my elbow and honestly it's been there for a while,Melanocytic Nevi
"A raised, warty growth on the sole of my foot flares after I cut myself shaving near the area.",Viral Infections
The skin on my scalp has changed. There's an inflamed patch now. feels dry and crusty when I run my finger over it. the crust falls off and then regrows.,Benign Keratosis-like Lesions
"There's cracked, dry skin on my cheeks with irregular edges. the skin there is leathery and thick. no real pain.",Atopic Dermatitis
"Something's going on on my feet. It's a reddish-brown patch that gets worse in hot, humid weather. rough around the border, softer in the center. some mild discomfort.",Fungal Infections
"Should I be worried about a perfectly round, evenly colored brown spot that hasn't changed at all on my shoulder? smooth and flat against my skin. stays exactly the same.",Melanocytic Nevi
"Weird cracked, dry skin that stings near my elbow, rough and flaky, no clue what it is",Eczema
"Thick red raised plaques near my knee, a stinging sensation where the skin cracks at the edges.",Psoriasis Lichen Planus
There's a scaly area on my forearm -- rough-feeling in that spot -- that it came on gradually.,Melanocytic Nevi
The skin on my leg has changed. There's a dry patch now. rough and flaky. it's been there for several weeks.,Fungal Infections
I'm worried about a pigmented spot on my face because it's been there for a while.,Melanocytic Nevi
Something's going on on my leg. It's a rough patch. dry and rough to the touch. mild irritation.,Atopic Dermatitis
"The skin near my knee shows a spot with jagged, notched, irregular borders, and I've been dealing with some mild discomfort.",Melanoma
I'm worried about a discolored spot on my arm because it's been there for several weeks.,Fungal Infections
"I have no real pain, and there's a spot with jagged, notched, irregular borders on my leg.",Melanoma
"When I sweat, a rough-surfaced growth on my feet gets worse.",Benign Keratosis-like Lesions
"I've had occasional mild itching for a while now. There's sharply defined, scaly plaques near my elbow with precise, punched-out looking borders.",Psoriasis Lichen Planus
"So I've got red, ring-shaped scaly patches on my arms, with mild itching",Psoriasis Lichen Planus
"Cracked, dry skin, on the back of my hands, flaky and thickened.",Atopic Dermatitis
I've been watching a pigmented spot on my shoulder and it came on gradually. no real pain.,Melanoma
Thick red raised plaques on my feet. rough-feeling in that spot.,Psoriasis Lichen Planus
I've got a red patch on my back.,Melanoma
There's a patch on my scalp. It looks like an inflamed patch. rough and flaky. it came on gradually.,Benign Keratosis-like Lesions
"The skin on my shoulder shows a flat-topped warty bump that keeps multiplying, and I've been dealing with mild itching.",Viral Infections
"There's red, ring-shaped scaly patches on my back with precise, punched-out looking borders. rough and flaky. mild itching.",Psoriasis Lichen Planus
A red patch on my arm. dry and rough to the touch.,Basal Cell Carcinoma
I have patches that ooze clear fluid when I scratch near my knee. dry and rough to the touch. it came on gradually. itching so bad it keeps me awake.,Eczema
"Something's going on on my back. It's a spot with irregular, notched borders. dry and rough to the touch. itching and occasional soreness around it.",Melanoma
An inflamed patch on my nose. waxy and scar-like.,Basal Cell Carcinoma
There's plaques appearing exactly where my skin was scratched or injured on my wrist -- rough and flaky -- that it showed up recently.,Psoriasis Lichen Planus
"The skin on my scalp shows a hard, rough-surfaced growth, and I've been dealing with mild irritation.",Viral Infections
The skin on my chest has changed. There's a mole with several colors mixed in now. flaky and thickened. it's been there for a while.,Melanoma
"The skin on my scalp shows a smooth, pearly bump with a small dimple in the center, and I've been dealing with mild itching.",Viral Infections
My skin on my hands has been off. a scaly area. rough like sandpaper on the surface. mild irritation.,Viral Infections
"Cracked, dry skin on my wrists. flaky and thickened.",Atopic Dermatitis
I have a mole that has been visibly growing and changing over the past few months on my feet with dry and rough to the touch.,Melanoma
A flat-topped warty bump that keeps multiplying on my face. smooth with a central dimple.,Viral Infections
"Something's going on on my neck. It's a waxy, 'stuck-on' looking growth that appears pasted onto the skin surface. flaky and thickened. no significant pain.",Seborrheic Keratoses
Got thick red raised plaques on my scalp and it's been there for a while,Psoriasis Lichen Planus
Got symmetrical red patches on both sides of my body on the folds of my elbows and knees and flares and then settles down,Atopic Dermatitis
"I'm not sure what a mole with an uneven, asymmetrical shape near my knee is -- partly flat and partly raised within the same spot and no real pain.",Melanoma
"I've noticed mild itching and there's a scaly, reddish-pink patch on my scalp. with fuzzy borders. has been there for months without healing completely.",Benign Keratosis-like Lesions
I'm not sure what a dark brown spot on my leg is -- dry and rough to the touch and no significant pain.,Melanoma
"The skin around my eyes shows thickened, leathery patches, and I've been dealing with a burning, stinging feeling after I sweat.",Atopic Dermatitis
"I have mild irritation, along with a rough patch on my chest with irregular edges.",Melanoma
"I have no real pain, just occasional bleeding after a minor bump, along with a growth that bleeds on my nose with fuzzy borders.",Basal Cell Carcinoma
"Something on my neck looks like a raised, well-defined bump and grew alongside several similar spots in the same area",Seborrheic Keratoses
"I've had a flat, pink-red scaly patch with a gritty texture on my sun-exposed skin on my shoulder that it hasn't changed much.",Benign Keratosis-like Lesions
There's an inflamed patch on my neck with somewhat defined edges. dry and scaly. mild irritation.,Benign Keratosis-like Lesions
There's thick red raised plaques on my elbows and knees.,Psoriasis Lichen Planus
"I've had a red patch on my wrists for a while, with itchy and irritated.",Psoriasis Lichen Planus
"So on my chest there's a reddish mark, and mild itching",Melanoma
It started as a reddish mark on the sole of my foot. Now dry and scaly. it's been there for several weeks.,Fungal Infections
My skin on my feet is doing something weird -- itchy red patches,Eczema
I've got a pigmented spot on my arm.,Melanocytic Nevi
"Weird a small, round, evenly colored brown spot on my back, flaky and thickened, no clue what it is",Melanocytic Nevi
"I've been watching a reddish-brown patch that gets worse in hot, humid weather between my toes and it's been there for a while. occasional mild itching.",Fungal Infections
A tan to dark brown growth that looks thicker and greasier than a normal mole on my wrist flares when I sweat.,Seborrheic Keratoses
I noticed a raised bump near my elbow. rough-feeling in that spot. keeps flaking off no matter what I do.,Psoriasis Lichen Planus
"I've had a thin, thread-like skin tag growing on my eyelid on my scalp that it showed up recently.",Viral Infections
"A symmetric mole with a smooth, even border on my chest. with an even, clearly defined edge.",Melanocytic Nevi
There's a raised bump on my neck -- dry and scaly -- and some mild discomfort.,Melanoma
I have patches that ooze clear fluid when I scratch on my arm with rough and leathery feeling.,Eczema
"A scaly spot that's tender when I rub it firmly, on my wrist, dry and rough to the touch.",Benign Keratosis-like Lesions
"So on my forearm there's a thick, yellowed, crumbly nail that's lifting off the nail bed, and some mild discomfort",Fungal Infections
A skin lesion on my feet. mild itching.,Seborrheic Keratoses
A raised bump showed up on my arm a while back.,Seborrheic Keratoses
"I noticed a raised bump on my stomach, along with mild irritation.",Melanocytic Nevi
"It started as an open sore that bleeds, scabs over, and then reopens a few weeks later on my shoulder. Now dry and scaly. it came on gradually.",Basal Cell Carcinoma
I noticed a scaly area on my chest. flaky and thickened. it's been there for a while.,Atopic Dermatitis
"Some mild discomfort -- a warty, barnacle-like bump with a rough, pitted surface on my shoulder.",Seborrheic Keratoses
Something on my wrist looks like an inflamed patch and it hasn't changed much,Melanocytic Nevi
"Weird a dry patch around my eyes, rough and thickened from scratching, no clue what it is",Atopic Dermatitis
"Thick silvery-white scales that flake off in sheets, near my elbow, rough-feeling in that spot.",Psoriasis Lichen Planus
I have a dry patch on my wrist with a clearly defined circular border.,Viral Infections
"I'm not sure what a small, dry, crusty spot on my face is -- rough and flaky and mild irritation.",Benign Keratosis-like Lesions
"When I sweat, I get a reddish mark near my knee.",Seborrheic Keratoses
"The skin on my face has changed. There's a raised, well-defined bump now. rough and irregular. it's been there for several weeks.",Viral Infections
"So I've got a thick, yellowed, crumbly nail that's lifting off the nail bed on the sole of my foot, with a stinging feeling especially after sweating",Fungal Infections
"I have a scaly, reddish-pink patch on my leg with fuzzy borders.",Benign Keratosis-like Lesions
"I notice no pain, just occasional mild itching if clothing rubs it when the weather changes. There's a scaly, wart-like bump on my shoulder.",Seborrheic Keratoses
"I've been watching a smooth, pearly bump with a small dimple in the center on the sole of my foot and it's been there for a while. no real pain.",Viral Infections
There's pinpoint bleeding spots when the scale is removed on my feet with somewhat defined edges. dry and scaly. occasional mild soreness.,Psoriasis Lichen Planus
I've had a skin lesion on my wrist that the crust falls off and then regrows.,Benign Keratosis-like Lesions
"There's a rough-surfaced growth on my shoulder, and some mild discomfort.",Seborrheic Keratoses
"A dry, crusty spot on a sun-damaged area that keeps peeling off and returning near my elbow, no real pain.",Benign Keratosis-like Lesions
I'm concerned about a rough patch on my forearm that it hasn't changed much -- mild itching.,Melanoma
I'm not sure what a reddish mark on my scalp is -- rough-feeling in that spot and no real pain.,Viral Infections
"Got a growth that bleeds on my nose, rough-feeling in that spot",Basal Cell Carcinoma
I've been watching a discolored spot on my neck and it's been there for several weeks. mild irritation.,Psoriasis Lichen Planus
"I noticed cracked, peeling skin on my torso, along with intense itching and burning.",Fungal Infections
"I have some mild discomfort, along with a brown to dark brown raised plaque with a greasy, waxy feel on my chest with sharp, well-defined, stuck-on looking edges.",Seborrheic Keratoses
"A mole that has been visibly growing and changing over the past few months, on my chest, flaky and thickened.",Melanoma
I have a mole that has been visibly growing and changing over the past few months on my back and honestly it hasn't changed much,Melanoma
"I've had small circular bald patches on my scalp on my wrist for a while, with some mild discomfort.",Fungal Infections
"There's a patch on my shoulder. It looks like cracked, dry skin. the skin there is leathery and thick. it's been there for a while.",Atopic Dermatitis
"Bumps with a fine white lacy pattern on the surface, on my scalp, dry and scaly.",Psoriasis Lichen Planus
I'm worried about a reddish mark near my knee because it's been there for a while.,Viral Infections
Got small fluid-filled bumps on my leg and it's been there for a while,Eczema
I've had symmetrical red patches on both sides of my body on my chest that it showed up recently.,Atopic Dermatitis
"There's a mole that has been visibly growing and changing over the past few months on my shoulder with an asymmetric, non-circular outline, and rough and flaky.",Melanoma
I'm worried about a red patch on my scalp because it hasn't changed much.,Melanocytic Nevi
"When I sweat, a waxy, 'stuck-on' looking growth that appears pasted onto the skin surface on my back gets worse.",Seborrheic Keratoses
"Something's going on on my arm. It's a warty, barnacle-like bump with a rough, pitted surface. rough-feeling in that spot. mild irritation when it catches on something.",Seborrheic Keratoses
"I've noticed a flat, slightly rough patch darker than the surrounding skin on my feet lately.",Benign Keratosis-like Lesions
"A perfectly round, evenly colored brown spot that hasn't changed at all, near my knee, rough and flaky.",Melanocytic Nevi
I've had a pigmented spot on my arm for some time. dry and rough to the touch. mild itching.,Melanocytic Nevi
"I notice mild irritation when it catches on something when the weather changes. There's a waxy, 'stuck-on' looking growth that appears pasted onto the skin surface on my neck.",Seborrheic Keratoses
Should I be worried about an open sore that won't fully heal on my back? dry and scaly. it's been there for a while.,Basal Cell Carcinoma
There's an inflamed patch on my wrist with fuzzy borders. dry and rough to the touch. no real pain.,Melanoma
"Whenever I use a harsh soap or detergent, itchy red patches on my shoulder gets worse.",Eczema
Something doesn't look right on my hands: a dry patch with fuzzy borders. rough-feeling in that spot.,Melanocytic Nevi
There's a plantar wart on my heel that hurts when I walk on my back -- dry and rough to the touch -- and some mild discomfort.,Viral Infections
I have a scaly spot that's tender when I rub it firmly on my wrist.,Benign Keratosis-like Lesions
"Something on my shoulder looks like a perfectly round, evenly colored brown spot that hasn't changed at all and hasn't changed in size, shape, or color",Melanocytic Nevi
There's a raised bump on my arm with somewhat defined edges. rough-feeling in that spot. some mild discomfort.,Melanocytic Nevi
"I have constant urge to scratch, and there's blistering skin that bursts and leaves raw, wet patches on my wrist.",Eczema
I have a ring-shaped rash with a raised scaly outer border and clearer skin in the middle on my face.,Fungal Infections
"I'm not sure what a scaly, reddish-pink patch on my chest is -- dry and scaly and mild irritation.",Benign Keratosis-like Lesions
"There's a dry patch on my forearm with fuzzy borders, and smooth and flat against my skin.",Melanocytic Nevi
"There's a flat, pink-red scaly patch with a gritty texture on my sun-exposed skin on my neck, and occasional mild itching.",Benign Keratosis-like Lesions
Something showed up on my forearm. It's a bump that keeps bleeding even after a very minor bump or scrape with fuzzy borders. rough and flaky. no significant pain.,Basal Cell Carcinoma
"I notice occasional mild itching no particular trigger, it just appeared gradually. There's a round, well-defined growth on my shoulder.",Seborrheic Keratoses
I'm concerned about thick silvery-white scales that flake off in sheets near my elbow that it showed up recently -- no significant pain.,Psoriasis Lichen Planus
"I'm worried about a brown to dark brown raised plaque with a greasy, waxy feel on my chest because it came on gradually.",Seborrheic Keratoses
"I've had a warty, barnacle-like bump with a rough, pitted surface on my feet that it showed up recently.",Seborrheic Keratoses
"I've had a flat, pink-red scaly patch with a gritty texture on my sun-exposed skin on my lower lip for a while, with occasional itching.",Benign Keratosis-like Lesions
There's a patch on my scalp. It looks like red patches with silvery-white scales. rough and flaky. it's been there for several weeks.,Psoriasis Lichen Planus
"A spot with jagged, notched, irregular borders, on my scalp, rough-feeling in that spot.",Melanoma
"I have red, ring-shaped scaly patches on the sole of my foot, and dry and rough to the touch.",Fungal Infections
"There's a rough patch on my feet with fuzzy borders, and peeling and flaking.",Fungal Infections
Lately I've had a rough patch on my hands that comes with mild stinging or burning feeling.,Benign Keratosis-like Lesions
Something on my leg looks like a red patch and it came on gradually,Benign Keratosis-like Lesions
"I have no significant pain, and there's a scaly area on my shoulder.",Melanoma
I'm noticing a rough patch on my wrist.,Psoriasis Lichen Planus
"A reddish-brown rash, near my elbow, dry and scaly.",Fungal Infections
"There's a thick, yellowed, crumbly nail that's lifting off the nail bed on my arm -- dry and rough to the touch -- that keeps expanding outward from the center.",Fungal Infections
I've noticed mild itching and there's skin that weeps and crusts over on my feet. with irregular edges. it hasn't changed much.,Eczema
I developed a rough patch on my neck that comes with mild itching.,Fungal Infections
I have patches that ooze clear fluid when I scratch on my scalp with somewhat defined edges.,Eczema
"When my clothes rub against it, constant urge to scratch that never really goes away and thickened, leathery patches on my face appear.",Atopic Dermatitis
"I'm noticing dry, scaly skin on my scalp.",Psoriasis Lichen Planus
My skin on my face is doing something weird -- an inflamed patch,Seborrheic Keratoses
I've had a hereditary skin condition -- my sibling has it too on my face for some time. rough-feeling in that spot. some mild discomfort.,Atopic Dermatitis
"A discolored spot on my feet. it showed up recently. no pain at all, just an odd texture.",Viral Infections
"My skin on my wrists is doing something weird -- raw, inflamed skin",Eczema
"So I've got a hard lump with visible black specks that look like seeds on my leg, with no significant pain",Viral Infections
"I have a raised, warty growth on my neck, and dry and rough to the touch.",Viral Infections
There's a dry patch on my arm with blurry edges that fade into normal skin. rough-feeling in that spot. no significant pain.,Benign Keratosis-like Lesions
A reddish-brown rash on my upper back and chest. mild irritation.,Fungal Infections
There's a patch on my lower back. It looks like scaly red patches. dry and rough to the touch. it's been there for several weeks.,Psoriasis Lichen Planus
"I've had red patches with silvery-white scales on my wrist for a while, with no significant pain.",Psoriasis Lichen Planus
I have a reddish mark on my scalp with rough-feeling in that spot.,Atopic Dermatitis
"I've got a rough, sandpaper-like patch that feels much rougher than it looks on my lower lip -- rough-feeling in that spot -- and no significant pain",Benign Keratosis-like Lesions
"Got small rough bumps covering my upper arms and thighs near my elbow, rough and flaky",Atopic Dermatitis
"Something's going on on my neck. It's a flat, pink-red scaly patch with a gritty texture on my sun-exposed skin. flaky and thickened. no significant pain.",Benign Keratosis-like Lesions
On my shoulder: a red patch. it's been there for a while.,Basal Cell Carcinoma
"So I've got a pigmented spot on my forearm, with no real pain",Melanoma
"The skin on my arm shows a raised bump, and I've been dealing with no itching or pain at all.",Melanocytic Nevi
"I'm not sure what a small, dry, crusty spot on my bald scalp is -- rough and flaky and no significant pain.",Benign Keratosis-like Lesions
A red patch showed up near my knee a while back.,Basal Cell Carcinoma
I've got a dark brown spot on my arm.,Melanoma
There's a patch on my leg. It looks like a reddish-brown rash. peeling and flaking. spread from one foot to the other.,Fungal Infections
The skin on my scalp has changed. There's a circular scaly rash now. dry and rough to the touch. it's been there for several weeks.,Fungal Infections
"Raw, weeping patches that crust over as they heal on my chest. keeps coming back every winter when the air gets dry. no real pain.",Eczema
My skin on my hands is doing something weird -- a rough-surfaced growth,Seborrheic Keratoses
The skin near my knee has changed. There's a rough patch now. rough and flaky. it came on gradually.,Psoriasis Lichen Planus
"I've had itchy and irritated for a while now. There's a reddish mark on my fingers with no sharp edge, just gradually redder skin.",Eczema
An inflamed patch on my wrist. mild itching.,Psoriasis Lichen Planus
"So on my eyelids there's patches that ooze clear fluid when I scratch, and some mild discomfort",Eczema
"There's a waxy, 'stuck-on' looking growth that appears pasted onto the skin surface near my elbow, and mild itching.",Seborrheic Keratoses
"Something on my scalp looks like a reddish-brown patch that gets worse in hot, humid weather and it showed up recently",Fungal Infections
"I'm not sure what a dry, crusty spot on a sun-damaged area that keeps peeling off and returning near my knee is -- rough-feeling in that spot and mild stinging or burning feeling.",Benign Keratosis-like Lesions
"The skin on my cheek shows an open sore that bleeds, scabs over, and then reopens a few weeks later, and I've been dealing with occasional mild itching.",Basal Cell Carcinoma
A dark brown spot appeared on my neck a while ago. with somewhat defined edges. dry and scaly. looks completely different compared to a year ago.,Melanoma
"The skin on my feet shows a skin lesion, and I've been dealing with no real pain, just occasional bleeding after a minor bump.",Basal Cell Carcinoma
"The cluster grew after I picked at it, a raised, warty growth on my wrist gets worse.",Viral Infections
"There's a patch on my face. It looks like a dry, crusty spot on a sun-damaged area that keeps peeling off and returning. dry and scaly. it's been there for a while.",Benign Keratosis-like Lesions
"I've had occasional mild soreness for a while now. There's a reddish mark near my elbow with clear, well-demarcated borders.",Psoriasis Lichen Planus
I've got a reddish mark on my shins.,Psoriasis Lichen Planus
"There's a brown to dark brown raised plaque with a greasy, waxy feel on my neck with fuzzy borders. rough and flaky. no significant pain.",Seborrheic Keratoses
"I'm worried about a waxy, scar-like area on my cheek because it came on gradually.",Basal Cell Carcinoma
"There's a symmetric mole with a smooth, even border on my hands, and occasional mild itching.",Melanocytic Nevi
A pigmented spot appeared on my leg a while ago. with fuzzy borders. partly flat and partly raised within the same spot. looks completely different compared to a year ago.,Melanoma
"I've got thickened, leathery patches on my back -- dry and rough to the touch -- and no significant pain",Atopic Dermatitis
"There's dry, itchy patches that have been recurring since childhood on my scalp -- dry and cracked to the touch -- that it came on gradually.",Atopic Dermatitis
There's a patch on my shoulder. It looks like skin that breaks open and oozes when it flares. rough and leathery feeling. it's been there for several weeks.,Eczema
I've had mild itching for a while now. There's red to brownish-gray patches on my neck with somewhat defined edges.,Eczema
It started as bumps with a fine white lacy pattern on the surface on my shins. Now dry and rough to the touch. it's been there for a while.,Psoriasis Lichen Planus
I'm concerned about a scaly area on my back that it showed up recently -- occasional mild itching.,Psoriasis Lichen Planus
"I've noticed no significant pain and there's a mole with multiple colors -- brown, black, red, and even some pale areas on my forearm. with an asymmetric, non-circular outline. it came on gradually.",Melanoma
"When I sweat, I get a raised bump on my shoulder.",Melanoma
I'm worried about an inflamed patch on my scalp because it's been there for several weeks.,Melanoma
"There's an itch that triggers before any visible rash appears near my knee with irregular edges, and dry and rough to the touch.",Atopic Dermatitis
"When the weather changes, a flat-topped warty bump that keeps multiplying on my armpit gets worse.",Viral Infections
A mole that has been visibly growing and changing over the past few months on my scalp. with somewhat defined edges.,Melanoma
"My skin on my back has been off. a pink growth with a slightly sunken, crater-like center. dry and scaly. some mild discomfort.",Basal Cell Carcinoma
"Athlete's foot causing cracked, peeling, white skin between my toes on my hands, mild irritation, been there ages",Fungal Infections
"So on my leg there's a growth that bleeds, and no significant pain",Melanoma
"I have a soft, dome-shaped mole that's been stable for as long as I can remember on my forearm and honestly it came on gradually",Melanocytic Nevi
My skin near my knee has been off. an inflamed patch. dry and scaly. no real pain.,Viral Infections
"I have an open sore that won't fully heal on my chest, and smooth and shiny on the surface.",Basal Cell Carcinoma
I noticed a skin lesion on my cheeks. dry and rough to the touch. has been a recurring problem since I was young.,Atopic Dermatitis
Near my elbow: a scaly area. it showed up recently.,Basal Cell Carcinoma
"When I sweat, I get a rough, cauliflower-like bump with tiny black dots on the surface on my wrist.",Viral Infections
"There's a thick, yellowed, crumbly nail that's lifting off the nail bed on my toenail, and no real pain.",Fungal Infections
"So I've got a discolored spot on my hands, with intense itching that gets worse at night",Eczema
There's skin prone to frequent infections from all the scratching on my back -- dry and scaly -- that has come and gone since childhood.,Atopic Dermatitis
My skin on my leg has been off. an inflamed patch. rough and flaky. mild irritation when it catches on something.,Seborrheic Keratoses
"I've had a brown to dark brown raised plaque with a greasy, waxy feel on my scalp that stayed the same size for a long time but got darker recently.",Seborrheic Keratoses
Skin that breaks open and oozes when it flares showed up near my elbow a while back.,Eczema
"I'm noticing sharply defined plaques with very clear, distinct edges on my scalp.",Psoriasis Lichen Planus
"My skin on my neck has been off. a warty, barnacle-like bump with a rough, pitted surface. rough and flaky. mild irritation when it catches on something.",Seborrheic Keratoses
"Dry, scaly skin appeared on my wrist a while ago. with precise, punched-out looking borders. rough-feeling in that spot. it showed up recently.",Psoriasis Lichen Planus
Something's going on on my arm. It's a scaly area. dry and rough to the touch. no real pain.,Atopic Dermatitis
"When I sweat, mild itching and a mole that started bleeding on its own without any injury on my shoulder appear.",Melanoma
"The skin near my knee shows a skin lesion, and I've been dealing with no pain at all, just an odd texture.",Viral Infections
"There's a patch on my fingernail. It looks like a thick, yellowed, crumbly nail that's lifting off the nail bed. rough and flaky. it came on gradually.",Fungal Infections
"So I've got a ring-shaped rash with a raised scaly outer border and clearer skin in the middle on my wrist, with a stinging feeling especially after sweating",Fungal Infections
"After I had a stressful period at work, a stinging sensation where the skin cracks at the edges and small flat-topped shiny purplish bumps on my scalp appear.",Psoriasis Lichen Planus
"I have no significant pain, along with a brown to dark brown raised plaque with a greasy, waxy feel on my neck with fuzzy borders.",Seborrheic Keratoses
The skin on my forearm has changed. There's an inflamed patch now. feels crusty and dry. keeps coming back every winter when the air gets dry.,Eczema
"I've noticed a waxy, scar-like flat patch with an indistinct border near my elbow lately.",Basal Cell Carcinoma
It started as small flat-topped shiny purplish bumps on my shins. Now flaky and thickened. it hasn't changed much.,Psoriasis Lichen Planus
I noticed small circular bald patches on my scalp between my toes. crumbly and brittle on the nail. it came on gradually.,Fungal Infections
A reddish mark on my feet. rough-feeling in that spot.,Benign Keratosis-like Lesions
"I noticed a waxy, scar-like area on my nose, along with some mild discomfort.",Basal Cell Carcinoma
"So on my leg there's a cluster of small flesh-colored bumps, and no real pain",Viral Infections
I've got a brown to dark brown raised patch on my wrist -- rough and flaky -- and mild itching,Seborrheic Keratoses
"I've had a small, round, evenly colored brown spot on my wrist for a while, with some mild discomfort.",Melanocytic Nevi
"White, scaly patches showed up on my wrist and it showed up recently",Fungal Infections
I developed thick red raised plaques near my knee that comes with mild itching.,Psoriasis Lichen Planus
"I have a brown to dark brown raised plaque with a greasy, waxy feel on my face.",Seborrheic Keratoses
"So on my leg there's a flat, tan-colored mark, and no itching or pain at all",Melanocytic Nevi
"Got an inflamed patch on my lower back, flaky and rough",Psoriasis Lichen Planus
"I have no discomfort whatsoever, along with a symmetric mole with a smooth, even border on my leg with fuzzy borders.",Melanocytic Nevi
I'm noticing a red patch near my elbow.,Seborrheic Keratoses
"A small, shiny, pearly bump showed up on my shoulder and hasn't healed in over two months despite repeated scabbing",Basal Cell Carcinoma
There's a hereditary skin condition -- my sibling has it too on my shoulder -- rough-feeling in that spot -- that it's been there for a while.,Atopic Dermatitis
"A red patch, on my neck, flaky and thickened.",Eczema
Something showed up on my arm. It's a spot that's larger than a pencil eraser and keeps getting bigger with jagged edges that look ragged. dry and rough to the touch. occasional mild itching.,Melanoma
I developed an inflamed patch on my face that comes with some mild discomfort.,Viral Infections
"When the weather changes, a hereditary skin condition -- my sibling has it too on my wrist gets worse.",Atopic Dermatitis
"I've noticed a small, round, evenly colored brown spot on my wrist lately.",Melanocytic Nevi
"Skin prone to frequent infections from all the scratching, on my neck, flaky and thickened.",Atopic Dermatitis
"I developed a mole with an asymmetrical, uneven shape -- one half doesn't match the other on my feet that comes with mild irritation.",Melanoma
"Some mild discomfort -- a mole with an asymmetrical, uneven shape -- one half doesn't match the other on my hands.",Melanoma
I've had a pigmented spot on my leg that it showed up recently.,Melanoma
"I have a thick, yellowed, crumbly nail that's lifting off the nail bed on my face and honestly it's been there for a while",Fungal Infections
"I've had mild irritation for a while now. There's a pink growth with a slightly sunken, crater-like center on my chest with an indistinct, difficult-to-define edge.",Basal Cell Carcinoma
"I've got a dry, crusty spot on a sun-damaged area that keeps peeling off and returning on my shoulder.",Benign Keratosis-like Lesions
The skin on my leg has changed. There's a spot that's larger than a pencil eraser and keeps getting bigger now. feels different from my other moles. it's been there for several weeks.,Melanoma
My skin on my arm is doing something weird -- a reddish mark,Basal Cell Carcinoma
I have a hereditary skin condition -- my sibling has it too on my arm with flaky and thickened.,Atopic Dermatitis
"A mole with multiple colors -- brown, black, red, and even some pale areas appeared near my knee a while ago. with somewhat defined edges. dry and scaly. looks completely different compared to a year ago.",Melanoma
"My skin near my elbow is doing something weird -- a dry, crusty spot on a sun-damaged area that keeps peeling off and returning",Benign Keratosis-like Lesions
I notice no real pain on areas that get a lot of sun exposure. There's an inflamed patch on the back of my hands.,Benign Keratosis-like Lesions
"There's a patch on my neck. It looks like a raised, warty growth. dry and rough to the touch. it came on gradually.",Viral Infections
"When the weather changes, a cluster of small flesh-colored bumps on my neck gets worse.",Viral Infections
"A shiny, pearly bump with tiny visible blood vessels running through it appeared near my elbow a while ago. with a rolled, slightly raised outer edge. flaky and thickened. it came on gradually.",Basal Cell Carcinoma
"I've had a small, uniform dark brown spot with no irregular areas on my face for some time. even and smooth to the touch. occasional mild itching.",Melanocytic Nevi
"I'm worried about a small, dry, crusty spot on my chest because it's been there for a while.",Benign Keratosis-like Lesions
"There's a rough, sandpaper-like patch on my feet, feels tender when pressed, not sure what it is",Benign Keratosis-like Lesions
I'm worried about an inflamed patch near my elbow because it showed up recently.,Basal Cell Carcinoma
I have an inflamed patch on my face with rough-feeling in that spot.,Fungal Infections
A discolored spot on my shoulder. some mild discomfort.,Viral Infections
Got a reddish mark on my wrist and it hasn't changed much,Psoriasis Lichen Planus
"I've had some mild discomfort for a while now. There's a scaly area on my scalp with irregular, notched, uneven borders.",Melanoma
There's a skin lesion on the folds of my elbows and knees.,Atopic Dermatitis
There's an inflamed patch on my neck -- dry and rough to the touch -- and mild irritation.,Benign Keratosis-like Lesions
My skin on my feet is doing something weird -- a scaly spot that's tender when I rub it firmly,Benign Keratosis-like Lesions
"There's a rough-surfaced growth on my arm, and mild itching.",Benign Keratosis-like Lesions
"There's a discolored spot on my chest, and some mild discomfort.",Basal Cell Carcinoma
"I have red patches with silvery-white scales on my leg with precise, punched-out looking borders.",Psoriasis Lichen Planus
"Something's going on on my hands. It's a waxy, scar-like area. the center feels soft and tends to crust over. mild irritation but nothing painful.",Basal Cell Carcinoma
"Got a rough patch on my neck, dry and scaly",Eczema
I have a rough patch on my ears and honestly it hasn't changed much,Benign Keratosis-like Lesions
"A dry, crusty spot on a sun-damaged area that keeps peeling off and returning showed up on the back of my hands a while back.",Benign Keratosis-like Lesions
"A shiny, pearly bump with tiny visible blood vessels running through it on my wrist. with an indistinct, difficult-to-define edge.",Basal Cell Carcinoma
"My skin on the folds of my elbows and knees is doing something weird -- cracked, dry skin",Atopic Dermatitis
"Weird a red patch on my forearm, rough-feeling in that spot, no clue what it is",Seborrheic Keratoses
A red patch on my hands flares when I sweat.,Melanocytic Nevi
"There's athlete's foot causing cracked, peeling, white skin between my toes between my toes, and intense itching and burning.",Fungal Infections
"It started as raw, weeping patches that crust over as they heal on my hands. Now the skin there is thickened from years of scratching. it came on gradually.",Eczema
"The skin on my feet shows patches that ooze clear fluid when I scratch, and I've been dealing with itchy and irritated.",Eczema
I have a dry patch on my leg.,Eczema
"I noticed a small, shiny, pearly bump on my ear, along with mild itching.",Basal Cell Carcinoma
"On areas that get a lot of sun exposure, a discolored spot on my wrist gets worse.",Benign Keratosis-like Lesions
"It started as a dry, crusty spot on a sun-damaged area that keeps peeling off and returning on my hands. Now dry and scaly. it's been there for a while.",Benign Keratosis-like Lesions
"Got a mole that started bleeding on its own without any injury on my feet, flaky and thickened",Melanoma
I have bumps with a fine white lacy pattern on the surface on my chest. dry and scaly. it's been there for a while. some mild discomfort.,Psoriasis Lichen Planus
"A rash that keeps expanding outward in a ring shape, on my leg, flaky and thickened.",Fungal Infections
I've got a tan to dark brown growth that looks thicker and greasier than a normal mole on my scalp.,Seborrheic Keratoses
"I have burning between my toes, along with athlete's foot causing cracked, peeling, white skin between my toes on my scalp with a distinct circular outer rim.",Fungal Infections
"Got an open sore that bleeds, scabs over, and then reopens a few weeks later on my face and it showed up recently",Basal Cell Carcinoma
Plaques appearing exactly where my skin was scratched or injured on my back. it showed up recently. itchy and irritated.,Psoriasis Lichen Planus
I'm worried about a scaly area on my wrist because it showed up recently.,Melanocytic Nevi
I've been watching a rough patch on my arm and it's been there for a while. some mild discomfort.,Viral Infections
I'm concerned about symmetrical red patches on both sides of my body on my arm that it's been there for several weeks -- mild itching.,Atopic Dermatitis
I'm noticing a dark brown spot on my chest.,Melanocytic Nevi
"I've noticed nothing unusual, it's just always been there and there's a symmetric mole with a smooth, even border on my back. with fuzzy borders. it hasn't changed much.",Melanocytic Nevi
"A flat, slightly rough patch darker than the surrounding skin, on my neck, flaky and thickened.",Benign Keratosis-like Lesions
I've had a red patch on my arm that it's been there for several weeks.,Melanocytic Nevi
"There's a ring-shaped rash with a raised scaly outer border and clearer skin in the middle on my shoulder, and mild itching.",Fungal Infections
I have a reddish mark on my chest. flaky and thickened. it's been there for several weeks. no real pain.,Eczema
I've had mild irritation for a while now. There's a discolored spot on my shoulder with fuzzy borders.,Viral Infections
I've got a pigmented spot on my leg -- dry and scaly -- and mild irritation,Melanocytic Nevi
"The skin on my shoulder has changed. There's a warty, barnacle-like bump with a rough, pitted surface now. rough and flaky. it's been there for several weeks.",Seborrheic Keratoses
"Thickened, leathery patches on my arm, itching so bad it keeps me awake, been there ages",Atopic Dermatitis
"When the weather changes, no discomfort, it just won't go away and a shiny, pearly bump with tiny visible blood vessels running through it on my arm appear.",Basal Cell Carcinoma
"Athlete's foot causing cracked, peeling, white skin between my toes showed up on my wrist a while back.",Fungal Infections
I've had a tan to dark brown growth that looks thicker and greasier than a normal mole on my face that it's been there for several weeks.,Seborrheic Keratoses
"I've had a rough, sandpaper-like patch on my lower lip that seems to be slowly getting larger.",Benign Keratosis-like Lesions
"I have a mole with an asymmetrical, uneven shape -- one half doesn't match the other on my forearm, and dry and scaly.",Melanoma
My skin on my scalp has been off. a reddish mark. dry and rough to the touch. no real pain.,Psoriasis Lichen Planus
"I noticed a raised, well-defined bump on my feet. dry and scaly. it's been there for several weeks.",Seborrheic Keratoses
"It started on an area that gets a lot of sun, a discolored spot on my neck gets worse.",Basal Cell Carcinoma
"There's a raised bump near my elbow, and tenderness when I press on it.",Benign Keratosis-like Lesions
A dark brown spot near my elbow. no significant pain.,Melanocytic Nevi
"Got an itch that triggers before any visible rash appears on my scalp, dry and scaly",Atopic Dermatitis
There's a slightly raised rough patch that bleeds lightly when I scratch it near my knee -- rough and flaky -- and no significant pain.,Benign Keratosis-like Lesions
"Cracked, dry skin on my neck. with indistinct, gradually fading edges.",Atopic Dermatitis
"So I've got a skin lesion on the sole of my foot, with no pain at all, just an odd texture",Viral Infections
Something doesn't look right on my leg: a dry patch with fuzzy borders. rough and flaky.,Eczema
"I've had a scaly, reddish-pink patch near my knee that it showed up recently.",Benign Keratosis-like Lesions
"I have a raised bump on my torso with a clearly raised, scaly outer edge.",Fungal Infections
It started as a scaly area on my chest. Now flaky and thickened. it came on gradually.,Melanoma
I have a small rough bump on my hands and honestly keeps spreading into a small cluster,Viral Infections
Should I be worried about a skin lesion on my chest? flaky and thickened. it's been there for several weeks.,Psoriasis Lichen Planus
"There's a skin lesion on my forearm with somewhat defined edges, and dry and scaly.",Viral Infections
"I have blistering skin that bursts and leaves raw, wet patches on my wrists and honestly it's been there for several weeks",Eczema
A pink bump with a sunken center on my ear. hasn't healed in over two months despite repeated scabbing. mild irritation.,Basal Cell Carcinoma
I developed skin prone to frequent infections from all the scratching on my chest that comes with no significant pain.,Atopic Dermatitis
"I've noticed nothing unusual, it's just always been there and there's a pigmented spot on my arm. with somewhat defined edges. it's been there for a while.",Melanocytic Nevi
"My skin on my shoulder has been off. a rough, sandpaper-like patch that feels much rougher than it looks. dry and rough to the touch. mild irritation.",Benign Keratosis-like Lesions
"Scaly, irritated skin on my cheeks. constant urge to scratch that never really goes away.",Atopic Dermatitis
"I noticed a dry patch on my wrist, along with no real pain, just occasional bleeding after a minor bump.",Basal Cell Carcinoma
"When I sweat, I get a skin lesion on my stomach.",Melanocytic Nevi
I've had a mole with several colors mixed in on my chest for some time. flaky and thickened. no significant pain.,Melanoma
A red patch on my scalp. dry and scaly.,Benign Keratosis-like Lesions
My skin on the back of my hands is doing something weird -- symmetrical red patches on both sides of my body,Atopic Dermatitis
Something showed up on my leg. It's a red patch with irregular edges. rough-feeling in that spot. occasional mild itching.,Benign Keratosis-like Lesions
Something doesn't look right on my leg: a cluster of small flesh-colored bumps with fuzzy borders. rough like sandpaper on the surface.,Viral Infections
"There's a patch between my toes. It looks like athlete's foot causing cracked, peeling, white skin between my toes. crumbly and brittle on the nail. keeps expanding outward from the center.",Fungal Infections
"It started as a soft, dome-shaped mole that's been stable for as long as I can remember on my leg. Now rough and flaky. it's been there for several weeks.",Melanocytic Nevi
I've had a burning feeling when I sweat for a while now. There's red to brownish-gray patches on my fingers with poorly defined borders that fade into normal skin.,Eczema
The skin on my scalp has changed. There's an inflamed patch now. flaky and thickened. it hasn't changed much.,Basal Cell Carcinoma
I've had a scaly spot that's tender when I rub it firmly on my bald scalp that it's been there for several weeks.,Benign Keratosis-like Lesions
"I've had a perfectly round, evenly colored brown spot that hasn't changed at all on my arm for some time. dry and scaly. occasional mild itching.",Melanocytic Nevi
"Cracked, peeling skin on my fingernail, burning between my toes.",Fungal Infections
"The skin on my arm shows a pink bump with a sunken center, and I've been dealing with mild itching.",Basal Cell Carcinoma
A cluster of small flesh-colored bumps showed up on my back and has stayed about the same size for weeks,Viral Infections
Mild itching -- a skin lesion on my hands.,Psoriasis Lichen Planus
"A shiny, pearly bump with tiny visible blood vessels running through it showed up near my elbow a while back.",Basal Cell Carcinoma
"I notice mild itching it started on an area that gets a lot of sun. There's a flat, reddish, scaly patch on my scalp.",Basal Cell Carcinoma
"There's a raised, well-defined bump on my arm with somewhat defined edges. dry and rough to the touch. no real pain.",Viral Infections
"The skin on my scalp shows dry, red inflamed patches, and I've been dealing with intense itching that wakes me up at night.",Atopic Dermatitis
"When the weather changes, I get a discolored spot on my forearm.",Benign Keratosis-like Lesions
There's an inflamed patch near my knee.,Eczema
There's a growth that looks like it could be lifted off with a fingernail on my back -- rough-feeling in that spot -- and no real pain.,Seborrheic Keratoses
"I've got athlete's foot causing cracked, peeling, white skin between my toes on my leg -- dry and rough to the touch -- and mild itching",Fungal Infections
"I have a reddish-brown patch that gets worse in hot, humid weather on my toenail. soft and macerated where skin touches skin. keeps expanding outward from the center. no significant pain.",Fungal Infections
Small circular bald patches on my scalp on my back. it's been there for a while. no significant pain.,Fungal Infections
"There's a symmetric mole with a smooth, even border on my forearm -- dry and rough to the touch -- that hasn't changed in size, shape, or color.",Melanocytic Nevi
I have red patches with silvery-white scales on my leg and honestly it's been there for several weeks,Psoriasis Lichen Planus
"There's a growth that bleeds on my cheek -- smooth and shiny on the surface -- and no real pain, just occasional bleeding after a minor bump.",Basal Cell Carcinoma
Should I be worried about a scaly area on my forearm? dry and scaly. it's been there for a while.,Fungal Infections
There's skin that breaks open and oozes when it flares on my feet -- dry and scaly -- and no significant pain.,Eczema
"There's a rough, cauliflower-like bump with tiny black dots on the surface around my eyes with fuzzy borders. rough and irregular. mild itching.",Viral Infections
"A small, uniform dark brown spot with no irregular areas on my forearm. dry and scaly.",Melanocytic Nevi
There's a patch on my feet. It looks like a rough patch. flaky and thickened. it's been there for several weeks.,Seborrheic Keratoses
There's plaques appearing exactly where my skin was scratched or injured on my scalp -- covered in thick silvery scales -- that showed up as small dots and then grew into larger plaques.,Psoriasis Lichen Planus
A raised bump on my shoulder. grew slowly over several months. no significant pain.,Viral Infections
"There's a hard, rough-surfaced growth on my face, flaky and thickened, not sure what it is",Viral Infections
My skin on my shoulder is doing something weird -- an itch that triggers before any visible rash appears,Atopic Dermatitis
"I notice no real pain, but it bleeds a little sometimes when my clothes rub against it. There's a mole with several colors mixed in on my scalp.",Melanoma
"I've had a rough, sandpaper-like patch near my elbow for a while, with occasional itching.",Benign Keratosis-like Lesions
I notice occasional mild itching when I sweat. There's patches that ooze clear fluid when I scratch on my chest.,Eczema
"A flat, slightly rough patch darker than the surrounding skin showed up on my shoulder a while back.",Benign Keratosis-like Lesions
"I've had mild irritation for a while now. There's white, scaly patches on my face with fuzzy borders.",Fungal Infections
"There's a skin lesion near my elbow, rough-feeling in that spot, not sure what it is",Benign Keratosis-like Lesions
"Should I be worried about white, scaly patches on my back? flaky and thickened. spread from one foot to the other.",Fungal Infections
"I've had a mole that started bleeding on its own without any injury near my knee for a while, with no significant pain.",Melanoma
Some mild discomfort -- a single-colored mole that looks exactly the same as it did years ago on my back.,Melanocytic Nevi
My skin on my leg is doing something weird -- a red patch,Benign Keratosis-like Lesions
I'm concerned about a discolored spot on my scalp that it showed up recently -- occasional mild itching.,Atopic Dermatitis
"I've been watching a small, shiny, pearly bump on my scalp and it hasn't changed much. no discomfort, it just won't go away.",Basal Cell Carcinoma
"I noticed an inflamed patch on my chest, along with mild irritation.",Benign Keratosis-like Lesions
"I've had a scaly, wart-like bump on my chest that has been slowly growing thicker over several years.",Seborrheic Keratoses
"I'm noticing a soft, dome-shaped mole that's been stable for as long as I can remember near my elbow.",Melanocytic Nevi
"Athlete's foot causing cracked, peeling, white skin between my toes between my toes. it showed up recently. no real pain.",Fungal Infections
It started as a dark brown spot on my arm. Now rough and flaky. it's been there for several weeks.,Melanocytic Nevi
"I'm not sure what a symmetric mole with a smooth, even border on my hands is -- dry and scaly and nothing unusual, it's just always been there.",Melanocytic Nevi
Got red to brownish-gray patches on my fingers and it came on gradually,Eczema
I've had a red patch on my neck that stayed the same size for a long time but got darker recently.,Seborrheic Keratoses
"A mole with multiple colors -- brown, black, red, and even some pale areas on my chest, itching and occasional soreness around it.",Melanoma
"When the weather changes, a bump that keeps bleeding even after a very minor bump or scrape on my leg gets worse.",Basal Cell Carcinoma
It started as a dry patch on my hands. Now dry and rough to the touch. it hasn't changed much.,Atopic Dermatitis
A rough patch on my neck. it's been there for a while. mild irritation.,Viral Infections
I'm noticing a skin lesion on my face.,Psoriasis Lichen Planus
The skin near my elbow has changed. There's skin that weeps and crusts over now. dry and cracked to the touch. spreads a bit more every time I scratch it.,Eczema
"I have a dry, crusty spot on a sun-damaged area that keeps peeling off and returning on my hands with somewhat defined edges.",Benign Keratosis-like Lesions
On my leg: skin prone to frequent infections from all the scratching. it hasn't changed much.,Atopic Dermatitis
The skin on my chest has changed. There's plaques appearing exactly where my skin was scratched or injured now. flaky when I run my hand over it. has lasted for months without going away.,Psoriasis Lichen Planus
"So I've got sharply defined plaques with very clear, distinct edges on my shins, with some mild discomfort",Psoriasis Lichen Planus
I have a tan to dark brown growth that looks thicker and greasier than a normal mole on my back.,Seborrheic Keratoses
I have a raised bump on my chest with the skin there is thickened from years of scratching.,Eczema
"I'm worried about a mole with an uneven, asymmetrical shape on my leg because it showed up recently.",Melanoma
I'm worried about a growth that looks like it could be lifted off with a fingernail on my leg because it showed up recently.,Seborrheic Keratoses
"I've noticed cracked, peeling skin on my face lately.",Fungal Infections
I have itchy red patches on my eyelids. feels crusty and dry. spreads a bit more every time I scratch it. occasional mild itching.,Eczema
"A waxy, 'stuck-on' looking growth that appears pasted onto the skin surface showed up on my face and stayed the same size for a long time but got darker recently",Seborrheic Keratoses
"Something's going on on my face. It's a brown to dark brown raised plaque with a greasy, waxy feel. rough-feeling in that spot. some mild discomfort.",Seborrheic Keratoses
"Got bumps with a fine white lacy pattern on the surface on my chest, rough-feeling in that spot",Psoriasis Lichen Planus
"Something near my elbow looks like a mole with an uneven, asymmetrical shape and looks completely different compared to a year ago",Melanoma
"I'm noticing patches with blurry, ill-defined edges that spread gradually near my knee.",Eczema
"Some mild discomfort -- a reddish-brown patch that gets worse in hot, humid weather on my scalp.",Fungal Infections
A rough patch on my back flares when I sweat.,Eczema
My skin on my scalp is doing something weird -- a rough patch,Basal Cell Carcinoma
A reddish mark showed up on my shins and it's been there for a while,Psoriasis Lichen Planus
"I noticed a small, uniform dark brown spot with no irregular areas on my shoulder. rough-feeling in that spot. it showed up recently.",Melanocytic Nevi
"A discolored spot on my fingernail. with a clearly raised, scaly outer edge.",Fungal Infections
A dry patch on my feet. showed up suddenly and multiplied into several bumps. no significant pain.,Viral Infections
"I notice nothing unusual, it's just always been there no triggers -- it's been the same in all seasons. There's a soft, dome-shaped mole that's been stable for as long as I can remember on my hands.",Melanocytic Nevi
"There's a dry patch on my back, covered in thick silvery scales, not sure what it is",Psoriasis Lichen Planus
"I'm concerned about a raised, well-defined bump on my neck that grew alongside several similar spots in the same area -- no significant pain.",Seborrheic Keratoses
"It started as a hard, rough-surfaced growth on my finger. Now rough and flaky. it came on gradually.",Viral Infections
"There's scaly red patches on my shoulder with precise, punched-out looking borders. flaky and rough. occasional mild soreness.",Psoriasis Lichen Planus
There's a reddish mark on my hands.,Eczema
"When I wear synthetic fabrics, I get small fluid-filled bumps on my hands.",Eczema
"A round, well-defined growth appeared on my forearm a while ago. with somewhat defined edges. dry and rough to the touch. it showed up recently.",Seborrheic Keratoses
"A pink growth with a slightly sunken, crater-like center on my forehead. with translucent, blurry borders.",Basal Cell Carcinoma
"My skin on my groin and inner thigh is doing something weird -- red, ring-shaped scaly patches",Fungal Infections
I've got a scaly area on my arm -- dry and scaly -- and some mild discomfort,Eczema
"Weird a spot with jagged, notched, irregular borders on my wrist, rough and flaky, no clue what it is",Melanoma
I developed small circular bald patches on my scalp on my back that comes with mild itching.,Fungal Infections
I'm not sure what a dry patch on my wrist is -- dry and rough to the touch and itching so bad it keeps me awake.,Atopic Dermatitis
Bumps with a fine white lacy pattern on the surface showed up on my back and it hasn't changed much,Psoriasis Lichen Planus
I have a spot that's larger than a pencil eraser and keeps getting bigger near my knee and honestly it came on gradually,Melanoma
"I've had some mild discomfort for a while now. There's an open sore that bleeds, scabs over, and then reopens a few weeks later on my chest with fuzzy borders.",Basal Cell Carcinoma
"I'm noticing a small, shiny, pearly bump on my scalp.",Basal Cell Carcinoma
"Patches with blurry, ill-defined edges that spread gradually near my elbow. with somewhat defined edges.",Eczema
Skin prone to frequent infections from all the scratching on my neck. with somewhat defined edges.,Atopic Dermatitis
"I noticed a rash that keeps expanding outward in a ring shape on my face, along with no significant pain.",Fungal Infections
"There's a scaly area on my back, feels like it's sitting on top of the skin rather than growing from it, not sure what it is",Seborrheic Keratoses
I have a dry patch on my back. flaky and thickened. it's been there for several weeks. no real pain.,Psoriasis Lichen Planus
"There's small circular bald patches on my scalp on my torso with a distinct circular outer rim, and rough-feeling in that spot.",Fungal Infections
"The skin on my hands shows a tan to dark brown growth that looks thicker and greasier than a normal mole, and I've been dealing with mild itching.",Seborrheic Keratoses
The skin on my wrist has changed. There's a tan to dark brown growth that looks thicker and greasier than a normal mole now. rough-feeling in that spot. it came on gradually.,Seborrheic Keratoses
"I'm concerned about a pink bump with a sunken center on my forearm that keeps bleeding, scabbing over, and then reopening -- no real pain, just occasional bleeding after a minor bump.",Basal Cell Carcinoma
"The skin on the sole of my foot shows a ring-shaped rash with a raised border, and I've been dealing with occasional mild itching.",Fungal Infections
"Lately I've had a perfectly round, evenly colored brown spot that hasn't changed at all on my forearm that comes with no real pain.",Melanocytic Nevi
I've got a skin lesion on my forearm.,Benign Keratosis-like Lesions
"There's red, inflamed areas on my shoulder.",Atopic Dermatitis
"A growth that looks like it could be lifted off with a fingernail on my chest flares no particular trigger, it just appeared gradually.",Seborrheic Keratoses
"I noticed cracked, dry skin that stings near my elbow. dry and rough to the touch. it hasn't changed much.",Eczema
"Something doesn't look right on my ear: a raised bump with translucent, blurry borders. dry and rough to the touch.",Basal Cell Carcinoma
"My skin on my face has been off. a spot with irregular, notched borders. feels different from my other moles. no real pain.",Melanoma
"There's a raised bump on my chest, and mild itching.",Melanocytic Nevi
My skin near my knee has been off. a single-colored mole that looks exactly the same as it did years ago. dry and scaly. occasional mild itching.,Melanocytic Nevi
"When the weather changes, an inflamed patch on my arm gets worse.",Melanoma
"I have some mild discomfort, and there's a flat-topped warty bump that keeps multiplying near my elbow.",Viral Infections
I've noticed painful when I put weight on it and there's an inflamed patch on my finger. with a clearly defined circular border. grew slowly over several months.,Viral Infections
"A symmetric mole with a smooth, even border near my elbow. it hasn't changed much. occasional mild itching.",Melanocytic Nevi
"After I had a stressful period at work, plaques appearing exactly where my skin was scratched or injured on my feet gets worse.",Psoriasis Lichen Planus
"I have a mole with multiple colors -- brown, black, red, and even some pale areas on my back and honestly it came on gradually",Melanoma
I've been watching a scaly area on my forearm and it came on gradually. mild itching.,Benign Keratosis-like Lesions
Lately I've had red patches with silvery-white scales on my arm that comes with mild irritation.,Psoriasis Lichen Planus
Something showed up on my neck. It's skin that breaks open and oozes when it flares with poorly defined borders that fade into normal skin. rough and flaky. no real pain.,Eczema
"I have a dry, crusty spot on a sun-damaged area that keeps peeling off and returning on my feet.",Benign Keratosis-like Lesions
A dark brown spot on my back. with irregular edges.,Melanocytic Nevi
"A waxy, scar-like area on my cheek, mild itching, been there ages",Basal Cell Carcinoma
I noticed a single-colored mole that looks exactly the same as it did years ago on my scalp. dry and scaly. it's been there for a while.,Melanocytic Nevi
I have a slightly raised rough patch that bleeds lightly when I scratch it on my back with rough-feeling in that spot.,Benign Keratosis-like Lesions
The skin on my trunk has changed. There's a tan to dark brown growth that looks thicker and greasier than a normal mole now. dry and rough to the touch. it's been there for several weeks.,Seborrheic Keratoses
I'm not sure what a rough patch near my elbow is -- dry and scaly and a burning feeling when I sweat.,Eczema
"I notice occasional mild itching when the weather changes. There's a symmetric mole with a smooth, even border on my neck.",Melanocytic Nevi
I've got scaly red patches on my hands.,Eczema
I have a spot that's larger than a pencil eraser and keeps getting bigger on my arm.,Melanoma
There's symmetrical red patches on both sides of my body on my wrists with somewhat defined edges. rough and thickened from scratching. no real pain.,Atopic Dermatitis
"I notice some mild discomfort when I sweat. There's dry, itchy patches that have been recurring since childhood on my hands.",Atopic Dermatitis
There's a rough-surfaced growth on my leg -- rough and flaky -- and mild irritation.,Seborrheic Keratoses
I'm not sure what a scaly area on my face is -- rough-feeling in that spot and no real pain.,Melanoma
I've had a hereditary skin condition -- my sibling has it too on my leg that it's been there for a while.,Atopic Dermatitis
There's skin irritation triggered by a certain soap or fabric on my face.,Eczema
"I have a growth that bleeds on my hands, and waxy and scar-like.",Basal Cell Carcinoma
"When the weather changes, I get an itch that triggers before any visible rash appears on my hands.",Atopic Dermatitis
"I have no real pain, and there's a shiny, pearly bump with tiny visible blood vessels running through it near my knee.",Basal Cell Carcinoma
"I noticed a rough-surfaced growth on my leg, along with no significant pain.",Seborrheic Keratoses
"I've had mild irritation for a while now. There's red, inflamed areas on my scalp with blurry, ill-defined edges.",Eczema
"I have a hereditary skin condition -- my sibling has it too around my eyes, and dry and rough to the touch.",Atopic Dermatitis
"There's a round, well-defined growth near my elbow, dry and rough to the touch, not sure what it is",Seborrheic Keratoses
I noticed a dark brown spot on my arm. rough and flaky. it's been there for several weeks.,Melanocytic Nevi
"When the weather changes, no significant pain and a brown to dark brown raised patch on my forearm appear.",Seborrheic Keratoses
"I'm worried about a reddish-brown patch that gets worse in hot, humid weather on my groin and inner thigh because keeps expanding outward from the center.",Fungal Infections
I've been watching small flat-topped shiny purplish bumps on my back and it's been there for a while. no significant pain.,Psoriasis Lichen Planus
There's a skin lesion on my forearm -- rough-feeling in that spot -- and mild irritation.,Melanocytic Nevi
"I have occasional mild itching, and there's cracked, peeling skin on my arm.",Fungal Infections
"Lately I've had a small, shiny, pearly bump on my forehead that comes with no significant pain.",Basal Cell Carcinoma
I've noticed a pigmented spot on my arm lately.,Melanoma
"I have a waxy, scar-like flat patch with an indistinct border on my feet with flaky and thickened.",Basal Cell Carcinoma
"When I sweat, dry, scaly skin on my shins gets worse.",Psoriasis Lichen Planus
I'm noticing a reddish mark on my forearm.,Atopic Dermatitis
"There's a reddish mark on my leg with somewhat defined edges, and the skin there is leathery and thick.",Atopic Dermatitis
Got a flat-topped warty bump that keeps multiplying on my forearm and it's been there for a while,Viral Infections
"A scaly area on my arm, no real pain.",Atopic Dermatitis
"When I sweat, I get a dry patch on my back.",Eczema
I've been watching a raised bump on my neck and it showed up recently. mild irritation.,Eczema
Scaly red patches on my ankles. with irregular edges.,Psoriasis Lichen Planus
"I've noticed a small, round, evenly colored brown spot on my leg lately.",Melanocytic Nevi
"The skin on my arm shows a hard, rough-surfaced growth, and I've been dealing with no significant pain.",Viral Infections
"Patches on the extensor surface -- the outside of my elbows and knees on my shoulder, some mild discomfort.",Psoriasis Lichen Planus
A discolored spot showed up on my arm a while back.,Viral Infections
"There's thickened, leathery patches on my chest with somewhat defined edges. rough-feeling in that spot. no significant pain.",Atopic Dermatitis
My skin on my forearm has been off. a reddish mark. dry and rough to the touch. mild irritation.,Atopic Dermatitis
A red patch on my wrist. with fuzzy borders.,Eczema
There's a dry patch on my lower back.,Psoriasis Lichen Planus
Got a mole that started bleeding on its own without any injury on my face and it's been there for several weeks,Melanoma
"When my clothes rub against it, I get a circular scaly rash near my elbow.",Fungal Infections
"Got a growth that bleeds on my neck, dry and rough to the touch",Basal Cell Carcinoma
A mole with several colors mixed in on my leg. with somewhat defined edges.,Melanoma
"I've had a flat-topped warty bump that keeps multiplying on my leg for a while, with occasional itching around the bump.",Viral Infections
A raised bump on my scalp flares when my clothes rub against it.,Psoriasis Lichen Planus
"Something on the back of my hands looks like cracked, dry skin and has come and gone since childhood",Atopic Dermatitis
"There's dry, red inflamed patches near my elbow with fuzzy borders, and dry and scaly.",Atopic Dermatitis
"No significant pain -- a shiny, pearly bump with tiny visible blood vessels running through it on my forehead.",Basal Cell Carcinoma
I have a reddish-brown rash on my chest.,Fungal Infections
On my forearm: a skin lesion. it showed up recently.,Psoriasis Lichen Planus
It started as thick red raised plaques on my lower back. Now dry and scaly. comes back in the same spots every few months.,Psoriasis Lichen Planus
On my shoulder: a hard lump with visible black specks that look like seeds. it came on gradually.,Viral Infections
My skin on the back of my hands has been off. scaly red patches. rough and leathery feeling. occasional mild itching.,Eczema
"A raised, warty growth on my chest. flaky and thickened.",Viral Infections
"There's a raised bump on my hands, hard and firm to the touch, not sure what it is",Viral Infections
"So I've got dry, itchy patches that have been recurring since childhood on my wrists, with intense itching that wakes me up at night",Atopic Dermatitis
"A spot that's larger than a pencil eraser and keeps getting bigger near my elbow, mild itching.",Melanoma
I've noticed a growth that bleeds on my arm lately.,Melanoma
"Got dry, red inflamed patches near my elbow, the skin there is leathery and thick",Atopic Dermatitis
I have a bump that keeps bleeding even after a very minor bump or scrape near my elbow with dry and scaly.,Basal Cell Carcinoma
"There's a warty, barnacle-like bump with a rough, pitted surface on my shoulder with fuzzy borders. rough and flaky. mild itching.",Seborrheic Keratoses
I'm concerned about a flat-topped warty bump that keeps multiplying on my back that has stayed about the same size for weeks -- some mild discomfort.,Viral Infections
"A mole that has been visibly growing and changing over the past few months on my leg, itching and occasional soreness around it, been there ages",Melanoma
"Something's going on on my back. It's a small, round, evenly colored brown spot. rough and flaky. no discomfort whatsoever.",Melanocytic Nevi
"I noticed a spot that's larger than a pencil eraser and keeps getting bigger on my forearm, along with itching and occasional soreness around it.",Melanoma
Got a raised bump around my eyes and it came on gradually,Atopic Dermatitis
"I'm noticing a waxy, 'stuck-on' looking growth that appears pasted onto the skin surface on my neck.",Seborrheic Keratoses
"I have mild irritation, along with a hard lump with visible black specks that look like seeds near my elbow with irregular edges.",Viral Infections
"A flat, slightly rough patch darker than the surrounding skin on my hands flares on areas that get a lot of sun exposure.",Benign Keratosis-like Lesions
"I notice no significant pain when I sweat. There's a mole with multiple colors -- brown, black, red, and even some pale areas on my scalp.",Melanoma
I'm concerned about a red patch on my scalp that it's been there for a while -- occasional mild itching.,Viral Infections
I'm concerned about an inflamed patch on my face that it's been there for several weeks -- mild stinging or burning feeling.,Benign Keratosis-like Lesions
"Mild irritation -- a dry, crusty spot on a sun-damaged area that keeps peeling off and returning near my elbow.",Benign Keratosis-like Lesions
I notice occasional mild itching when the weather changes. There's a reddish mark on my feet.,Eczema
A dry patch on my forearm. mild irritation.,Basal Cell Carcinoma
"So on my face there's an itch that triggers before any visible rash appears, and some mild discomfort",Atopic Dermatitis
"I have mild itching, along with a dry patch on my elbows and knees with very sharply defined, distinct edges.",Psoriasis Lichen Planus
I have a scaly area on my shoulder.,Eczema
"There's a raised bump near my knee with jagged edges that look ragged, and partly flat and partly raised within the same spot.",Melanoma
I notice no significant pain when my clothes rub against it. There's a raised bump on my stomach.,Melanocytic Nevi
I have a reddish mark on my shoulder with fuzzy borders.,Viral Infections
Should I be worried about patches on the extensor surface -- the outside of my elbows and knees on my ankles? dry and scaly. showed up as small dots and then grew into larger plaques.,Psoriasis Lichen Planus
"I noticed scaly, irritated skin on the back of my hands, along with constant urge to scratch that never really goes away.",Atopic Dermatitis
"I've been watching a rough, sandpaper-like patch on my arm and it came on gradually. no real pain.",Benign Keratosis-like Lesions
"I've noticed athlete's foot causing cracked, peeling, white skin between my toes on my feet lately.",Fungal Infections
I'm worried about skin prone to frequent infections from all the scratching on my shoulder because it's been there for several weeks.,Atopic Dermatitis
The skin on my feet has changed. There's itchy red patches now. rough and flaky. has been flaring on and off for months.,Eczema
"I have thickened, leathery patches on my leg.",Atopic Dermatitis
Should I be worried about a bump that keeps bleeding even after a very minor bump or scrape on my scalp? rough-feeling in that spot. has been slowly growing over several months.,Basal Cell Carcinoma
"A waxy, scar-like flat patch with an indistinct border on my scalp. rough and flaky.",Basal Cell Carcinoma
"Something showed up near my elbow. It's red, ring-shaped scaly patches with fuzzy borders. covered in thick silvery scales. itchy and irritated.",Psoriasis Lichen Planus
"Got scaly, irritated skin near my knee, flaky and thickened",Atopic Dermatitis
"Weird scaly red patches on my shins, flaky and rough, no clue what it is",Psoriasis Lichen Planus
"Thick silvery-white scales that flake off in sheets inside my mouth. with clear, well-demarcated borders.",Psoriasis Lichen Planus
The skin on my forearm has changed. There's a skin lesion now. rough-feeling in that spot. keeps expanding outward from the center.,Fungal Infections
My skin on my face is doing something weird -- a bump that keeps bleeding even after a very minor bump or scrape,Basal Cell Carcinoma
"I have no real pain, and there's a thin, thread-like skin tag growing on my eyelid near my elbow.",Viral Infections
I have a scaly area near my elbow with dry and rough to the touch.,Psoriasis Lichen Planus
Itchy red patches on my chest. with somewhat defined edges.,Eczema
A scaly area on my neck flares when my clothes rub against it.,Melanoma
"I've had a scaly, wart-like bump on my face for a while, with some mild discomfort.",Seborrheic Keratoses
I have a mole with several colors mixed in on my shoulder with fuzzy borders.,Melanoma
"On areas that get a lot of sun exposure, I get a flat, slightly rough patch darker than the surrounding skin on my forearm.",Benign Keratosis-like Lesions
"I have some mild discomfort, along with a reddish mark on my face with somewhat defined edges.",Viral Infections
There's a patch on my neck. It looks like a growth that looks like it could be lifted off with a fingernail. dry and scaly. has been slowly growing thicker over several years.,Seborrheic Keratoses
I have small flat-topped shiny purplish bumps on my elbows and knees and honestly it's been there for a while,Psoriasis Lichen Planus
I'm concerned about a rough patch between my toes that it's been there for several weeks -- no real pain.,Fungal Infections
"A discolored spot on my wrist, occasional mild soreness.",Psoriasis Lichen Planus
A scaly spot that's tender when I rub it firmly on my bald scalp. with irregular edges.,Benign Keratosis-like Lesions
Something on my scalp looks like a pigmented spot and has started bleeding and crusting on its own,Melanoma
"There's thickened, leathery patches on my shoulder -- feels dry and scaly to the touch -- that it came on gradually.",Atopic Dermatitis
"I notice no real pain, but it bleeds a little sometimes it started changing after a lot of sun exposure. There's a growth that bleeds on my chest.",Melanoma
A scaly area near my knee flares when I sweat.,Fungal Infections
"I'm not sure what a waxy, scar-like flat patch with an indistinct border on my feet is -- waxy and scar-like and occasional mild itching.",Basal Cell Carcinoma
"I've had a shiny, pearly bump with tiny visible blood vessels running through it on my arm for some time. rough-feeling in that spot. mild irritation but nothing painful.",Basal Cell Carcinoma
"I've had no pain at all, just an odd texture for a while now. There's a hard, rough-surfaced growth on my back with somewhat defined edges.",Viral Infections
"I developed a reddish-brown patch that gets worse in hot, humid weather on my wrist that comes with occasional mild itching.",Fungal Infections
"I'm worried about a thin, thread-like skin tag growing on my eyelid on my finger because it showed up recently.",Viral Infections
"A small, shiny, pearly bump showed up on my forehead and has been slowly growing over several months",Basal Cell Carcinoma
A dry patch showed up on my wrist a while back.,Basal Cell Carcinoma
There's plaques appearing exactly where my skin was scratched or injured on my hands -- flaky when I run my hand over it -- that comes back in the same spots every few months.,Psoriasis Lichen Planus
"I've had patches on the extensor surface -- the outside of my elbows and knees on my scalp for a while, with itchy and irritated.",Psoriasis Lichen Planus
I've been watching a hard lump with visible black specks that look like seeds on my back and it showed up recently. occasional mild itching.,Viral Infections
"There's a raised, warty growth on my neck.",Viral Infections
Lately I've had a dark brown spot on my arm that comes with occasional mild itching.,Melanoma
I've noticed no real pain and there's small circular bald patches on my scalp on my fingernail. with fuzzy borders. spread from one foot to the other.,Fungal Infections
Lately I've had small rough bumps covering my upper arms and thighs on my chest that comes with occasional mild itching.,Atopic Dermatitis
"I've had a raised, warty growth on my face for some time. flaky and thickened. painful when I put weight on it.",Viral Infections
"I have mild irritation, and there's a dark spot that's been changing on my face.",Melanoma
I've had skin irritation triggered by a certain soap or fabric on my shoulder for some time. rough-feeling in that spot. no real pain.,Eczema
I'm concerned about an inflamed patch on my arm that it showed up recently -- no significant pain.,Melanoma
Some mild discomfort -- a skin lesion on my face.,Viral Infections
Something showed up on my shoulder. It's a reddish mark with somewhat defined edges. rough-feeling in that spot. some mild discomfort.,Eczema
I've got a rash that keeps expanding outward in a ring shape on my fingernail.,Fungal Infections
On my forearm: a rash that keeps expanding outward in a ring shape. it hasn't changed much.,Fungal Infections
I've noticed a rough-surfaced growth on my neck lately.,Seborrheic Keratoses
"I noticed small circular bald patches on my scalp on my face, along with mild itching that worsens in humid weather.",Fungal Infections
I've got a dark spot that's been changing on my scalp -- dry and rough to the touch -- and a strange new sensation I never noticed before,Melanoma
Mild itching -- a skin lesion on my back.,Fungal Infections
"Something's going on on my arm. It's cracked, peeling skin. rough around the border, softer in the center. a stinging feeling especially after sweating.",Fungal Infections
I'm concerned about itchy red patches near my elbow that it hasn't changed much -- no significant pain.,Eczema
"I have white, scaly patches between my toes with flaky and thickened.",Fungal Infections
"So I've got blistering skin that bursts and leaves raw, wet patches on my leg, with some mild discomfort",Eczema
I've had a red patch inside my mouth that it's been there for a while.,Psoriasis Lichen Planus
Lately I've had plaques appearing exactly where my skin was scratched or injured inside my mouth that comes with occasional mild soreness.,Psoriasis Lichen Planus
"A slightly raised, uniform-colored bump, on my back, flaky and thickened.",Melanocytic Nevi
The skin on my shoulder has changed. There's a scaly area now. slightly raised but soft. has been completely stable.,Melanocytic Nevi
"I have occasional itching, and there's a scaly area on my scalp.",Benign Keratosis-like Lesions
"I developed a mole with multiple colors -- brown, black, red, and even some pale areas on my wrist that comes with some mild discomfort.",Melanoma
I notice no real pain on areas that get a lot of sun exposure. There's a raised bump on my face.,Benign Keratosis-like Lesions
"Something's going on on my neck. It's a flat, reddish, scaly patch. dry and scaly. mild irritation but nothing painful.",Basal Cell Carcinoma
"I've had occasional mild itching for a while now. There's a smooth, pearly bump with a small dimple in the center on my chest with fuzzy borders.",Viral Infections
A raised bump near my knee. smooth and flat against my skin.,Melanocytic Nevi
"So I've got skin that breaks open and oozes when it flares on my eyelids, with some mild discomfort",Eczema
"A dry, crusty spot on a sun-damaged area that keeps peeling off and returning on my ears flares when I sweat.",Benign Keratosis-like Lesions
"A raised, well-defined bump showed up on my face and has been slowly growing thicker over several years",Seborrheic Keratoses
"The skin on my leg has changed. There's a rough, cauliflower-like bump with tiny black dots on the surface now. rough and flaky. it came on gradually.",Viral Infections
"There's a patch on my arm. It looks like a pink growth with a slightly sunken, crater-like center. rough-feeling in that spot. it hasn't changed much.",Basal Cell Carcinoma
"There's a waxy, 'stuck-on' looking growth that appears pasted onto the skin surface on my hands, and mild itching.",Seborrheic Keratoses
"I have some mild discomfort, and there's a red patch on my face.",Viral Infections
"I have a shiny, pearly bump with tiny visible blood vessels running through it on my shoulder and honestly it's been there for several weeks",Basal Cell Carcinoma
A discolored spot appeared on my wrist a while ago. with fuzzy borders. dry and rough to the touch. it's been there for a while.,Seborrheic Keratoses
"I have mild stinging or burning feeling, and there's a slightly raised rough patch that bleeds lightly when I scratch it on my back.",Benign Keratosis-like Lesions
Something on my chest looks like a scaly area and it came on gradually,Atopic Dermatitis
There's a mole that started bleeding on its own without any injury on my shoulder -- flaky and thickened -- that it showed up recently.,Melanoma
The skin on my leg has changed. There's a pigmented spot now. slightly raised and uneven. it came on gradually.,Melanoma
"Small rough bumps covering my upper arms and thighs, on my scalp, rough and thickened from scratching.",Atopic Dermatitis
There's a scaly area on my hands -- dry and rough to the touch -- that it showed up recently.,Eczema
"So near my elbow there's a discolored spot, and occasional mild itching",Melanocytic Nevi
"Dry, scaly skin showed up near my knee and it hasn't changed much",Psoriasis Lichen Planus
"When I sweat, I get athlete's foot causing cracked, peeling, white skin between my toes on my face.",Fungal Infections
"An open sore that bleeds, scabs over, and then reopens a few weeks later on my cheek. waxy and scar-like.",Basal Cell Carcinoma
"When I walk barefoot in public areas, burning between my toes and a circular scaly rash between my toes appear.",Fungal Infections
I've had patches that ooze and crust on my wrists for some time. rough and flaky. some mild discomfort.,Eczema
"I have a scaly, wart-like bump on my hands and honestly stayed the same size for a long time but got darker recently",Seborrheic Keratoses
"There's a flat, pink-red scaly patch with a gritty texture on my sun-exposed skin on my lower lip -- flaky and thickened -- and mild irritation.",Benign Keratosis-like Lesions
There's scaly red patches on my lower back -- flaky and thickened -- that it showed up recently.,Psoriasis Lichen Planus
"Cracked, dry skin that stings behind my knees. feels crusty and dry.",Eczema
I have a tan to dark brown growth that looks thicker and greasier than a normal mole on my wrist and honestly grew alongside several similar spots in the same area,Seborrheic Keratoses
I've noticed patches that ooze and crust on my wrists lately.,Eczema
Skin irritation triggered by a certain soap or fabric showed up on my hands a while back.,Eczema
"The skin on my scalp shows an inflamed patch, and I've been dealing with occasional mild itching.",Benign Keratosis-like Lesions
"There's a warty, barnacle-like bump with a rough, pitted surface near my elbow, and no significant pain.",Seborrheic Keratoses
"There's a flat, pink-red scaly patch with a gritty texture on my sun-exposed skin on my neck.",Benign Keratosis-like Lesions
An open sore that won't fully heal showed up on my scalp a while back.,Basal Cell Carcinoma
I noticed a reddish mark on my neck. dry and rough to the touch. it's been there for a while.,Benign Keratosis-like Lesions
"I'm worried about a flat, reddish, scaly patch on my scalp because hasn't healed in over two months despite repeated scabbing.",Basal Cell Carcinoma
A scaly spot that's tender when I rub it firmly showed up on my neck and it came on gradually,Benign Keratosis-like Lesions
"Occasional mild itching -- a rough, sandpaper-like patch on my forearm.",Benign Keratosis-like Lesions
"Something showed up near my elbow. It's a small, shiny, pearly bump with an indistinct, difficult-to-define edge. dry and rough to the touch. no discomfort, it just won't go away.",Basal Cell Carcinoma
"I've noticed a thick, yellowed, crumbly nail that's lifting off the nail bed on my back lately.",Fungal Infections
"There's a mole with an uneven, asymmetrical shape on my hands -- slightly raised and uneven -- and no real pain.",Melanoma
I have a rough patch on my ear with rough-feeling in that spot.,Basal Cell Carcinoma
"So I've got a raised bump on my scalp, with no discomfort unless I scratch it",Seborrheic Keratoses
"I have no real pain, just occasional bleeding after a minor bump, and there's a pink bump with a sunken center on my forehead.",Basal Cell Carcinoma
I've had no real pain for a while now. There's skin irritation triggered by a certain soap or fabric on the inside of my elbows with irregular edges.,Eczema
"Plaques appearing exactly where my skin was scratched or injured, on my lower back, rough-feeling in that spot.",Psoriasis Lichen Planus
Got a mole that started bleeding on its own without any injury on my leg and looks completely different compared to a year ago,Melanoma
"I have a flat, tan-colored mark on my face with irregular edges.",Melanocytic Nevi
Lately I've had a reddish mark on my neck that comes with occasional mild itching.,Basal Cell Carcinoma
"There's a pink growth with a slightly sunken, crater-like center on my face, flaky and thickened, not sure what it is",Basal Cell Carcinoma
A mole that has been visibly growing and changing over the past few months appeared on my neck a while ago. with irregular edges. dry and scaly. it's been there for a while.,Melanoma
"I've got cracked, peeling skin on the sole of my foot -- rough-feeling in that spot -- and occasional mild itching",Fungal Infections
I'm concerned about a brown to dark brown raised patch on my shoulder that has been slowly growing thicker over several years -- mild irritation when it catches on something.,Seborrheic Keratoses
"Weird cracked, dry skin that stings on my arm, flaky and thickened, no clue what it is",Eczema
"I notice occasional mild itching when I sweat. There's a flat, tan-colored mark on my back.",Melanocytic Nevi
I have a reddish mark on my feet with rough-feeling in that spot.,Eczema
"So on my neck there's small circular bald patches on my scalp, and mild itching",Fungal Infections
I developed a skin lesion on my upper back and chest that comes with burning between my toes.,Fungal Infections
"There's a rough, cauliflower-like bump with tiny black dots on the surface on my leg -- rough-feeling in that spot -- that it showed up recently.",Viral Infections
"The skin near my elbow shows a dark brown spot, and I've been dealing with mild irritation.",Melanocytic Nevi
"There's a symmetric mole with a smooth, even border on my stomach with somewhat defined edges, and dry and scaly.",Melanocytic Nevi
My skin on my neck has been off. a raised bump. rough-feeling in that spot. mild itching.,Eczema
There's a rough-surfaced growth on my hands.,Benign Keratosis-like Lesions
"I have some mild discomfort, and there's blistering skin that bursts and leaves raw, wet patches on my hands.",Eczema
"I'm concerned about a rough, cauliflower-like bump with tiny black dots on the surface on my face that it's been there for a while -- occasional mild itching.",Viral Infections
My skin on my groin and inner thigh has been off. a ring-shaped rash with a raised border. flaky and thickened. a stinging feeling especially after sweating.,Fungal Infections
"Weird a mole that has been visibly growing and changing over the past few months on my neck, flaky and thickened, no clue what it is",Melanoma
"There's a red patch on my neck with a clearly defined circular border. smooth with a central dimple. no pain at all, just an odd texture.",Viral Infections
"I've had a raised bump near my elbow for a while, with itching and occasional soreness around it.",Melanoma
It started as a red patch on my scalp. Now rough and flaky. it showed up recently.,Fungal Infections
"A bump that keeps bleeding even after a very minor bump or scrape on my feet, occasional mild itching.",Basal Cell Carcinoma
"I've had patches with blurry, ill-defined edges that spread gradually on my hands for some time. dry and scaly. a burning feeling when I sweat.",Eczema
"I have a raised, well-defined bump near my elbow with dry and scaly.",Seborrheic Keratoses
"When I sweat during exercise, I get dry, red inflamed patches on my wrists.",Atopic Dermatitis
Something showed up on my neck. It's a small rough bump with irregular edges. smooth with a central dimple. some mild discomfort.,Viral Infections
"I have a dry, crusty spot on a sun-damaged area that keeps peeling off and returning near my knee. flaky and thickened. it showed up recently. mild irritation.",Benign Keratosis-like Lesions
My skin on my face has been off. a red patch. rough-feeling in that spot. a strange new sensation I never noticed before.,Melanoma
I notice some mild discomfort when the weather changes. There's a discolored spot on my shoulder.,Benign Keratosis-like Lesions
"A raised, warty growth around my eyes. dry and scaly.",Viral Infections
The skin on my hands has changed. There's a red patch now. flaky and thickened. it showed up recently.,Benign Keratosis-like Lesions
There's a flat-topped warty bump that keeps multiplying on my hands -- dry and rough to the touch -- and no significant pain.,Viral Infections
I have an inflamed patch on my arm with rough-feeling in that spot.,Atopic Dermatitis
"Something showed up on my forearm. It's blistering skin that bursts and leaves raw, wet patches with somewhat defined edges. rough and leathery feeling. some mild discomfort.",Eczema
There's a circular scaly rash on the sole of my foot -- soft and macerated where skin touches skin -- and no real pain.,Fungal Infections
A rash that keeps expanding outward in a ring shape showed up near my elbow a while back.,Fungal Infections
A dry patch showed up on my nose a while back.,Basal Cell Carcinoma
I'm not sure what a scaly spot that's tender when I rub it firmly on my scalp is -- rough and flaky and occasional mild itching.,Benign Keratosis-like Lesions
"Something's going on on my fingers. It's blistering skin that bursts and leaves raw, wet patches. dry and scaly. itching so bad it keeps me awake.",Eczema
"I have occasional mild itching, along with a skin lesion on my face with somewhat defined edges.",Eczema
I have red patches with silvery-white scales on my face with flaky and rough.,Psoriasis Lichen Planus
"No particular trigger, it just appeared gradually, a waxy, 'stuck-on' looking growth that appears pasted onto the skin surface on my forearm gets worse.",Seborrheic Keratoses
"I developed a rough, sandpaper-like patch near my knee that comes with occasional itching.",Benign Keratosis-like Lesions
"Lately I've had a scaly, wart-like bump on my wrist that comes with no discomfort unless I scratch it.",Seborrheic Keratoses
"Small flat-topped shiny purplish bumps, on my scalp, dry and scaly.",Psoriasis Lichen Planus
I'm concerned about a rough patch on my wrist that it's been there for a while -- mild itching.,Atopic Dermatitis
Skin prone to frequent infections from all the scratching on my scalp flares when my clothes rub against it.,Atopic Dermatitis
"When I sweat, occasional mild itching and a scaly area on my hands appear.",Basal Cell Carcinoma
"Got cracked, dry skin around my eyes, dry and cracked to the touch",Atopic Dermatitis
There's a scaly area on my face -- waxy and slightly greasy to the touch -- that it came on gradually.,Seborrheic Keratoses
"I've got a spot with irregular, notched borders on my scalp -- feels different from my other moles -- and mild irritation",Melanoma
"There's a bump that keeps bleeding even after a very minor bump or scrape on my forearm with irregular edges, and dry and rough to the touch.",Basal Cell Carcinoma
"No triggers -- it's been the same in all seasons, I get a soft, dome-shaped mole that's been stable for as long as I can remember near my knee.",Melanocytic Nevi
"When I sweat, mild irritation and a pigmented spot on my arm appear.",Melanoma
"I notice no real pain, just occasional bleeding after a minor bump it started on an area that gets a lot of sun. There's a bump that keeps bleeding even after a very minor bump or scrape on my forearm.",Basal Cell Carcinoma
"I have a strange new sensation I never noticed before, and there's a dark brown spot on my scalp.",Melanoma
"Patches that ooze and crust, behind my knees, flaky and thickened.",Eczema
"A waxy, scar-like area near my elbow, mild itching.",Basal Cell Carcinoma
I'm worried about a scaly area on my chest because it came on gradually.,Viral Infections
The skin on my leg has changed. There's a single-colored mole that looks exactly the same as it did years ago now. flaky and thickened. it came on gradually.,Melanocytic Nevi
"I have occasional mild soreness, and there's a raised bump on my hands.",Psoriasis Lichen Planus
"So I've got a rash that keeps expanding outward in a ring shape on my hands, with mild itching that worsens in humid weather",Fungal Infections
"My skin near my elbow is doing something weird -- red, ring-shaped scaly patches",Fungal Infections
I've had mild itching for a while now. There's a dry patch on my chest with somewhat defined edges.,Melanocytic Nevi
"I have mild irritation, along with a slightly raised, uniform-colored bump on my leg with symmetric, clean borders.",Melanocytic Nevi
"I have a raised bump on my chest, and dry and scaly.",Seborrheic Keratoses
"A reddish-brown rash near my knee. with a clearly raised, scaly outer edge.",Fungal Infections
"I have a soft, dome-shaped mole that's been stable for as long as I can remember on my forearm with irregular edges.",Melanocytic Nevi
"I'm not sure what a reddish-brown patch that gets worse in hot, humid weather on my groin and inner thigh is -- rough and flaky and no significant pain.",Fungal Infections
I've noticed pinpoint bleeding spots when the scale is removed on my hands lately.,Psoriasis Lichen Planus
Got skin that leaks clear fluid after scratching near my knee and has come and gone since childhood,Atopic Dermatitis
A slightly raised rough patch that bleeds lightly when I scratch it on my forearm. with blurry edges that fade into normal skin.,Benign Keratosis-like Lesions
"I've had a mole with an asymmetrical, uneven shape -- one half doesn't match the other on my back for a while, with some mild discomfort.",Melanoma
"I've had a burning, stinging feeling after I sweat for a while now. There's a rough patch on my arm with somewhat defined edges.",Atopic Dermatitis
I'm not sure what a dark brown spot on my wrist is -- dry and rough to the touch and itching and occasional soreness around it.,Melanoma
I have a skin lesion near my knee with fuzzy borders.,Melanocytic Nevi
"My skin on my chest has been off. a waxy, 'stuck-on' looking growth that appears pasted onto the skin surface. waxy and slightly greasy to the touch. some mild discomfort.",Seborrheic Keratoses
There's a raised bump on my chest.,Melanoma
I've been watching a discolored spot on my back and it hasn't changed much. no significant pain.,Seborrheic Keratoses
I'm worried about a red patch on my neck because it's been there for several weeks.,Basal Cell Carcinoma
"There's a scaly spot that's tender when I rub it firmly on my back with irregular edges, and rough and flaky.",Benign Keratosis-like Lesions
I've noticed a stinging feeling especially after sweating and there's a dry patch on the sole of my foot. with somewhat defined edges. it hasn't changed much.,Fungal Infections
I've got an inflamed patch on my back.,Psoriasis Lichen Planus
I'm not sure what a red patch on my chest is -- covered in thick silvery scales and occasional mild itching.,Psoriasis Lichen Planus
I notice some mild discomfort when my clothes rub against it. There's a reddish mark on my neck.,Atopic Dermatitis
I've had a red patch on my face that it showed up recently.,Benign Keratosis-like Lesions
Something doesn't look right on my hands: a skin lesion with poorly defined edges. rough and flaky.,Atopic Dermatitis
"When my clothes rub against it, I get a raised, warty growth on my neck.",Viral Infections
"I have no discomfort whatsoever, and there's a symmetric mole with a smooth, even border on my shoulder.",Melanocytic Nevi
"A hereditary skin condition -- my sibling has it too on my scalp, itchy and irritated.",Atopic Dermatitis
Something's going on on my back. It's small fluid-filled bumps. the skin there is thickened from years of scratching. no real pain.,Eczema
"There's a flat, slightly rough patch darker than the surrounding skin on my scalp, rough and flaky, not sure what it is",Benign Keratosis-like Lesions
Lately I've had a reddish mark on my wrist that comes with no significant pain.,Basal Cell Carcinoma
I've got patches on the extensor surface -- the outside of my elbows and knees near my elbow.,Psoriasis Lichen Planus
I'm worried about a red patch on my feet because it's been there for several weeks.,Melanoma
On my chest: patches that ooze clear fluid when I scratch. spreads a bit more every time I scratch it.,Eczema
"I have no pain at all, just an odd texture, along with a smooth, pearly bump with a small dimple in the center near my elbow with a rough, uneven surface and irregular edges.",Viral Infections
"Something's going on on my arm. It's a mole with an asymmetrical, uneven shape -- one half doesn't match the other. rough and flaky. some mild discomfort.",Melanoma
"A thick, yellowed, crumbly nail that's lifting off the nail bed on my hands flares when I walk barefoot in public areas.",Fungal Infections
My skin on my hands is doing something weird -- a hereditary skin condition -- my sibling has it too,Atopic Dermatitis
"I noticed a raised, well-defined bump on my scalp. dry and scaly. it showed up recently.",Viral Infections
"I'm noticing a waxy, scar-like flat patch with an indistinct border on my hands.",Basal Cell Carcinoma
There's a patch on my hands. It looks like a single-colored mole that looks exactly the same as it did years ago. flaky and thickened. it showed up recently.,Melanocytic Nevi
I developed a spot that's larger than a pencil eraser and keeps getting bigger on my shoulder that comes with a strange new sensation I never noticed before.,Melanoma
"I have a reddish mark on my arm, and partly flat and partly raised within the same spot.",Melanoma
"Weird a thin, thread-like skin tag growing on my eyelid on my armpit, flaky and thickened, no clue what it is",Viral Infections
"I noticed an inflamed patch on my back, along with mild irritation.",Seborrheic Keratoses
"There's a thin, thread-like skin tag growing on my eyelid on my chest -- rough-feeling in that spot -- that it's been there for a while.",Viral Infections
"I have itchy and irritated, along with skin irritation triggered by a certain soap or fabric on my shoulder with poorly defined borders that fade into normal skin.",Eczema
"Weird a mole that started bleeding on its own without any injury on my scalp, rough and flaky, no clue what it is",Melanoma
Something's going on on my face. It's a reddish mark. rough and flaky. occasional mild itching.,Melanocytic Nevi
"I have a soft, dome-shaped mole that's been stable for as long as I can remember on my face with an even, clearly defined edge.",Melanocytic Nevi
"A raised, well-defined bump showed up on my wrist a while back.",Viral Infections
"A pink growth with a slightly sunken, crater-like center showed up on my cheek a while back.",Basal Cell Carcinoma
"The skin on my arm shows a waxy, 'stuck-on' looking growth that appears pasted onto the skin surface, and I've been dealing with occasional mild itching.",Seborrheic Keratoses
My skin on my arm is doing something weird -- a mole with several colors mixed in,Melanoma
There's patches that ooze clear fluid when I scratch on my arm.,Eczema
I've noticed a ring-shaped rash with a raised border on my shoulder lately.,Fungal Infections
"There's a spot that's larger than a pencil eraser and keeps getting bigger on my back with fuzzy borders. rough and flaky. no real pain, but it bleeds a little sometimes.",Melanoma
"There's a patch on my leg. It looks like a pink bump with a sunken center. rough-feeling in that spot. keeps bleeding, scabbing over, and then reopening.",Basal Cell Carcinoma
"I have a scaly, wart-like bump on my scalp with irregular edges.",Seborrheic Keratoses
"There's a growth that bleeds on my arm, and mild irritation but nothing painful.",Basal Cell Carcinoma
"There's a dry patch on my eyelids, and severe itching I can barely control.",Eczema
"So near my elbow there's a round, well-defined growth, and no real pain",Seborrheic Keratoses
My skin on my forehead has been off. a red patch. rough-feeling in that spot. occasional mild itching.,Basal Cell Carcinoma
"So I've got a raised, warty growth on my armpit, with some mild discomfort",Viral Infections
"I'm worried about a hereditary skin condition -- my sibling has it too on my scalp because gets noticeably worse in cold, dry weather.",Atopic Dermatitis
"There's a hard lump with visible black specks that look like seeds on my armpit -- rough and irregular -- and no pain at all, just an odd texture.",Viral Infections
"I have an itch that triggers before any visible rash appears near my knee, and dry and scaly.",Atopic Dermatitis
"I have patches with blurry, ill-defined edges that spread gradually on my back and honestly keeps coming back every winter when the air gets dry",Eczema
I've got a red patch on my neck.,Seborrheic Keratoses
"A growth that bleeds on my arm, itching and occasional soreness around it.",Melanoma
A bump that keeps bleeding even after a very minor bump or scrape appeared on my nose a while ago. with fuzzy borders. rough and flaky. hasn't healed in over two months despite repeated scabbing.,Basal Cell Carcinoma
Something's going on on my feet. It's a discolored spot. rough-feeling in that spot. mild itching.,Atopic Dermatitis
I've noticed severe itching I can barely control and there's a red patch on my feet. with poorly defined borders that fade into normal skin. keeps coming back every winter when the air gets dry.,Eczema
"Something doesn't look right on my feet: a rough patch with clear, well-demarcated borders. dry and scaly.",Psoriasis Lichen Planus
"When I sweat, I get an inflamed patch on my back.",Fungal Infections
"I've noticed mild irritation and there's a waxy, 'stuck-on' looking growth that appears pasted onto the skin surface on my face. with somewhat defined edges. it's been there for several weeks.",Seborrheic Keratoses
There's a discolored spot near my knee -- dry and scaly -- and mild itching.,Atopic Dermatitis
"No particular trigger, it just appeared gradually, I get a raised, well-defined bump on my shoulder.",Seborrheic Keratoses
"A skin lesion on my feet, no real pain.",Benign Keratosis-like Lesions
It started as a slightly raised rough patch that bleeds lightly when I scratch it on my face. Now feels tender when pressed. the crust falls off and then regrows.,Benign Keratosis-like Lesions
"When my clothes rub against it, some mild discomfort and a skin lesion on my leg appear.",Atopic Dermatitis
"Got a ring-shaped rash with a raised scaly outer border and clearer skin in the middle on my scalp and has been getting worse in hot, humid conditions",Fungal Infections
"So I've got sharply defined plaques with very clear, distinct edges on my ankles, with occasional mild itching",Psoriasis Lichen Planus
"The skin on my face shows a red patch, and I've been dealing with itchy and irritated.",Psoriasis Lichen Planus
"Something on my face looks like a spot with jagged, notched, irregular borders and has been changing shape and color over the last few months",Melanoma
"It started as a hard, rough-surfaced growth near my elbow. Now hard and firm to the touch. it's been there for a while.",Viral Infections
"I noticed a reddish mark on my wrist, along with mild irritation.",Melanocytic Nevi
"So I've got a dry patch on my hands, with no real pain",Eczema
I have a raised bump on my cheeks and honestly has been a recurring problem since I was young,Atopic Dermatitis
"A raised, well-defined bump on my wrist. rough and irregular.",Viral Infections
"I'm noticing red, ring-shaped scaly patches on my wrist.",Psoriasis Lichen Planus
"So I've got a flat, pink-red scaly patch with a gritty texture on my sun-exposed skin on my shoulder, with some mild discomfort",Benign Keratosis-like Lesions
"Weird skin irritation triggered by a certain soap or fabric on my shoulder, feels crusty and dry, no clue what it is",Eczema
"I'm not sure what a warty, barnacle-like bump with a rough, pitted surface on my forearm is -- rough and flaky and no real pain.",Seborrheic Keratoses
"I've got a flat, tan-colored mark on my forearm -- rough-feeling in that spot -- and nothing unusual, it's just always been there",Melanocytic Nevi
"There's a flat, slightly rough patch darker than the surrounding skin on my scalp, flaky and thickened, not sure what it is",Benign Keratosis-like Lesions
"A spot with jagged, notched, irregular borders on my face, no real pain, but it bleeds a little sometimes.",Melanoma
"Something showed up around my eyes. It's an inflamed patch with a rough, uneven surface and irregular edges. rough like sandpaper on the surface. mild itching.",Viral Infections
Itchy red patches showed up on my face a while back.,Eczema
I'm concerned about a reddish mark on my chest that it's been there for a while -- mild irritation.,Melanoma
I've been watching a plantar wart on my heel that hurts when I walk on my face and it's been there for a while. mild irritation.,Viral Infections
"Got a mole that started bleeding on its own without any injury on my arm, dry and rough to the touch",Melanoma
I notice some mild discomfort it started changing after a lot of sun exposure. There's a mole that started bleeding on its own without any injury on my forearm.,Melanoma
"I have red, inflamed areas on my leg. rough-feeling in that spot. it's been there for several weeks. mild irritation.",Eczema
My skin on my shoulder has been off. a reddish mark. dry and rough to the touch. occasional mild itching.,Atopic Dermatitis
I'm concerned about a rash that keeps expanding outward in a ring shape on my scalp that it came on gradually -- no real pain.,Fungal Infections
"Red to brownish-gray patches on my fingers, itching so bad it keeps me awake.",Eczema
"There's a mole that has been visibly growing and changing over the past few months on my neck, and some mild discomfort.",Melanoma
I have a bump that keeps bleeding even after a very minor bump or scrape on my wrist.,Basal Cell Carcinoma
"I've got a small, round, evenly colored brown spot on my back -- slightly raised but soft -- and nothing unusual, it's just always been there",Melanocytic Nevi
There's an inflamed patch near my elbow -- rough and flaky -- that it came on gradually.,Viral Infections
I'm noticing a spot that's larger than a pencil eraser and keeps getting bigger on my wrist.,Melanoma
Skin that breaks open and oozes when it flares appeared on my eyelids a while ago. with irregular edges. dry and scaly. clears up for a few weeks and then flares back up.,Eczema
"Weird a slightly raised rough patch that bleeds lightly when I scratch it on my wrist, dry and rough to the touch, no clue what it is",Benign Keratosis-like Lesions
I've had a discolored spot on my leg that it came on gradually.,Atopic Dermatitis
"There's a mole with several colors mixed in on my back with somewhat defined edges, and partly flat and partly raised within the same spot.",Melanoma
Something's going on on my cheek. It's a reddish mark. waxy and scar-like. some mild discomfort.,Basal Cell Carcinoma
Lately I've had a growth that bleeds on my shoulder that comes with some mild discomfort.,Basal Cell Carcinoma
"I'm noticing a rough, sandpaper-like patch that feels much rougher than it looks on my feet.",Benign Keratosis-like Lesions
"I'm worried about a reddish-brown patch that gets worse in hot, humid weather on my chest because it hasn't changed much.",Fungal Infections
"My skin on my hands has been off. a slightly raised, uniform-colored bump. rough and flaky. no discomfort whatsoever.",Melanocytic Nevi
"I developed athlete's foot causing cracked, peeling, white skin between my toes on my arm that comes with no significant pain.",Fungal Infections
"I have a smooth, pearly bump with a small dimple in the center on the sole of my foot and honestly it's been there for several weeks",Viral Infections
"I've got thickened, leathery patches on my neck -- dry and rough to the touch -- and mild irritation",Atopic Dermatitis
"A skin lesion on my arm, no discomfort whatsoever, been there ages",Melanocytic Nevi
"My skin on my face has been off. a waxy, stuck-on looking growth. rough and flaky. no discomfort unless I scratch it.",Seborrheic Keratoses
Lately I've had an inflamed patch on my feet that comes with mild irritation.,Basal Cell Carcinoma
"A waxy, stuck-on looking growth on my shoulder. with fuzzy borders.",Seborrheic Keratoses
"I've had a mole with several colors mixed in on my face for some time. flaky and thickened. no real pain, but it bleeds a little sometimes.",Melanoma
I'm concerned about an inflamed patch on my forearm that it came on gradually -- burning between my toes.,Fungal Infections
"I've had raw, inflamed skin on my wrist that it's been there for a while.",Eczema
"I've been watching a small, uniform dark brown spot with no irregular areas on my arm and hasn't changed in size, shape, or color. no significant pain.",Melanocytic Nevi
"I've had a rough, cauliflower-like bump with tiny black dots on the surface around my eyes that grew slowly over several months.",Viral Infections
"Should I be worried about a skin lesion on my feet? rough around the border, softer in the center. it showed up recently.",Fungal Infections
"A mole that has been visibly growing and changing over the past few months on my back, some mild discomfort, been there ages",Melanoma
I developed a reddish mark on my hands that comes with mild itching.,Viral Infections
I'm concerned about skin that weeps and crusts over on the inside of my elbows that it's been there for a while -- no significant pain.,Eczema
I noticed patches that ooze and crust on my wrist. dry and scaly. it's been there for a while.,Eczema
I've had some mild discomfort for a while now. There's a pigmented spot near my elbow with fuzzy borders.,Melanocytic Nevi
"Got a scaly, wart-like bump on my chest and grew alongside several similar spots in the same area",Seborrheic Keratoses
"I have no pain at all, just an odd texture, and there's a rough patch on my shoulder.",Viral Infections
On the back of my hands: a red patch. keeps coming back in the same spot after it peels off.,Benign Keratosis-like Lesions
I noticed a scaly area on my lower lip. dry and scaly. it came on gradually.,Benign Keratosis-like Lesions
Something doesn't look right on my chest: a mole that has been visibly growing and changing over the past few months with fuzzy borders. rough and flaky.,Melanoma
"The skin on my leg shows a mole that has been visibly growing and changing over the past few months, and I've been dealing with mild itching.",Melanoma
I've had a rough-surfaced growth on my leg that it's been there for several weeks.,Seborrheic Keratoses
"There's a hard, rough-surfaced growth on my chest -- rough-feeling in that spot -- and some mild discomfort.",Viral Infections
I'm worried about a dry patch on my neck because it's been there for several weeks.,Melanoma
"When the weather changes, mild itching and a rough, cauliflower-like bump with tiny black dots on the surface on my hands appear.",Viral Infections
The skin on my hands has changed. There's a cluster of small flesh-colored bumps now. flaky and thickened. it hasn't changed much.,Viral Infections
"I have a raised bump on my face with no sharp edge, just gradually redder skin.",Eczema
I'm worried about a rough patch near my elbow because keeps spreading into a small cluster.,Viral Infections
"I have an open sore that bleeds, scabs over, and then reopens a few weeks later on my shoulder with an indistinct, difficult-to-define edge.",Basal Cell Carcinoma
"A mole with multiple colors -- brown, black, red, and even some pale areas on my face. with somewhat defined edges.",Melanoma
I developed a dry patch on my leg that comes with some mild discomfort.,Viral Infections
"A thin, thread-like skin tag growing on my eyelid on my back, mild itching, been there ages",Viral Infections
"There's a perfectly round, evenly colored brown spot that hasn't changed at all on my chest, dry and scaly, not sure what it is",Melanocytic Nevi
"When my feet stay damp in sweaty shoes, occasional mild itching and an inflamed patch near my knee appear.",Fungal Infections
"There's a spot with jagged, notched, irregular borders near my knee -- dry and scaly -- that it's been there for a while.",Melanoma
Something's going on on my leg. It's a rash that keeps expanding outward in a ring shape. rough and flaky. occasional mild itching.,Fungal Infections
A skin lesion on my scalp. no real pain.,Seborrheic Keratoses
Scaly red patches showed up on my chest a while back.,Psoriasis Lichen Planus
Something on my back looks like a hard lump with visible black specks that look like seeds and it showed up recently,Viral Infections
"I developed patches with blurry, ill-defined edges that spread gradually on my scalp that comes with no significant pain.",Eczema
Something showed up on my face. It's a flat-topped warty bump that keeps multiplying with fuzzy borders. rough-feeling in that spot. no significant pain.,Viral Infections
"Got a tan to dark brown growth that looks thicker and greasier than a normal mole on my back, dry and rough to the touch",Seborrheic Keratoses
I'm worried about a hard lump with visible black specks that look like seeds near my elbow because it's been there for a while.,Viral Infections
"There's a patch on my shoulder. It looks like a flat, reddish, scaly patch. dry and rough to the touch. it came on gradually.",Basal Cell Carcinoma
There's small flat-topped shiny purplish bumps on my scalp.,Psoriasis Lichen Planus
There's thick silvery-white scales that flake off in sheets on my wrists.,Psoriasis Lichen Planus
"Something near my knee looks like a mole with multiple colors -- brown, black, red, and even some pale areas and it hasn't changed much",Melanoma
There's a patch near my elbow. It looks like a raised bump. dry and scaly. it's been there for a while.,Viral Infections
"Weird scaly red patches on my eyelids, dry and scaly, no clue what it is",Eczema
"A soft, dome-shaped mole that's been stable for as long as I can remember on my chest flares when I sweat.",Melanocytic Nevi
"When the weather changes, occasional mild itching and a rough, sandpaper-like patch that feels much rougher than it looks near my knee appear.",Benign Keratosis-like Lesions
"Should I be worried about a small, shiny, pearly bump on my face? waxy and scar-like. it hasn't changed much.",Basal Cell Carcinoma
"My skin near my knee is doing something weird -- a small, dry, crusty spot",Benign Keratosis-like Lesions
"I've had mild irritation for a while now. There's patches with blurry, ill-defined edges that spread gradually behind my knees with irregular edges.",Eczema
"When I sweat, no real pain and a mole with multiple colors -- brown, black, red, and even some pale areas on my arm appear.",Melanoma
"I've got a smooth, symmetric mole on my face.",Melanocytic Nevi
"On my hands: a thick, yellowed, crumbly nail that's lifting off the nail bed. spread from one foot to the other.",Fungal Infections
"I've had a spot with jagged, notched, irregular borders on my arm that looks completely different compared to a year ago.",Melanoma
"I have no real pain, along with a skin lesion near my elbow with irregular edges.",Benign Keratosis-like Lesions
"I noticed an open sore that bleeds, scabs over, and then reopens a few weeks later on my forearm, along with some mild discomfort.",Basal Cell Carcinoma
"Weird a scaly area on my back, rough and flaky, no clue what it is",Fungal Infections
"I'm noticing patches with blurry, ill-defined edges that spread gradually on my face.",Eczema
"No real pain -- a raised, warty growth near my elbow.",Viral Infections
"When the weather changes, I get a red patch on my face.",Fungal Infections
"A pink growth with a slightly sunken, crater-like center on my cheek, mild itching.",Basal Cell Carcinoma
"I'm noticing a spot with jagged, notched, irregular borders near my knee.",Melanoma
Something doesn't look right on the back of my hands: itchy red patches with somewhat defined edges. flaky and thickened.,Eczema
"The skin on my leg has changed. There's red, inflamed areas now. dry and rough to the touch. it hasn't changed much.",Eczema
A rash that keeps expanding outward in a ring shape showed up on my fingernail a while back.,Fungal Infections
"I have no significant pain, and there's a discolored spot on my leg.",Viral Infections
A red patch on my neck. with somewhat defined edges.,Basal Cell Carcinoma
I'm noticing a scaly area on my chest.,Melanocytic Nevi
"Something's going on near my knee. It's blistering skin that bursts and leaves raw, wet patches. dry and scaly. no significant pain.",Eczema
I've got a tan to dark brown growth that looks thicker and greasier than a normal mole on my back.,Seborrheic Keratoses
"The skin on my scalp shows a tan to dark brown growth that looks thicker and greasier than a normal mole, and I've been dealing with no discomfort unless I scratch it.",Seborrheic Keratoses
"Something on my toenail looks like a reddish-brown patch that gets worse in hot, humid weather and it showed up recently",Fungal Infections
I'm not sure what a dry patch on my neck is -- dry and rough to the touch and no significant pain.,Benign Keratosis-like Lesions
"There's a symmetric mole with a smooth, even border on my wrist, and no real pain.",Melanocytic Nevi
"Lately I've had a rough, cauliflower-like bump with tiny black dots on the surface on my wrist that comes with mild irritation.",Viral Infections
There's a raised bump on my chest -- rough and bumpy on the surface -- and some mild discomfort.,Seborrheic Keratoses
"I developed a flat, tan-colored mark on my back that comes with no significant pain.",Melanocytic Nevi
I've got a discolored spot on my scalp.,Fungal Infections
"A red patch on my hands, no significant pain.",Eczema
"There's dry, red inflamed patches on my back with blurry borders that blend into surrounding skin. dry and rough to the touch. occasional mild itching.",Atopic Dermatitis
"When I wear synthetic fabrics, a red patch behind my knees gets worse.",Eczema
"I've got a small, dry, crusty spot near my elbow.",Benign Keratosis-like Lesions
"Something showed up on my forearm. It's raw, weeping patches that crust over as they heal with irregular edges. dry and scaly. some mild discomfort.",Eczema
There's a rough patch on my feet with irregular edges. rough-feeling in that spot. occasional mild itching.,Psoriasis Lichen Planus
"When my clothes rub against it, a pink bump with a sunken center on my neck gets worse.",Basal Cell Carcinoma
"There's a rough patch on my feet with somewhat defined edges, and rough and flaky.",Fungal Infections
"A pink growth with a slightly sunken, crater-like center appeared on my neck a while ago. with translucent, blurry borders. waxy and scar-like. it hasn't changed much.",Basal Cell Carcinoma
"So on my forearm there's a hereditary skin condition -- my sibling has it too, and no significant pain",Atopic Dermatitis
I developed a ring-shaped rash with a raised border on my hands that comes with intense itching and burning.,Fungal Infections
"There's a flat, pink-red scaly patch with a gritty texture on my sun-exposed skin on my lower lip -- rough-feeling in that spot -- and mild itching.",Benign Keratosis-like Lesions
I have a scaly spot that's tender when I rub it firmly on my forearm with irregular edges.,Benign Keratosis-like Lesions
"The skin on my wrists shows red, ring-shaped scaly patches, and I've been dealing with mild irritation.",Psoriasis Lichen Planus
A rough-surfaced growth on my arm. flaky and thickened.,Benign Keratosis-like Lesions
Something's going on on the back of my knuckles. It's a hard lump with visible black specks that look like seeds. rough and irregular. mild itching.,Viral Infections
"In dry weather, an inflamed patch on my feet gets worse.",Psoriasis Lichen Planus
"When my clothes rub against it, a red patch on my forearm gets worse.",Benign Keratosis-like Lesions
"There's a brown to dark brown raised patch on my face, rough and flaky, not sure what it is",Seborrheic Keratoses
"Something on my cheeks looks like red, inflamed areas and has been a recurring problem since I was young",Atopic Dermatitis
Something's going on on my wrist. It's a growth that looks like it could be lifted off with a fingernail. rough-feeling in that spot. mild itching.,Seborrheic Keratoses
I have a skin lesion on my neck.,Benign Keratosis-like Lesions
Should I be worried about a skin lesion on my wrist? waxy and scar-like. it's been there for several weeks.,Basal Cell Carcinoma
There's a rough patch on my scalp -- dry and scaly -- that it hasn't changed much.,Fungal Infections
I'm not sure what a hereditary skin condition -- my sibling has it too on my chest is -- rough and flaky and no significant pain.,Atopic Dermatitis
I have patches on the extensor surface -- the outside of my elbows and knees on my arm.,Psoriasis Lichen Planus
"Something showed up on my hands. It's a waxy, scar-like area with somewhat defined edges. the center feels soft and tends to crust over. no significant pain.",Basal Cell Carcinoma
A slightly raised rough patch that bleeds lightly when I scratch it appeared on my scalp a while ago. with irregular edges. dry and rough to the touch. it's been there for a while.,Benign Keratosis-like Lesions
I've had an inflamed patch on my cheeks for some time. flaky and thickened. mild itching.,Atopic Dermatitis
I'm worried about small circular bald patches on my scalp on my feet because it came on gradually.,Fungal Infections
"Mild itching -- a flat, pink-red scaly patch with a gritty texture on my sun-exposed skin on the back of my hands.",Benign Keratosis-like Lesions
Something doesn't look right near my knee: a reddish mark with fuzzy borders. dry and scaly.,Basal Cell Carcinoma
"I have intense itching that wakes me up at night, and there's dry, itchy patches that have been recurring since childhood on my leg.",Atopic Dermatitis
"I've noticed an open sore that bleeds, scabs over, and then reopens a few weeks later on my hands lately.",Basal Cell Carcinoma
"I have a rough, cauliflower-like bump with tiny black dots on the surface on my shoulder. rough like sandpaper on the surface. it's been there for a while. some mild discomfort.",Viral Infections
"Got patches with blurry, ill-defined edges that spread gradually on my eyelids and it's been there for several weeks",Eczema
"On my chest: raw, weeping patches that crust over as they heal. clears up for a few weeks and then flares back up.",Eczema
"I notice some mild discomfort when the weather changes. There's a rough, cauliflower-like bump with tiny black dots on the surface on my forearm.",Viral Infections
"I've been watching a symmetric mole with a smooth, even border on my scalp and it came on gradually. occasional mild itching.",Melanocytic Nevi
I have a skin lesion on my face with slightly raised and uneven.,Melanoma
"There's sharply defined plaques with very clear, distinct edges on my face -- feels rough and raised -- and no real pain.",Psoriasis Lichen Planus
"I have mild itching, along with small rough bumps covering my upper arms and thighs on my scalp with somewhat defined edges.",Atopic Dermatitis
"Got a raised, warty growth on my chest, dry and rough to the touch",Viral Infections
I've noticed occasional mild itching and there's bumps with a fine white lacy pattern on the surface on my scalp. with somewhat defined edges. showed up as small dots and then grew into larger plaques.,Psoriasis Lichen Planus
I developed a discolored spot on my arm that comes with mild irritation.,Benign Keratosis-like Lesions
"I notice some mild discomfort when my clothes rub against it. There's a soft, dome-shaped mole that's been stable for as long as I can remember on my hands.",Melanocytic Nevi
I'm concerned about small rough bumps covering my upper arms and thighs on my cheeks that keeps returning in the same spots year after year -- some mild discomfort.,Atopic Dermatitis
I have a reddish mark on my hands. dry and cracked to the touch. it's been there for a while. some mild discomfort.,Atopic Dermatitis
I have a cluster of small flesh-colored bumps on my face.,Viral Infections
I noticed a raised bump on my face. dry and scaly. it showed up recently.,Fungal Infections
There's a raised bump on my wrists -- the skin there is thickened from years of scratching -- that spreads a bit more every time I scratch it.,Eczema
"Some mild discomfort -- a thick, yellowed, crumbly nail that's lifting off the nail bed near my knee.",Fungal Infections
An inflamed patch on my neck. smooth with a central dimple.,Viral Infections
A plantar wart on my heel that hurts when I walk on the back of my knuckles. has stayed about the same size for weeks. mild itching.,Viral Infections
"Something showed up on my back. It's a small rough bump with somewhat defined edges. rough-feeling in that spot. no pain at all, just an odd texture.",Viral Infections
"In hot and humid weather, some mild discomfort and a skin lesion on my fingernail appear.",Fungal Infections
Mild itching that worsens in humid weather -- a circular scaly rash on my leg.,Fungal Infections
"I'm concerned about a rough, sandpaper-like patch on my lower lip that it showed up recently -- mild irritation.",Benign Keratosis-like Lesions
"Something doesn't look right on my wrist: a mole with an asymmetrical, uneven shape -- one half doesn't match the other with fuzzy borders. flaky and thickened.",Melanoma
"There's a waxy, stuck-on looking growth on my back with a clearly defined, elevated border. dry and scaly. occasional mild itching.",Seborrheic Keratoses
I've got a scaly area on my forearm.,Eczema
I've had mild itching for a while now. There's a circular scaly rash on my arm with irregular edges.,Fungal Infections
"The skin on my face has changed. There's a waxy, stuck-on looking growth now. rough and bumpy on the surface. stayed the same size for a long time but got darker recently.",Seborrheic Keratoses
"Weird a red patch on the inside of my elbows, dry and cracked to the touch, no clue what it is",Eczema
"There's a red patch on my back, the skin there is thickened from years of scratching, not sure what it is",Eczema
"I have no real pain, and there's itchy red patches on my fingers.",Eczema
I'm not sure what a flat-topped warty bump that keeps multiplying on my shoulder is -- dry and scaly and painful when I put weight on it.,Viral Infections
"The skin on my scalp shows a round, well-defined growth, and I've been dealing with no significant pain.",Seborrheic Keratoses
I'm concerned about a rough patch on my torso that it's been there for a while -- mild itching.,Fungal Infections
I'm noticing a slightly raised rough patch that bleeds lightly when I scratch it on my scalp.,Benign Keratosis-like Lesions
I have an itch that triggers before any visible rash appears on the back of my hands.,Atopic Dermatitis
"I have a waxy, scar-like flat patch with an indistinct border on my shoulder. flaky and thickened. hasn't healed in over two months despite repeated scabbing. no real pain.",Basal Cell Carcinoma
"Lately I've had a flat, pink-red scaly patch with a gritty texture on my sun-exposed skin on my forearm that comes with occasional itching.",Benign Keratosis-like Lesions
"Small rough bumps covering my upper arms and thighs, on my hands, the skin there is leathery and thick.",Atopic Dermatitis
"There's a reddish-brown rash on my shoulder, rough-feeling in that spot, not sure what it is",Fungal Infections
"Some mild discomfort -- cracked, peeling skin on my face.",Fungal Infections
I developed a mole that has been visibly growing and changing over the past few months on my chest that comes with mild irritation.,Melanoma
"A scaly area on my neck, mild irritation when it catches on something.",Seborrheic Keratoses
"I'm worried about a mole with multiple colors -- brown, black, red, and even some pale areas on my back because it showed up recently.",Melanoma
"I have no pain, just occasional mild itching if clothing rubs it, and there's a tan to dark brown growth that looks thicker and greasier than a normal mole near my knee.",Seborrheic Keratoses
"So near my knee there's a mole with an asymmetrical, uneven shape -- one half doesn't match the other, and mild irritation",Melanoma
"I noticed a discolored spot on my wrist, along with no pain, just occasional mild itching if clothing rubs it.",Seborrheic Keratoses
I've had a dry patch on my shoulder that it's been there for a while.,Eczema
"Weird a raised bump on my chest, rough-feeling in that spot, no clue what it is",Fungal Infections
There's a growth that looks like it could be lifted off with a fingernail on my shoulder -- rough and flaky -- that grew alongside several similar spots in the same area.,Seborrheic Keratoses
There's a patch on my chest. It looks like a spot that's larger than a pencil eraser and keeps getting bigger. feels different from my other moles. it came on gradually.,Melanoma
I have an inflamed patch on my forehead and honestly it came on gradually,Basal Cell Carcinoma
I developed a discolored spot on my arm that comes with mild irritation.,Fungal Infections
A red patch on my hands. with fuzzy borders.,Basal Cell Carcinoma
"Got a reddish mark near my knee, dry and scaly",Atopic Dermatitis
"There's a mole with several colors mixed in on my shoulder, dry and rough to the touch, not sure what it is",Melanoma
"I have a cluster of small flesh-colored bumps near my elbow, and flaky and thickened.",Viral Infections
I'm worried about a rough-surfaced growth on my ears because has been there for months without healing completely.,Benign Keratosis-like Lesions
"I'm concerned about patches with blurry, ill-defined edges that spread gradually on my eyelids that it's been there for a while -- no significant pain.",Eczema
"I have mild itching, and there's a raised bump on my lower lip.",Benign Keratosis-like Lesions
There's a red patch on my arm.,Eczema
A scaly area near my elbow. it's been there for a while. intense itching that gets worse at night.,Eczema
I have a raised bump on my feet and honestly it hasn't changed much,Eczema
I've noticed no real pain and there's an inflamed patch on my trunk. with somewhat defined edges. it's been there for several weeks.,Seborrheic Keratoses
"I've had a reddish-brown patch that gets worse in hot, humid weather on my scalp that it's been there for a while.",Fungal Infections
I have a rough patch on my face. slightly raised but soft. it hasn't changed much. no significant pain.,Melanocytic Nevi
There's a scaly area on my shoulder.,Psoriasis Lichen Planus
"I have some mild discomfort, along with a scaly, wart-like bump on my face with somewhat defined edges.",Seborrheic Keratoses
It started as a reddish mark on my scalp. Now rough and flaky. it hasn't changed much.,Basal Cell Carcinoma
"My skin on my chest is doing something weird -- a pink growth with a slightly sunken, crater-like center",Basal Cell Carcinoma
"The skin on my leg shows a reddish mark, and I've been dealing with mild itching.",Viral Infections
I notice mild discomfort when I press on it when I sweat. There's a small rough bump on my neck.,Viral Infections
"A pigmented spot on my feet, no real pain.",Melanocytic Nevi
Something on my face looks like a rough-surfaced growth and grew alongside several similar spots in the same area,Seborrheic Keratoses
"A red patch, on my shoulder, rough-feeling in that spot.",Melanocytic Nevi
"Got a discolored spot on my face, rough and flaky",Melanoma
I've got an inflamed patch on my face.,Atopic Dermatitis
"I noticed a rough patch on my back, along with mild irritation when it catches on something.",Seborrheic Keratoses
Lately I've had a raised bump on my arm that comes with occasional mild itching.,Melanoma
I've got a cluster of small flesh-colored bumps on my neck -- flaky and thickened -- and mild discomfort when I press on it,Viral Infections
I've got a reddish mark on my arm.,Eczema
My skin on my chest is doing something weird -- a skin lesion,Atopic Dermatitis
It started as a mole that has been visibly growing and changing over the past few months on my leg. Now rough and flaky. it's been there for several weeks.,Melanoma
"A scaly area on my hands, mild irritation.",Basal Cell Carcinoma
"There's raw, weeping patches that crust over as they heal on my chest, and no real pain.",Eczema
Should I be worried about an inflamed patch on my face? slightly raised but soft. has been completely stable.,Melanocytic Nevi
"I have a discolored spot on my back, and flaky and thickened.",Melanocytic Nevi
"There's sharply defined plaques with very clear, distinct edges on my forearm, and itching that can get severe.",Psoriasis Lichen Planus
"There's a pink growth with a slightly sunken, crater-like center on my back with a rolled, slightly raised outer edge, and rough and flaky.",Basal Cell Carcinoma
"Sharply defined plaques with very clear, distinct edges on my scalp. covered in thick silvery scales.",Psoriasis Lichen Planus
I developed a rough patch on my elbows and knees that comes with mild irritation.,Psoriasis Lichen Planus
"I've had mild itching for a while now. There's blistering skin that bursts and leaves raw, wet patches on the inside of my elbows with blurry, ill-defined edges.",Eczema
"There's a hereditary skin condition -- my sibling has it too near my knee, and no real pain.",Atopic Dermatitis
I've noticed a raised bump on my chest lately.,Psoriasis Lichen Planus
"Blistering skin that bursts and leaves raw, wet patches on my back, mild irritation.",Eczema
"When I sweat, I get a pigmented spot on my hands.",Melanoma
"When the weather changes, I get a rough, sandpaper-like patch that feels much rougher than it looks on my ears.",Benign Keratosis-like Lesions
"There's red, ring-shaped scaly patches on my feet -- rough and flaky -- and mild itching that worsens in humid weather.",Fungal Infections
"Should I be worried about a raised bump on my forearm? rough-feeling in that spot. hasn't changed in size, shape, or color.",Melanocytic Nevi
I have a rough patch near my elbow with flaky and rough.,Eczema
I've noticed a skin lesion on my back lately.,Melanocytic Nevi
"Got a raised bump on my face, dry and scaly",Basal Cell Carcinoma
"There's a red patch on my toenail with a well-defined ring-shaped border, and dry and scaly.",Fungal Infections
A pigmented spot showed up on my neck and it hasn't changed much,Melanocytic Nevi
"Weird a raised bump on my back, dry and scaly, no clue what it is",Atopic Dermatitis
The skin on my arm has changed. There's a bump that keeps bleeding even after a very minor bump or scrape now. dry and scaly. it came on gradually.,Basal Cell Carcinoma
"Something doesn't look right on my shoulder: a mole with an asymmetrical, uneven shape -- one half doesn't match the other with irregular edges. flaky and thickened.",Melanoma
"I have an inflamed patch on my arm. the center feels soft and tends to crust over. it's been there for several weeks. no real pain, just occasional bleeding after a minor bump.",Basal Cell Carcinoma
"So I've got a flat, slightly rough patch darker than the surrounding skin on my face, with occasional mild itching",Benign Keratosis-like Lesions
"It started changing after a lot of sun exposure, I get a mole with an asymmetrical, uneven shape -- one half doesn't match the other near my knee.",Melanoma
"I have no significant pain, and there's a rough, cauliflower-like bump with tiny black dots on the surface on my scalp.",Viral Infections
I'm noticing a discolored spot on my arm.,Melanoma
There's a dry patch near my knee with irregular edges. flaky and thickened. mild itching.,Eczema
I'm not sure what a red patch on my neck is -- even and smooth to the touch and no itching or pain at all.,Melanocytic Nevi
Skin prone to frequent infections from all the scratching on my wrists. flares and then settles down. intense itching that wakes me up at night.,Atopic Dermatitis
I have a tan to dark brown growth that looks thicker and greasier than a normal mole on my face with flaky and thickened.,Seborrheic Keratoses
I notice mild irritation when I sweat. There's a rough patch on my neck.,Basal Cell Carcinoma
"I have no real pain, along with a growth that looks like it could be lifted off with a fingernail on my scalp with fuzzy borders.",Seborrheic Keratoses
"Something doesn't look right on my feet: a growth that looks like it could be lifted off with a fingernail with a clearly defined, elevated border. dry and scaly.",Seborrheic Keratoses
"I've had dry, itchy patches that have been recurring since childhood around my eyes for a while, with mild itching.",Atopic Dermatitis
"Something's going on around my eyes. It's a dry patch. dry and scaly. no pain at all, just an odd texture.",Viral Infections
"I have itching and occasional soreness around it, and there's a mole with an asymmetrical, uneven shape -- one half doesn't match the other on my hands.",Melanoma
"The skin on my arm shows a smooth, symmetric mole, and I've been dealing with no significant pain.",Melanocytic Nevi
There's a patch near my knee. It looks like a mole with several colors mixed in. dry and rough to the touch. looks completely different compared to a year ago.,Melanoma
"Got a soft, dome-shaped mole that's been stable for as long as I can remember on my back, rough-feeling in that spot",Melanocytic Nevi
"I have a slightly raised, uniform-colored bump on my forearm with smooth, perfectly regular borders.",Melanocytic Nevi
"The skin on my shoulder has changed. There's a spot with irregular, notched borders now. dry and scaly. started as a small mole and has grown noticeably bigger.",Melanoma
I'm worried about small flat-topped shiny purplish bumps on my elbows and knees because comes back in the same spots every few months.,Psoriasis Lichen Planus
"Weird a rough patch on the back of my hands, dry and scaly, no clue what it is",Atopic Dermatitis
I've been watching a skin lesion on my scalp and it came on gradually. mild irritation.,Melanocytic Nevi
I've noticed mild irritation and there's a tan to dark brown growth that looks thicker and greasier than a normal mole on my feet. with irregular edges. it hasn't changed much.,Seborrheic Keratoses
"I've got a flat, pink-red scaly patch with a gritty texture on my sun-exposed skin on my bald scalp -- dry and scaly -- and no real pain",Benign Keratosis-like Lesions
A rough patch showed up near my knee and it came on gradually,Eczema
"There's thick silvery-white scales that flake off in sheets on my back, dry and scaly, not sure what it is",Psoriasis Lichen Planus
On my leg: a red patch. keeps spreading into a small cluster.,Viral Infections
"I noticed thick silvery-white scales that flake off in sheets on my leg, along with occasional mild itching.",Psoriasis Lichen Planus
Something showed up on my feet. It's a discolored spot with irregular edges. rough-feeling in that spot. some mild discomfort.,Basal Cell Carcinoma
I notice mild itching when my clothes rub against it. There's a skin lesion on my neck.,Fungal Infections
"A thick, yellowed, crumbly nail that's lifting off the nail bed, on my forearm, dry and rough to the touch.",Fungal Infections
I've noticed mild irritation and there's a reddish mark on my back. with irregular edges. it hasn't changed much.,Melanoma
"I'm concerned about a rough, sandpaper-like patch that feels much rougher than it looks on my lower lip that it showed up recently -- occasional mild itching.",Benign Keratosis-like Lesions
"There's a soft, dome-shaped mole that's been stable for as long as I can remember near my elbow with fuzzy borders, and dry and rough to the touch.",Melanocytic Nevi
"Something showed up on my shoulder. It's a discolored spot with irregular, notched, uneven borders. rough and flaky. occasional mild itching.",Melanoma
"There's sharply defined plaques with very clear, distinct edges on my face -- feels rough and raised -- and a stinging sensation where the skin cracks at the edges.",Psoriasis Lichen Planus
"I have cracked, peeling skin on my toenail. rough and flaky. it showed up recently. occasional mild itching.",Fungal Infections
"Something on my face looks like a round, well-defined growth and it's been there for a while",Seborrheic Keratoses
I noticed plaques appearing exactly where my skin was scratched or injured on my leg. flaky and rough. it showed up recently.,Psoriasis Lichen Planus
I'm noticing skin irritation triggered by a certain soap or fabric on my leg.,Eczema
My skin on my arm has been off. a raised bump. smooth and flat against my skin. no itching or pain at all.,Melanocytic Nevi
"I have no real pain, and there's a reddish mark on my neck.",Eczema
Skin that breaks open and oozes when it flares showed up on my feet a while back.,Eczema
I have a pigmented spot on my face with fuzzy borders.,Melanocytic Nevi
"There's bumps with a fine white lacy pattern on the surface on my ankles, rough-feeling in that spot, not sure what it is",Psoriasis Lichen Planus
"The skin on my groin and inner thigh has changed. There's red, ring-shaped scaly patches now. dry and rough to the touch. it's been there for a while.",Fungal Infections
"I have a symmetric mole with a smooth, even border on my chest, and dry and scaly.",Melanocytic Nevi
"A rough patch near my knee, mild irritation.",Viral Infections
"I have small rough bumps covering my upper arms and thighs on my cheeks, and rough and thickened from scratching.",Atopic Dermatitis
"I'm not sure what thickened, leathery patches on my wrist is -- dry and scaly and mild itching.",Atopic Dermatitis
"There's a raised bump on my forearm with fuzzy borders, and flaky and thickened.",Fungal Infections
"Cracked, dry skin that stings on my shoulder. it showed up recently. no real pain.",Eczema
"I've had mild irritation for a while now. There's a flat, pink-red scaly patch with a gritty texture on my sun-exposed skin on my neck with somewhat defined edges.",Benign Keratosis-like Lesions
I've been watching patches on the extensor surface -- the outside of my elbows and knees on my ankles and it's been there for a while. mild irritation.,Psoriasis Lichen Planus
Should I be worried about a pink bump with a sunken center on my shoulder? dry and rough to the touch. it showed up recently.,Basal Cell Carcinoma
"I have occasional mild itching, and there's a pink bump with a sunken center on my shoulder.",Basal Cell Carcinoma
"There's a raised, well-defined bump on my back -- waxy and slightly greasy to the touch -- and no discomfort unless I scratch it.",Seborrheic Keratoses
I'm not sure what a discolored spot on my stomach is -- dry and rough to the touch and mild irritation.,Melanocytic Nevi
"Weird a pink bump with a sunken center near my knee, the center feels soft and tends to crust over, no clue what it is",Basal Cell Carcinoma
"Got an inflamed patch on my leg, rough and flaky",Fungal Infections
Mild irritation -- a cluster of small flesh-colored bumps on my face.,Viral Infections
"I've had a dry patch near my elbow for a while, with no real pain, just occasional bleeding after a minor bump.",Basal Cell Carcinoma
"I have a stinging sensation where the skin cracks at the edges, along with scaly red patches on my arms with somewhat defined edges.",Psoriasis Lichen Planus
"There's raw, weeping patches that crust over as they heal on the inside of my elbows -- feels crusty and dry -- and itching so bad it keeps me awake.",Eczema
I've got an inflamed patch near my elbow.,Fungal Infections
"Weird a skin lesion on my leg, even and smooth to the touch, no clue what it is",Melanocytic Nevi
"A slightly raised, uniform-colored bump appeared on my feet a while ago. with an even, clearly defined edge. rough-feeling in that spot. it hasn't changed much.",Melanocytic Nevi
A reddish mark on my shoulder. with somewhat defined edges.,Seborrheic Keratoses
"Lately I've had patches with blurry, ill-defined edges that spread gradually on my back that comes with mild itching.",Eczema
On my back: an inflamed patch. it's been there for a while.,Seborrheic Keratoses
I've got a rough-surfaced growth on my forearms -- feels dry and crusty when I run my finger over it -- and mild stinging or burning feeling,Benign Keratosis-like Lesions
My skin on my forearm is doing something weird -- a flat-topped warty bump that keeps multiplying,Viral Infections
"When the weather changes, occasional mild itching and a plantar wart on my heel that hurts when I walk on my neck appear.",Viral Infections
Got a red patch on my face and hasn't cleared up even after several weeks,Fungal Infections
Scaly red patches on my wrist. it's been there for several weeks. mild irritation.,Eczema
I have a reddish mark on my face. dry and scaly. it showed up recently. some mild discomfort.,Benign Keratosis-like Lesions
"A hard, rough-surfaced growth on my forearm. rough-feeling in that spot.",Viral Infections
It started as a rough patch on my eyelids. Now dry and rough to the touch. it's been there for a while.,Eczema
A rash that keeps expanding outward in a ring shape showed up on my hands a while back.,Fungal Infections
"There's a symmetric mole with a smooth, even border on my feet -- even and smooth to the touch -- that it's been there for several weeks.",Melanocytic Nevi
"I notice mild itching that worsens in humid weather when I sweat. There's white, scaly patches on my scalp.",Fungal Infections
"I have no real pain, and there's a hard lump with visible black specks that look like seeds on my leg.",Viral Infections
"I have a discolored spot near my elbow and honestly keeps bleeding, scabbing over, and then reopening",Basal Cell Carcinoma
"Weird an inflamed patch on my chest, dry and scaly, no clue what it is",Melanoma
"I've had a brown to dark brown raised plaque with a greasy, waxy feel on my neck for some time. flaky and thickened. no pain, just occasional mild itching if clothing rubs it.",Seborrheic Keratoses
"There's scaly, irritated skin on the back of my hands with poorly defined edges. rough and thickened from scratching. itchy and irritated.",Atopic Dermatitis
I'm not sure what a dry patch on my leg is -- flaky when I run my hand over it and itching that can get severe.,Psoriasis Lichen Planus
"In hot and humid weather, small circular bald patches on my scalp between my toes gets worse.",Fungal Infections
"I noticed small fluid-filled bumps on my neck, along with itching so bad it keeps me awake.",Eczema
"The skin on my arms shows dry, scaly skin, and I've been dealing with a stinging sensation where the skin cracks at the edges.",Psoriasis Lichen Planus
"I have a thick, yellowed, crumbly nail that's lifting off the nail bed on my face with fuzzy borders.",Fungal Infections
"When I sweat, I get a scaly area on my chest.",Basal Cell Carcinoma
I noticed a brown to dark brown raised patch on my hands. rough-feeling in that spot. it came on gradually.,Seborrheic Keratoses
"I'm not sure what a waxy, stuck-on looking growth on my shoulder is -- feels like it's sitting on top of the skin rather than growing from it and some mild discomfort.",Seborrheic Keratoses
"It started as a raised, warty growth on my feet. Now dry and scaly. it's been there for a while.",Viral Infections
"I've had no real pain for a while now. There's a thick, yellowed, crumbly nail that's lifting off the nail bed on my feet with fuzzy borders.",Fungal Infections
"Something's going on on my back. It's a skin lesion. feels like it's sitting on top of the skin rather than growing from it. no pain, just occasional mild itching if clothing rubs it.",Seborrheic Keratoses
There's a reddish mark on my back with fuzzy borders. rough and flaky. no significant pain.,Basal Cell Carcinoma
I've got a dry patch near my elbow.,Psoriasis Lichen Planus
A discolored spot on my face. with irregular edges.,Melanocytic Nevi
There's a scaly area on my neck.,Atopic Dermatitis
"I have symmetrical red patches on both sides of my body on my neck, and feels dry and scaly to the touch.",Atopic Dermatitis
"I have mild irritation, along with a waxy, scar-like flat patch with an indistinct border near my elbow with irregular edges.",Basal Cell Carcinoma
"I'm worried about a small, uniform dark brown spot with no irregular areas on my leg because has looked exactly the same for years.",Melanocytic Nevi
My skin on my leg has been off. an inflamed patch. dry and rough to the touch. no significant pain.,Benign Keratosis-like Lesions
I've got a single-colored mole that looks exactly the same as it did years ago near my elbow.,Melanocytic Nevi
"Got a flat, pink-red scaly patch with a gritty texture on my sun-exposed skin on my ears and it came on gradually",Benign Keratosis-like Lesions
"I have a rough patch on my stomach, and dry and scaly.",Melanocytic Nevi
"A dry patch on my wrist, nothing unusual, it's just always been there.",Melanocytic Nevi
"There's small circular bald patches on my scalp near my elbow with fuzzy borders, and crumbly and brittle on the nail.",Fungal Infections
I've been watching skin that breaks open and oozes when it flares on my feet and it showed up recently. a burning feeling when I sweat.,Eczema
"Weird an inflamed patch on my forearm, crumbly and brittle on the nail, no clue what it is",Fungal Infections
"I noticed a dry patch on my forearm, along with mild itching.",Benign Keratosis-like Lesions
On my feet: a slightly raised rough patch that bleeds lightly when I scratch it. it came on gradually.,Benign Keratosis-like Lesions
I'm not sure what small circular bald patches on my scalp on my torso is -- rough-feeling in that spot and burning between my toes.,Fungal Infections
"I have a discolored spot on my face, and dry and scaly.",Viral Infections
Constant urge to scratch -- patches that ooze clear fluid when I scratch on my eyelids.,Eczema
"Something doesn't look right near my knee: athlete's foot causing cracked, peeling, white skin between my toes with irregular edges. rough and flaky.",Fungal Infections
"A small rough bump around my eyes, mild irritation.",Viral Infections
A hereditary skin condition -- my sibling has it too appeared near my knee a while ago. with fuzzy borders. rough and flaky. it hasn't changed much.,Atopic Dermatitis
"Got bumps with a fine white lacy pattern on the surface on my shins, flaky and thickened",Psoriasis Lichen Planus
"I've had a skin lesion near my knee for a while, with no real pain, but it bleeds a little sometimes.",Melanoma
I have a discolored spot on my back and honestly the scab keeps falling off and the raw area underneath comes back,Basal Cell Carcinoma
"I have a rough, cauliflower-like bump with tiny black dots on the surface on my leg. dry and scaly. it's been there for a while. painful when I put weight on it.",Viral Infections
"I've noticed occasional mild itching and there's skin irritation triggered by a certain soap or fabric on my feet. with blurry, ill-defined edges. it came on gradually.",Eczema
I've noticed mild irritation and there's a raised bump on my face. with somewhat defined edges. it showed up recently.,Melanoma
"There's red, inflamed areas on my arm -- dry and cracked to the touch -- and no real pain.",Atopic Dermatitis
I've noticed a red patch near my knee lately.,Viral Infections
"I have occasional mild itching, and there's a reddish-brown patch that gets worse in hot, humid weather near my knee.",Fungal Infections
I've got an open sore that won't fully heal on my leg.,Basal Cell Carcinoma
I've noticed mild irritation but nothing painful and there's a scaly area on my ear. with fuzzy borders. it hasn't changed much.,Basal Cell Carcinoma
"So on my leg there's symmetrical red patches on both sides of my body, and mild irritation",Atopic Dermatitis
I'm not sure what a slightly raised rough patch that bleeds lightly when I scratch it on my face is -- dry and rough to the touch and occasional mild itching.,Benign Keratosis-like Lesions
"A rough, cauliflower-like bump with tiny black dots on the surface on my arm. with fuzzy borders.",Viral Infections
"A small, round, evenly colored brown spot showed up on my shoulder and it came on gradually",Melanocytic Nevi
"Skin that breaks open and oozes when it flares behind my knees, mild irritation.",Eczema
"There's a growth that looks like it could be lifted off with a fingernail on my trunk, rough and bumpy on the surface, not sure what it is",Seborrheic Keratoses
"There's a waxy, scar-like flat patch with an indistinct border on my face -- rough-feeling in that spot -- and some mild discomfort.",Basal Cell Carcinoma
My skin on my back has been off. a bump that keeps bleeding even after a very minor bump or scrape. dry and scaly. some mild discomfort.,Basal Cell Carcinoma
"When the weather changes, mild irritation but nothing painful and a waxy, scar-like flat patch with an indistinct border on my shoulder appear.",Basal Cell Carcinoma
There's a spot that's larger than a pencil eraser and keeps getting bigger near my elbow with somewhat defined edges. feels different from my other moles. a strange new sensation I never noticed before.,Melanoma
"I have mild itching, and there's red to brownish-gray patches on my leg.",Eczema
I've noticed an inflamed patch on my torso lately.,Fungal Infections
"Patches with blurry, ill-defined edges that spread gradually on my face, no significant pain.",Eczema
There's a patch on my forearm. It looks like a rough patch. smooth and flat against my skin. it came on gradually.,Melanocytic Nevi
"Thickened, leathery patches showed up on my leg and it came on gradually",Atopic Dermatitis
A skin lesion on my scalp. dry and rough to the touch.,Atopic Dermatitis
"I notice no discomfort whatsoever when the weather changes. There's a slightly raised, uniform-colored bump on my arm.",Melanocytic Nevi
I've got an inflamed patch on my neck.,Viral Infections
"Should I be worried about a round, well-defined growth on my trunk? rough and flaky. stayed the same size for a long time but got darker recently.",Seborrheic Keratoses
I've had a rough patch on my ear for some time. flaky and thickened. occasional mild itching.,Basal Cell Carcinoma
A rough patch near my knee. some mild discomfort.,Seborrheic Keratoses
"Something doesn't look right on my feet: raw, weeping patches that crust over as they heal with no sharp edge, just gradually redder skin. dry and scaly.",Eczema
"There's thick red raised plaques on my lower back, and mild itching.",Psoriasis Lichen Planus
I've been watching plaques appearing exactly where my skin was scratched or injured inside my mouth and has lasted for months without going away. mild irritation.,Psoriasis Lichen Planus
"I've had sharply defined, scaly plaques near my knee for a while, with no real pain.",Psoriasis Lichen Planus
"I'm not sure what a flat, tan-colored mark on my stomach is -- even and smooth to the touch and no real pain.",Melanocytic Nevi
"I noticed a round, well-defined growth on my shoulder. rough and flaky. it's been there for several weeks.",Seborrheic Keratoses
"The skin on my neck shows a discolored spot, and I've been dealing with some mild discomfort.",Basal Cell Carcinoma
"I have red, ring-shaped scaly patches on my ankles, and covered in thick silvery scales.",Psoriasis Lichen Planus
"There's a scaly area on my hands with somewhat defined edges, and rough-feeling in that spot.",Psoriasis Lichen Planus
I've got a hereditary skin condition -- my sibling has it too on the folds of my elbows and knees -- flaky and thickened -- and no real pain,Atopic Dermatitis
On my wrist: a reddish mark. it hasn't changed much.,Eczema
"I'm concerned about cracked, peeling skin on my feet that it hasn't changed much -- some mild discomfort.",Fungal Infections
I've noticed a rough patch on my leg lately.,Psoriasis Lichen Planus
Something's going on on my arm. It's a circular scaly rash. flaky and thickened. mild itching.,Fungal Infections
"A mole with an asymmetrical, uneven shape -- one half doesn't match the other on my forearm. itching and occasional soreness around it.",Melanoma
I've been watching skin that breaks open and oozes when it flares on my shoulder and it's been there for several weeks. a burning feeling when I sweat.,Eczema
"Cracked, dry skin that stings appeared behind my knees a while ago. with somewhat defined edges. rough-feeling in that spot. keeps coming back every winter when the air gets dry.",Eczema
"Something's going on on my arm. It's a perfectly round, evenly colored brown spot that hasn't changed at all. rough and flaky. occasional mild itching.",Melanocytic Nevi
"I'm concerned about a rough, cauliflower-like bump with tiny black dots on the surface on my wrist that it came on gradually -- no significant pain.",Viral Infections
My skin near my elbow has been off. a red patch. rough and flaky. mild itching.,Viral Infections
"Something doesn't look right on my chest: a perfectly round, evenly colored brown spot that hasn't changed at all with irregular edges. rough-feeling in that spot.",Melanocytic Nevi
"I'm not sure what a warty, barnacle-like bump with a rough, pitted surface on my shoulder is -- dry and rough to the touch and mild itching.",Seborrheic Keratoses
"I have a rough, sandpaper-like patch that feels much rougher than it looks on my forearm, and rough and flaky.",Benign Keratosis-like Lesions
I've had a pigmented spot on my leg that it's been there for a while.,Melanocytic Nevi
It started as an itch that triggers before any visible rash appears on my chest. Now dry and scaly. it came on gradually.,Atopic Dermatitis
A rough-surfaced growth on my neck. occasional mild itching.,Seborrheic Keratoses
"So on my forearm there's a brown to dark brown raised plaque with a greasy, waxy feel, and no discomfort unless I scratch it",Seborrheic Keratoses
A discolored spot appeared on my face a while ago. with somewhat defined edges. rough-feeling in that spot. it came on gradually.,Seborrheic Keratoses
"The skin on my wrist shows a discolored spot, and I've been dealing with some mild discomfort.",Benign Keratosis-like Lesions
Should I be worried about a pigmented spot on my scalp? slightly raised and uneven. looks completely different compared to a year ago.,Melanoma
"I'm not sure what a mole with several colors mixed in on my feet is -- rough and flaky and no real pain, but it bleeds a little sometimes.",Melanoma
"Something on my trunk looks like a warty, barnacle-like bump with a rough, pitted surface and grew alongside several similar spots in the same area",Seborrheic Keratoses
"Something on my leg looks like a spot with jagged, notched, irregular borders and it showed up recently",Melanoma
There's a discolored spot on my hands.,Psoriasis Lichen Planus
"I noticed a hard, rough-surfaced growth on my face, along with mild discomfort when I press on it.",Viral Infections
"I have a hard, rough-surfaced growth near my knee with fuzzy borders.",Viral Infections
"After I had a stressful period at work, thick silvery-white scales that flake off in sheets on my shoulder gets worse.",Psoriasis Lichen Planus
"I've been watching a raised, warty growth on my forearm and has stayed about the same size for weeks. painful when I put weight on it.",Viral Infections
"Red, ring-shaped scaly patches, on my fingernail, rough around the border, softer in the center.",Fungal Infections
Painful when I put weight on it -- a cluster of small flesh-colored bumps on my wrist.,Viral Infections
"My skin on my leg has been off. a waxy, scar-like area. waxy and scar-like. some mild discomfort.",Basal Cell Carcinoma
My skin on my hands has been off. an inflamed patch. even and smooth to the touch. no itching or pain at all.,Melanocytic Nevi
"A mole with multiple colors -- brown, black, red, and even some pale areas, on my back, rough-feeling in that spot.",Melanoma
"Scaly, irritated skin on my scalp. with indistinct, gradually fading edges.",Atopic Dermatitis
A reddish mark near my knee. with irregular edges.,Psoriasis Lichen Planus
"A small, shiny, pearly bump near my knee, no significant pain.",Basal Cell Carcinoma
A scaly area on my ankles. no real pain.,Psoriasis Lichen Planus
I've had mild irritation for a while now. There's red patches with silvery-white scales on my wrists with irregular edges.,Psoriasis Lichen Planus
"Got a small, shiny, pearly bump on my leg, the center feels soft and tends to crust over",Basal Cell Carcinoma
I've had skin prone to frequent infections from all the scratching around my eyes for some time. rough and flaky. mild itching.,Atopic Dermatitis
"Tenderness when I press on it -- a flat, pink-red scaly patch with a gritty texture on my sun-exposed skin on my scalp.",Benign Keratosis-like Lesions
"Weird dry, scaly skin on my wrists, rough and flaky, no clue what it is",Psoriasis Lichen Planus
Got a mole that started bleeding on its own without any injury on my scalp and it hasn't changed much,Melanoma
"A warty, barnacle-like bump with a rough, pitted surface on my scalp. grew alongside several similar spots in the same area. mild irritation.",Seborrheic Keratoses
There's a reddish mark on my face with somewhat defined edges. rough and flaky. mild irritation.,Viral Infections
I've got an inflamed patch on my shoulder.,Melanocytic Nevi
"A smooth, symmetric mole near my elbow flares when I sweat.",Melanocytic Nevi
I have a discolored spot on my shoulder and honestly it hasn't changed much,Melanoma
I've had occasional mild itching for a while now. There's a cluster of small flesh-colored bumps on my neck with a clearly defined circular border.,Viral Infections
"I developed a small, shiny, pearly bump on my wrist that comes with no real pain.",Basal Cell Carcinoma
"I notice mild irritation when my clothes rub against it. There's blistering skin that bursts and leaves raw, wet patches on my hands.",Eczema
Mild irritation -- a hereditary skin condition -- my sibling has it too near my elbow.,Atopic Dermatitis
I've had occasional mild itching for a while now. There's scaly red patches on my chest with fuzzy borders.,Psoriasis Lichen Planus
"There's a pink growth with a slightly sunken, crater-like center on my back.",Basal Cell Carcinoma
"I've had no pain, just a rough texture I can feel for a while now. There's a dry, crusty spot on a sun-damaged area that keeps peeling off and returning on my feet with irregular edges.",Benign Keratosis-like Lesions
I have skin irritation triggered by a certain soap or fabric on my forearm with dry and scaly.,Eczema
A mole that has been visibly growing and changing over the past few months appeared on my shoulder a while ago. with irregular edges. slightly raised and uneven. it's been there for several weeks.,Melanoma
"A flat, pink-red scaly patch with a gritty texture on my sun-exposed skin on my wrist, no significant pain.",Benign Keratosis-like Lesions
I notice no itching or pain at all when I sweat. There's a single-colored mole that looks exactly the same as it did years ago on my shoulder.,Melanocytic Nevi
I've had a discolored spot on my toenail that it hasn't changed much.,Fungal Infections
"I have some mild discomfort, along with a perfectly round, evenly colored brown spot that hasn't changed at all on my feet with an even, clearly defined edge.",Melanocytic Nevi
"Got a scaly area on my scalp, dry and scaly",Melanocytic Nevi
"There's a dark spot that's been changing near my elbow with an asymmetric, non-circular outline, and slightly raised and uneven.",Melanoma
"So I've got a flat, slightly rough patch darker than the surrounding skin on my leg, with no real pain",Benign Keratosis-like Lesions
Lately I've had red patches with silvery-white scales on my back that comes with no real pain.,Psoriasis Lichen Planus
"Lately I've had patches with blurry, ill-defined edges that spread gradually on my feet that comes with itching so bad it keeps me awake.",Eczema
Occasional mild itching -- an inflamed patch on my neck.,Seborrheic Keratoses
There's a reddish mark on my chest with somewhat defined edges. rough-feeling in that spot. mild irritation.,Seborrheic Keratoses
"Something's going on on my leg. It's a perfectly round, evenly colored brown spot that hasn't changed at all. slightly raised but soft. mild irritation.",Melanocytic Nevi
"The skin on my neck has changed. There's a symmetric mole with a smooth, even border now. rough and flaky. hasn't changed in size, shape, or color.",Melanocytic Nevi
There's scaly red patches on my neck -- covered in thick silvery scales -- that it showed up recently.,Psoriasis Lichen Planus
"Got a shiny, pearly bump with tiny visible blood vessels running through it on my neck and keeps bleeding, scabbing over, and then reopening",Basal Cell Carcinoma
"A soft, dome-shaped mole that's been stable for as long as I can remember on my chest. occasional mild itching.",Melanocytic Nevi
Got a slightly raised rough patch that bleeds lightly when I scratch it on my shoulder and seems to be slowly getting larger,Benign Keratosis-like Lesions
I developed a raised bump on my lower lip that comes with occasional mild itching.,Benign Keratosis-like Lesions
"There's a thick, yellowed, crumbly nail that's lifting off the nail bed near my elbow with a well-defined ring-shaped border, and rough around the border, softer in the center.",Fungal Infections
I've noticed a scaly spot that's tender when I rub it firmly on my lower lip lately.,Benign Keratosis-like Lesions
"A rash that keeps expanding outward in a ring shape, on my toenail, flaky and thickened.",Fungal Infections
"Got dry, red inflamed patches on my scalp, flaky and thickened",Atopic Dermatitis
I'm worried about a reddish mark on the back of my hands because has been there for months without healing completely.,Benign Keratosis-like Lesions
"So I've got an inflamed patch on my hands, with a burning, stinging feeling after I sweat",Atopic Dermatitis
"A raised bump on my shoulder, some mild discomfort.",Eczema
"Something doesn't look right on my neck: a waxy, scar-like area with translucent, blurry borders. rough and flaky.",Basal Cell Carcinoma
I've got a rough-surfaced growth on my scalp.,Benign Keratosis-like Lesions
"Something's going on on my scalp. It's a mole with multiple colors -- brown, black, red, and even some pale areas. flaky and thickened. itching and occasional soreness around it.",Melanoma
I've got a dry patch on my feet -- dry and scaly -- and burning between my toes,Fungal Infections
I've got a skin lesion on my arm.,Eczema
"Sharply defined, scaly plaques near my elbow. it came on gradually. mild irritation.",Psoriasis Lichen Planus
"Weird a raised, well-defined bump on my wrist, rough and flaky, no clue what it is",Seborrheic Keratoses
"When the weather changes, I get a small, uniform dark brown spot with no irregular areas on my chest.",Melanocytic Nevi
"I've had a burning, stinging feeling after I sweat for a while now. There's a rough patch near my knee with blurry borders that blend into surrounding skin.",Atopic Dermatitis
"I have a spot with jagged, notched, irregular borders on my forearm and honestly it hasn't changed much",Melanoma
"On my wrist: a pink growth with a slightly sunken, crater-like center. it's been there for several weeks.",Basal Cell Carcinoma
I've noticed some mild discomfort and there's a skin lesion near my knee. with irregular edges. it showed up recently.,Melanoma
"I've had a brown to dark brown raised plaque with a greasy, waxy feel near my elbow that it's been there for a while.",Seborrheic Keratoses
I've noticed mild irritation and there's a scaly area on the back of my hands. with fuzzy borders. it's been there for several weeks.,Eczema
"There's scaly red patches on my wrists with clear, well-demarcated borders, and flaky when I run my hand over it.",Psoriasis Lichen Planus
"There's a patch on my wrist. It looks like a perfectly round, evenly colored brown spot that hasn't changed at all. even and smooth to the touch. it's been there for several weeks.",Melanocytic Nevi
"A raised, warty growth on my leg. with a clearly defined circular border.",Viral Infections
"My skin on my chest is doing something weird -- a small, uniform dark brown spot with no irregular areas",Melanocytic Nevi
"A discolored spot, on my face, flaky and thickened.",Seborrheic Keratoses
I've had a slightly raised rough patch that bleeds lightly when I scratch it on the back of my hands for some time. feels tender when pressed. some mild discomfort.,Benign Keratosis-like Lesions
"Lately I've had a mole with an uneven, asymmetrical shape near my elbow that comes with mild irritation.",Melanoma
"I have a shiny, pearly bump with tiny visible blood vessels running through it on my leg with fuzzy borders.",Basal Cell Carcinoma
"A waxy, 'stuck-on' looking growth that appears pasted onto the skin surface on my arm flares when my clothes rub against it.",Seborrheic Keratoses
"I have no discomfort whatsoever, and there's a scaly area on my shoulder.",Melanocytic Nevi
"The skin on my scalp shows skin that breaks open and oozes when it flares, and I've been dealing with mild itching.",Eczema
"I've had a mole with several colors mixed in on my feet for a while, with no real pain, but it bleeds a little sometimes.",Melanoma
There's an inflamed patch on my wrist with irregular edges. rough like sandpaper on the surface. some mild discomfort.,Viral Infections
"A reddish mark on my back, itchy and irritated, been there ages",Eczema
There's small circular bald patches on my scalp on my feet -- rough-feeling in that spot -- and a stinging feeling especially after sweating.,Fungal Infections
Something near my elbow looks like a raised bump and it hasn't changed much,Seborrheic Keratoses
"I noticed a brown to dark brown raised plaque with a greasy, waxy feel on my back. waxy and slightly greasy to the touch. it hasn't changed much.",Seborrheic Keratoses
"There's dry, red inflamed patches on my forearm -- flaky and thickened -- that it's been there for several weeks.",Atopic Dermatitis
Something showed up on my lower lip. It's a dry patch with fuzzy borders. feels dry and crusty when I run my finger over it. no significant pain.,Benign Keratosis-like Lesions
"I noticed a scaly, wart-like bump on my face. dry and rough to the touch. it's been there for a while.",Seborrheic Keratoses
I noticed a skin lesion on my armpit. rough and flaky. it's been there for a while.,Viral Infections
My skin on my back is doing something weird -- skin that breaks open and oozes when it flares,Eczema
"I've had blistering skin that bursts and leaves raw, wet patches behind my knees for a while, with some mild discomfort.",Eczema
"I've noticed occasional mild itching and there's blistering skin that bursts and leaves raw, wet patches on my hands. with blurry, ill-defined edges. it came on gradually.",Eczema
There's a patch on my forehead. It looks like a bump that keeps bleeding even after a very minor bump or scrape. rough-feeling in that spot. it showed up recently.,Basal Cell Carcinoma
"Something showed up on my groin and inner thigh. It's red, ring-shaped scaly patches with a distinct circular outer rim. dry and scaly. burning between my toes.",Fungal Infections
"There's a flat, tan-colored mark on my leg with an even, clearly defined edge. rough-feeling in that spot. no discomfort whatsoever.",Melanocytic Nevi
There's an open sore that won't fully heal on my leg.,Basal Cell Carcinoma
A rough-surfaced growth on my lower lip. flaky and thickened.,Benign Keratosis-like Lesions
"I have a growth that bleeds on my wrist with irregular, notched, uneven borders.",Melanoma
"I'm not sure what a scaly, reddish-pink patch on my face is -- flaky and thickened and mild itching.",Benign Keratosis-like Lesions
"When I sweat, I get a slightly raised rough patch that bleeds lightly when I scratch it on my shoulder.",Benign Keratosis-like Lesions
"On my hands: a dry, crusty spot on a sun-damaged area that keeps peeling off and returning. it came on gradually.",Benign Keratosis-like Lesions
"Weird small circular bald patches on my scalp between my toes, dry and scaly, no clue what it is",Fungal Infections
My skin on my arm has been off. a reddish mark. dry and scaly. mild irritation.,Viral Infections
A dry patch on my hands. no real pain.,Atopic Dermatitis
"A scaly, reddish-pink patch on my wrist. with irregular edges.",Benign Keratosis-like Lesions
"I've noticed athlete's foot causing cracked, peeling, white skin between my toes on my fingernail lately.",Fungal Infections
"Got cracked, dry skin on my arm and it's been there for a while",Atopic Dermatitis
A rough patch showed up on my forehead a while back.,Basal Cell Carcinoma
I'm noticing a spot that's larger than a pencil eraser and keeps getting bigger on my leg.,Melanoma
"There's a rough patch near my knee with irregular edges, and the center feels soft and tends to crust over.",Basal Cell Carcinoma
"A soft, dome-shaped mole that's been stable for as long as I can remember on my shoulder. smooth and flat against my skin.",Melanocytic Nevi
On my back: skin prone to frequent infections from all the scratching. it came on gradually.,Atopic Dermatitis
There's a raised bump on my feet -- waxy and slightly greasy to the touch -- that grew alongside several similar spots in the same area.,Seborrheic Keratoses
"Got a soft, dome-shaped mole that's been stable for as long as I can remember on my forearm, even and smooth to the touch",Melanocytic Nevi
Something doesn't look right near my knee: a raised bump with irregular edges. smooth with a central dimple.,Viral Infections
"I have occasional mild itching, and there's small fluid-filled bumps on the inside of my elbows.",Eczema
I'm concerned about skin that leaks clear fluid after scratching on my neck that it's been there for a while -- no real pain.,Atopic Dermatitis
"I have a rough, sandpaper-like patch on my scalp with dry and rough to the touch.",Benign Keratosis-like Lesions
"A growth that bleeds on my ear, no discomfort, it just won't go away, been there ages",Basal Cell Carcinoma
A small rough bump on my hands. with irregular edges.,Viral Infections
A raised bump on my neck. even and smooth to the touch.,Melanocytic Nevi
"Weird a flat-topped warty bump that keeps multiplying on my neck, rough and irregular, no clue what it is",Viral Infections
"I noticed a flat, pink-red scaly patch with a gritty texture on my sun-exposed skin on my arm, along with mild stinging or burning feeling.",Benign Keratosis-like Lesions
I have a scaly area on my nose. dry and scaly. it's been there for a while. no significant pain.,Basal Cell Carcinoma
"I have a small, uniform dark brown spot with no irregular areas on my feet.",Melanocytic Nevi
"There's sharply defined plaques with very clear, distinct edges on my shoulder.",Psoriasis Lichen Planus
Something showed up near my knee. It's a discolored spot with irregular edges. flaky and thickened. some mild discomfort.,Basal Cell Carcinoma
It started as a dry patch on my shoulder. Now rough-feeling in that spot. started as a small mole and has grown noticeably bigger.,Melanoma
There's small rough bumps covering my upper arms and thighs on my shoulder.,Atopic Dermatitis
"A flat, pink-red scaly patch with a gritty texture on my sun-exposed skin on my lower lip, occasional mild itching.",Benign Keratosis-like Lesions
There's a dry patch on my forearm -- flaky and thickened -- and occasional mild itching.,Seborrheic Keratoses
"Dry, scaly skin on my back flares in dry weather.",Psoriasis Lichen Planus
Patches that ooze and crust on the back of my hands. no real pain.,Eczema
I've had some mild discomfort for a while now. There's a spot that's larger than a pencil eraser and keeps getting bigger on my forearm with somewhat defined edges.,Melanoma
"I've noticed dry, red inflamed patches on my cheeks lately.",Atopic Dermatitis
I developed an itch that triggers before any visible rash appears on my wrist that comes with some mild discomfort.,Atopic Dermatitis
I'm not sure what pinpoint bleeding spots when the scale is removed inside my mouth is -- dry and rough to the touch and mild itching.,Psoriasis Lichen Planus
Lately I've had small circular bald patches on my scalp on my face that comes with occasional mild itching.,Fungal Infections
"So I've got patches on the extensor surface -- the outside of my elbows and knees on my leg, with no significant pain",Psoriasis Lichen Planus
"After I cut myself shaving near the area, painful when I put weight on it and a reddish mark on my scalp appear.",Viral Infections
There's a dry patch behind my knees.,Eczema
Occasional mild itching -- a rough patch on my hands.,Viral Infections
My skin on my chest has been off. a scaly spot that's tender when I rub it firmly. dry and rough to the touch. tenderness when I press on it.,Benign Keratosis-like Lesions
"A mole with several colors mixed in, on my chest, flaky and thickened.",Melanoma
"I've noticed some mild discomfort and there's a flat, slightly rough patch darker than the surrounding skin on my face. with fuzzy borders. it hasn't changed much.",Benign Keratosis-like Lesions
A cluster of small flesh-colored bumps on the back of my knuckles. dry and rough to the touch.,Viral Infections
Something doesn't look right on my hands: a raised bump with irregular edges. dry and scaly.,Viral Infections
"I've had a symmetric mole with a smooth, even border on my shoulder that it came on gradually.",Melanocytic Nevi
"A rough, sandpaper-like patch that feels much rougher than it looks on the back of my hands, mild itching.",Benign Keratosis-like Lesions
A tan to dark brown growth that looks thicker and greasier than a normal mole appeared on my trunk a while ago. with irregular edges. dry and rough to the touch. it's been there for several weeks.,Seborrheic Keratoses
I noticed plaques appearing exactly where my skin was scratched or injured on my shoulder. dry and scaly. comes back in the same spots every few months.,Psoriasis Lichen Planus
Plaques appearing exactly where my skin was scratched or injured showed up on my back a while back.,Psoriasis Lichen Planus
"I noticed a raised bump on my scalp, along with occasional mild itching.",Seborrheic Keratoses
"On the folds of my elbows and knees: scaly, irritated skin. has been a recurring problem since I was young.",Atopic Dermatitis
I developed a spot that's larger than a pencil eraser and keeps getting bigger on my face that comes with itching and occasional soreness around it.,Melanoma
"I notice occasional mild itching when I sweat. There's patches with blurry, ill-defined edges that spread gradually on the inside of my elbows.",Eczema
My skin on my back has been off. a spot that's larger than a pencil eraser and keeps getting bigger. partly flat and partly raised within the same spot. no significant pain.,Melanoma
"A skin lesion on my face, no real pain.",Benign Keratosis-like Lesions
"I have a small, shiny, pearly bump on my ear with dry and scaly.",Basal Cell Carcinoma
"I have occasional mild itching, and there's a warty, barnacle-like bump with a rough, pitted surface on my face.",Seborrheic Keratoses
I've had a red patch on my scalp for some time. rough and flaky. occasional mild itching.,Benign Keratosis-like Lesions
"A rough, sandpaper-like patch that feels much rougher than it looks on my shoulder. seems to be slowly getting larger. mild irritation.",Benign Keratosis-like Lesions
I notice no significant pain when I sweat. There's a slightly raised rough patch that bleeds lightly when I scratch it on my neck.,Benign Keratosis-like Lesions
I have an inflamed patch on the back of my hands with rough and flaky.,Atopic Dermatitis
"So on my shins there's a discolored spot, and itching that can get severe",Psoriasis Lichen Planus
"When my clothes rub against it, tenderness when I press on it and a small, dry, crusty spot on my face appear.",Benign Keratosis-like Lesions
"A brown to dark brown raised plaque with a greasy, waxy feel on my trunk. some mild discomfort.",Seborrheic Keratoses
A scaly area appeared on my back a while ago. with irregular edges. even and smooth to the touch. it came on gradually.,Melanocytic Nevi
I'm worried about a growth that looks like it could be lifted off with a fingernail on my face because it came on gradually.,Seborrheic Keratoses
"So on my forearm there's a raised bump, and itching and occasional soreness around it",Melanoma
"Something doesn't look right on my back: a perfectly round, evenly colored brown spot that hasn't changed at all with fuzzy borders. smooth and flat against my skin.",Melanocytic Nevi
"A hard, rough-surfaced growth on my wrist. it's been there for several weeks. occasional mild itching.",Viral Infections
"I have a mole with multiple colors -- brown, black, red, and even some pale areas on my leg, and rough and flaky.",Melanoma
"I have a raised, well-defined bump on my chest with irregular edges.",Seborrheic Keratoses
The skin on my face has changed. There's a reddish mark now. flaky and thickened. it's been there for a while.,Melanocytic Nevi
"When the weather changes, a waxy, scar-like flat patch with an indistinct border on my forearm gets worse.",Basal Cell Carcinoma
I've had occasional mild itching for a while now. There's a red patch on my neck with somewhat defined edges.,Seborrheic Keratoses
"There's a reddish-brown rash on my toenail, rough-feeling in that spot, not sure what it is",Fungal Infections
"So I've got a mole that started bleeding on its own without any injury on my chest, with mild irritation",Melanoma
I've been watching a scaly area on my face and it came on gradually. mild itching.,Seborrheic Keratoses
"I've got red, ring-shaped scaly patches on my lower back -- rough and flaky -- and some mild discomfort",Psoriasis Lichen Planus
"I've got a smooth, symmetric mole on my face -- dry and rough to the touch -- and no significant pain",Melanocytic Nevi
"I've had a thick, yellowed, crumbly nail that's lifting off the nail bed on my arm for a while, with no real pain.",Fungal Infections
"There's a circular scaly rash on my shoulder, rough-feeling in that spot, not sure what it is",Fungal Infections
I've had a brown to dark brown raised patch on my neck for some time. waxy and slightly greasy to the touch. no significant pain.,Seborrheic Keratoses
"I have dry, scaly skin on my feet and honestly it hasn't changed much",Psoriasis Lichen Planus
"I have a shiny, pearly bump with tiny visible blood vessels running through it on my face, and flaky and thickened.",Basal Cell Carcinoma
"So I've got a thin, thread-like skin tag growing on my eyelid on my arm, with mild irritation",Viral Infections
"Something showed up on my scalp. It's a raised bump with somewhat defined edges. the center feels soft and tends to crust over. no discomfort, it just won't go away.",Basal Cell Carcinoma
"I have nothing unusual, it's just always been there, along with a perfectly round, evenly colored brown spot that hasn't changed at all on my shoulder with fuzzy borders.",Melanocytic Nevi
There's thick silvery-white scales that flake off in sheets on my chest with fuzzy borders. flaky and thickened. mild itching.,Psoriasis Lichen Planus
"Weird an inflamed patch near my knee, rough-feeling in that spot, no clue what it is",Basal Cell Carcinoma
I have red to brownish-gray patches on my feet with poorly defined borders that fade into normal skin.,Eczema
My skin on my feet is doing something weird -- a dry patch,Psoriasis Lichen Planus
"I have a shiny, pearly bump with tiny visible blood vessels running through it on my leg with rough-feeling in that spot.",Basal Cell Carcinoma
"I have a pink bump with a sunken center on my forehead. dry and rough to the touch. keeps bleeding, scabbing over, and then reopening. mild irritation but nothing painful.",Basal Cell Carcinoma
The skin on my leg has changed. There's a plantar wart on my heel that hurts when I walk now. dry and scaly. it came on gradually.,Viral Infections
I'm not sure what small circular bald patches on my scalp on my scalp is -- rough-feeling in that spot and no significant pain.,Fungal Infections
A skin lesion on my wrist flares when the weather changes.,Psoriasis Lichen Planus
"Mild irritation -- a rough, sandpaper-like patch that feels much rougher than it looks near my knee.",Benign Keratosis-like Lesions
Pinpoint bleeding spots when the scale is removed on my shins. rough and flaky.,Psoriasis Lichen Planus
A dry patch on my fingernail. mild irritation.,Fungal Infections
"There's a warty, barnacle-like bump with a rough, pitted surface on my arm.",Seborrheic Keratoses
Thick silvery-white scales that flake off in sheets on my forearm. a stinging sensation where the skin cracks at the edges.,Psoriasis Lichen Planus
"There's a red patch on my scalp with irregular edges, and rough and flaky.",Psoriasis Lichen Planus
"A raised, warty growth, on my face, rough and flaky.",Viral Infections
"A dry patch, on my chest, partly flat and partly raised within the same spot.",Melanoma
Small rough bumps covering my upper arms and thighs showed up on my shoulder a while back.,Atopic Dermatitis
"So I've got a reddish mark on my hands, with no discomfort whatsoever",Melanocytic Nevi
I have a scaly area on my wrist. rough-feeling in that spot. it hasn't changed much. mild itching.,Psoriasis Lichen Planus
"Dry, itchy patches that have been recurring since childhood on my back. with poorly defined edges.",Atopic Dermatitis
I have a scaly area on my shoulder with slightly raised and uneven.,Melanoma
"So on my leg there's a symmetric mole with a smooth, even border, and nothing unusual, it's just always been there",Melanocytic Nevi
"No triggers -- it's been the same in all seasons, I get a symmetric mole with a smooth, even border on my hands.",Melanocytic Nevi
"The skin on my arm shows a small, uniform dark brown spot with no irregular areas, and I've been dealing with nothing unusual, it's just always been there.",Melanocytic Nevi
"So I've got a discolored spot on my hands, with no significant pain",Benign Keratosis-like Lesions
There's a patch on the sole of my foot. It looks like a circular scaly rash. rough-feeling in that spot. it hasn't changed much.,Fungal Infections
I'm concerned about a raised bump near my knee that it came on gradually -- occasional mild itching.,Fungal Infections
"A small rough bump near my knee, mild discomfort when I press on it.",Viral Infections
There's a brown to dark brown raised patch on my face.,Seborrheic Keratoses
"When I walk barefoot in public areas, I get a rash that keeps expanding outward in a ring shape on my forearm.",Fungal Infections
A scaly spot that's tender when I rub it firmly on my face. mild itching.,Benign Keratosis-like Lesions
"I've had red, ring-shaped scaly patches on my neck that it came on gradually.",Fungal Infections
"There's a waxy, scar-like flat patch with an indistinct border on my forearm with fuzzy borders. dry and scaly. mild itching.",Basal Cell Carcinoma
"I've noticed no real pain and there's thick silvery-white scales that flake off in sheets on my scalp. with clear, well-demarcated borders. has lasted for months without going away.",Psoriasis Lichen Planus
"There's skin that weeps and crusts over on my arm, and some mild discomfort.",Eczema
I notice no real pain when my clothes rub against it. There's a red patch on my back.,Basal Cell Carcinoma
"There's a rough patch on my forearm with jagged edges that look ragged, and feels different from my other moles.",Melanoma
"I have a small, dry, crusty spot on my forearm. rough-feeling in that spot. it's been there for several weeks. occasional itching.",Benign Keratosis-like Lesions
There's a dry patch on my face -- rough and flaky -- and itching and occasional soreness around it.,Melanoma
"Lately I've had a thick, yellowed, crumbly nail that's lifting off the nail bed on my neck that comes with burning between my toes.",Fungal Infections
"When I sweat, no significant pain and skin that weeps and crusts over on my wrist appear.",Eczema
"Something doesn't look right on my face: a round, well-defined growth with somewhat defined edges. flaky and thickened.",Seborrheic Keratoses
"My skin on my forearm has been off. a spot with irregular, notched borders. partly flat and partly raised within the same spot. some mild discomfort.",Melanoma
"Something's going on on my arm. It's a slightly raised, uniform-colored bump. dry and rough to the touch. no real pain.",Melanocytic Nevi
There's an inflamed patch near my elbow with irregular edges. rough-feeling in that spot. itchy and irritated.,Psoriasis Lichen Planus
"Got a pink growth with a slightly sunken, crater-like center on my feet, dry and scaly",Basal Cell Carcinoma
"When the weather changes, no real pain and a red patch near my knee appear.",Eczema
"There's dry, itchy patches that have been recurring since childhood on the back of my hands with fuzzy borders. dry and rough to the touch. itchy and irritated.",Atopic Dermatitis
"Lately I've had red, inflamed areas on my forearm that comes with itching so bad it keeps me awake.",Atopic Dermatitis
There's a rough patch near my knee.,Melanoma
There's a patch on my groin and inner thigh. It looks like a raised bump. rough and flaky. it came on gradually.,Fungal Infections
A red patch on my back. some mild discomfort.,Melanocytic Nevi
There's a rough-surfaced growth on my shoulder -- rough-feeling in that spot -- that it showed up recently.,Seborrheic Keratoses
"I have a red patch on my back, and dry and rough to the touch.",Seborrheic Keratoses
"An inflamed patch on my chest, no significant pain, been there ages",Seborrheic Keratoses
The skin on my back has changed. There's a scaly area now. flaky and thickened. it's been there for a while.,Atopic Dermatitis
"There's a flat, tan-colored mark on my stomach -- flaky and thickened -- that has been completely stable.",Melanocytic Nevi
"I've noticed constant urge to scratch that never really goes away and there's thickened, leathery patches on my forearm. with indistinct, gradually fading edges. has come and gone since childhood.",Atopic Dermatitis
I've had small flat-topped shiny purplish bumps on my ankles that it's been there for several weeks.,Psoriasis Lichen Planus
I've been watching a reddish mark on my scalp and has persisted for a long time without clearing. mild itching.,Psoriasis Lichen Planus
"There's a dry, crusty spot on a sun-damaged area that keeps peeling off and returning on my forearm with blurry edges that fade into normal skin. dry and rough to the touch. mild itching.",Benign Keratosis-like Lesions
A raised bump on the back of my hands. no significant pain.,Benign Keratosis-like Lesions
"Weird a brown to dark brown raised plaque with a greasy, waxy feel on my shoulder, feels like it's sitting on top of the skin rather than growing from it, no clue what it is",Seborrheic Keratoses
"I have a dry, crusty spot on a sun-damaged area that keeps peeling off and returning on my ears.",Benign Keratosis-like Lesions
"Something on my feet looks like athlete's foot causing cracked, peeling, white skin between my toes and it showed up recently",Fungal Infections
"When the weather changes, no real pain and an inflamed patch on my feet appear.",Melanocytic Nevi
"I'm not sure what cracked, dry skin that stings on my scalp is -- rough and flaky and no real pain.",Eczema
"Got a reddish-brown patch that gets worse in hot, humid weather near my knee, dry and scaly",Fungal Infections
"So I've got a spot with jagged, notched, irregular borders on my back, with no significant pain",Melanoma
Got a scaly area on the back of my hands and spreads a bit more every time I scratch it,Eczema
"Thick red raised plaques on my back, mild irritation, been there ages",Psoriasis Lichen Planus
"I've had a waxy, 'stuck-on' looking growth that appears pasted onto the skin surface on my scalp that it hasn't changed much.",Seborrheic Keratoses
"Skin irritation triggered by a certain soap or fabric appeared on my neck a while ago. with no sharp edge, just gradually redder skin. rough and flaky. it showed up recently.",Eczema
I have a dry patch on my leg. dry and scaly. it showed up recently. mild itching.,Seborrheic Keratoses
"So on my face there's a spot with jagged, notched, irregular borders, and no real pain, but it bleeds a little sometimes",Melanoma
"There's patches with blurry, ill-defined edges that spread gradually on my feet, dry and rough to the touch, not sure what it is",Eczema
Something on my scalp looks like thick silvery-white scales that flake off in sheets and it came on gradually,Psoriasis Lichen Planus
"I'm noticing a waxy, scar-like flat patch with an indistinct border on my nose.",Basal Cell Carcinoma
"I've got a small, uniform dark brown spot with no irregular areas on my forearm.",Melanocytic Nevi
"Got a hard, rough-surfaced growth on the back of my knuckles and it came on gradually",Viral Infections
I notice mild irritation when it catches on something when I sweat. There's a growth that looks like it could be lifted off with a fingernail on my neck.,Seborrheic Keratoses
"There's a small, round, evenly colored brown spot on my stomach.",Melanocytic Nevi
Got thick red raised plaques on my lower back and has lasted for months without going away,Psoriasis Lichen Planus
There's red to brownish-gray patches on my wrists.,Eczema
"Dry, scaly skin on my forearm. with very sharply defined, distinct edges.",Psoriasis Lichen Planus
"I'm not sure what a pink growth with a slightly sunken, crater-like center on my arm is -- waxy and scar-like and no significant pain.",Basal Cell Carcinoma
A bump that keeps bleeding even after a very minor bump or scrape on my scalp flares when my clothes rub against it.,Basal Cell Carcinoma
Something showed up near my knee. It's a discolored spot with a distinct circular outer rim. rough and flaky. some mild discomfort.,Fungal Infections
Should I be worried about a red patch on my chest? dry and scaly. it showed up recently.,Melanoma
I've had a dark spot that's been changing on my leg for some time. rough and flaky. no real pain.,Melanoma
Small flat-topped shiny purplish bumps near my elbow flares when I sweat.,Psoriasis Lichen Planus
"I have no significant pain, and there's a scaly area on my scalp.",Seborrheic Keratoses
I developed a mole that has been visibly growing and changing over the past few months on my chest that comes with a strange new sensation I never noticed before.,Melanoma
"I've got white, scaly patches on my forearm.",Fungal Infections
"A reddish-brown rash between my toes, no significant pain, been there ages",Fungal Infections
"Weird a flat-topped warty bump that keeps multiplying on my arm, flaky and thickened, no clue what it is",Viral Infections
I have a red patch on my neck and honestly hasn't healed in over two months despite repeated scabbing,Basal Cell Carcinoma
I have a red patch near my knee and honestly it showed up recently,Basal Cell Carcinoma
"There's a smooth, pearly bump with a small dimple in the center on my face, and no real pain.",Viral Infections
"I have dry, scaly skin near my knee, and rough and flaky.",Psoriasis Lichen Planus
I'm not sure what a dark brown spot on my arm is -- dry and rough to the touch and occasional mild itching.,Melanocytic Nevi
"The skin on my shoulder shows a shiny, pearly bump with tiny visible blood vessels running through it, and I've been dealing with no real pain.",Basal Cell Carcinoma
Should I be worried about a pink bump with a sunken center on my arm? dry and scaly. it's been there for a while.,Basal Cell Carcinoma
"I have a scaly area on my ear with an indistinct, difficult-to-define edge.",Basal Cell Carcinoma
"I'm worried about a flat, slightly rough patch darker than the surrounding skin on my forearms because it came on gradually.",Benign Keratosis-like Lesions
My skin on my scalp has been off. a rough patch. waxy and slightly greasy to the touch. some mild discomfort.,Seborrheic Keratoses
"Scaly red patches on my fingers, a burning feeling when I sweat.",Eczema
There's a discolored spot on my arm -- rough-feeling in that spot -- and no real pain.,Viral Infections
"A rough, sandpaper-like patch on my feet. occasional mild itching.",Benign Keratosis-like Lesions
A ring-shaped rash with a raised border on my chest flares when I sweat.,Fungal Infections
"When the weather changes, I get skin prone to frequent infections from all the scratching on my feet.",Atopic Dermatitis
"There's a round, well-defined growth on my chest -- dry and scaly -- that grew alongside several similar spots in the same area.",Seborrheic Keratoses
"In cold, dry weather, I get a scaly area on my wrists.",Eczema
I've had a tan to dark brown growth that looks thicker and greasier than a normal mole on my forearm that has been slowly growing thicker over several years.,Seborrheic Keratoses
My skin on my shoulder has been off. a dry patch. flaky and thickened. no significant pain.,Atopic Dermatitis
"No triggers -- it's been the same in all seasons, a red patch near my knee gets worse.",Melanocytic Nevi
"I've had a reddish-brown patch that gets worse in hot, humid weather on my leg that it's been there for several weeks.",Fungal Infections
Something on my shoulder looks like an open sore that won't fully heal and hasn't healed in over two months despite repeated scabbing,Basal Cell Carcinoma
"There's scaly, irritated skin on my back, and mild irritation.",Atopic Dermatitis
"I've got a spot with jagged, notched, irregular borders on my forearm -- rough and flaky -- and no significant pain",Melanoma
I've had a scaly area on my feet for some time. smooth with a central dimple. mild discomfort when I press on it.,Viral Infections
"Should I be worried about a symmetric mole with a smooth, even border on my feet? dry and rough to the touch. it came on gradually.",Melanocytic Nevi
"A raised, well-defined bump appeared on my neck a while ago. with somewhat defined edges. rough and irregular. it's been there for several weeks.",Viral Infections
A dry patch on my scalp flares when my clothes rub against it.,Melanocytic Nevi
"I notice mild itching in cold, dry weather. There's skin prone to frequent infections from all the scratching on my wrists.",Atopic Dermatitis
"The skin on my bald scalp shows a flat, slightly rough patch darker than the surrounding skin, and I've been dealing with occasional itching.",Benign Keratosis-like Lesions
"I have a burning, stinging feeling after I sweat, along with skin prone to frequent infections from all the scratching on my leg with blurry borders that blend into surrounding skin.",Atopic Dermatitis
Should I be worried about a red patch on the sole of my foot? flaky and thickened. has stayed about the same size for weeks.,Viral Infections
"A discolored spot on my shoulder, mild irritation.",Melanocytic Nevi
"Something's going on on my face. It's a soft, dome-shaped mole that's been stable for as long as I can remember. dry and scaly. some mild discomfort.",Melanocytic Nevi
My skin on my wrist is doing something weird -- a reddish mark,Eczema
Something doesn't look right near my elbow: a scaly spot that's tender when I rub it firmly with fuzzy borders. dry and rough to the touch.,Benign Keratosis-like Lesions
A dark brown spot appeared on my leg a while ago. with somewhat defined edges. slightly raised and uneven. has been changing shape and color over the last few months.,Melanoma
"When I sweat, sharply defined, scaly plaques on my forearm gets worse.",Psoriasis Lichen Planus
"I have dry, itchy patches that have been recurring since childhood on my chest, and flaky and thickened.",Atopic Dermatitis
"Got a waxy, 'stuck-on' looking growth that appears pasted onto the skin surface on my chest and it's been there for several weeks",Seborrheic Keratoses
I have symmetrical red patches on both sides of my body on my neck. dry and rough to the touch. it hasn't changed much. intense itching that wakes me up at night.,Atopic Dermatitis
"I have a ring-shaped rash with a raised scaly outer border and clearer skin in the middle on my feet, and flaky and thickened.",Fungal Infections
"A mole with multiple colors -- brown, black, red, and even some pale areas on my shoulder flares when I sweat.",Melanoma
"Red, inflamed areas on my forearm. spreads a bit more every time I scratch it. no real pain.",Eczema
"There's a patch around my eyes. It looks like a hard, rough-surfaced growth. dry and rough to the touch. it hasn't changed much.",Viral Infections
Something on my hands looks like an inflamed patch and it's been there for several weeks,Melanoma
"I'm worried about a raised, well-defined bump on the sole of my foot because it showed up recently.",Viral Infections
My skin on my arm is doing something weird -- a bump that keeps bleeding even after a very minor bump or scrape,Basal Cell Carcinoma
I've noticed an inflamed patch on my forearm lately.,Psoriasis Lichen Planus
"I have occasional mild itching, along with a red patch on my wrist with poorly defined borders that fade into normal skin.",Eczema
"So on my feet there's a skin lesion, and no real pain, but it bleeds a little sometimes",Melanoma
I have patches that ooze clear fluid when I scratch on my chest with irregular edges.,Eczema
"I have a raised, warty growth on my finger and honestly it's been there for several weeks",Viral Infections
"I have a rough, sandpaper-like patch on my face.",Benign Keratosis-like Lesions
"A small, dry, crusty spot showed up near my elbow a while back.",Benign Keratosis-like Lesions
"Lately I've had a spot with jagged, notched, irregular borders on my wrist that comes with no real pain, but it bleeds a little sometimes.",Melanoma
I developed a raised bump on my face that comes with some mild discomfort.,Psoriasis Lichen Planus
"I noticed symmetrical red patches on both sides of my body on my leg. dry and scaly. gets noticeably worse in cold, dry weather.",Atopic Dermatitis
"Something's going on on my shoulder. It's a flat, slightly rough patch darker than the surrounding skin. dry and rough to the touch. occasional itching.",Benign Keratosis-like Lesions
My skin on my face is doing something weird -- a rough patch,Eczema
A dry patch showed up on my scalp a while back.,Eczema
"I'm worried about a ring-shaped rash with a raised scaly outer border and clearer skin in the middle on my wrist because has been getting worse in hot, humid conditions.",Fungal Infections
A raised bump on my forearm. occasional mild itching.,Melanoma
I've had a dry patch on my forearm for some time. rough-feeling in that spot. occasional mild itching.,Psoriasis Lichen Planus
I've got a scaly area on my hands -- rough-feeling in that spot -- and painful when I put weight on it,Viral Infections
A scaly spot that's tender when I rub it firmly showed up on my hands and it hasn't changed much,Benign Keratosis-like Lesions
"A skin lesion appeared on my trunk a while ago. with distinct, punched-out looking edges. rough and bumpy on the surface. stayed the same size for a long time but got darker recently.",Seborrheic Keratoses
"Something showed up on my shoulder. It's a scaly area with distinct, punched-out looking edges. flaky and thickened. some mild discomfort.",Viral Infections
"There's a discolored spot on my chest with an even, clearly defined edge, and dry and rough to the touch.",Melanocytic Nevi
"A soft, dome-shaped mole that's been stable for as long as I can remember showed up on my neck a while back.",Melanocytic Nevi
I developed a skin lesion on my feet that comes with no real pain.,Eczema
"I have a scaly spot that's tender when I rub it firmly on my bald scalp, and rough and gritty like sandpaper.",Benign Keratosis-like Lesions
I have itchy red patches near my elbow with flaky and rough.,Eczema
"So on my back there's a dry patch, and occasional mild itching",Psoriasis Lichen Planus
"I have occasional mild itching, and there's a discolored spot on my neck.",Fungal Infections
"After a skin injury or scratch, I get a reddish mark inside my mouth.",Psoriasis Lichen Planus
"Got a small, uniform dark brown spot with no irregular areas on my neck and has been there since I was a kid and never changed",Melanocytic Nevi
"I developed a warty, barnacle-like bump with a rough, pitted surface on my scalp that comes with mild irritation when it catches on something.",Seborrheic Keratoses
"So on my scalp there's plaques appearing exactly where my skin was scratched or injured, and some mild discomfort",Psoriasis Lichen Planus
"So on my feet there's a discolored spot, and mild irritation",Melanocytic Nevi
"The skin near my elbow has changed. There's sharply defined, scaly plaques now. rough and flaky. keeps flaking off no matter what I do.",Psoriasis Lichen Planus
"In dry weather, thick silvery-white scales that flake off in sheets on my face gets worse.",Psoriasis Lichen Planus
"I'm worried about a rough, sandpaper-like patch that feels much rougher than it looks on the back of my hands because it showed up recently.",Benign Keratosis-like Lesions
Patches that ooze clear fluid when I scratch on my shoulder. dry and scaly.,Eczema
"Got a flat, slightly rough patch darker than the surrounding skin on my feet, rough and gritty like sandpaper",Benign Keratosis-like Lesions
A rough patch on my hands flares when I sweat.,Melanoma
"I have occasional mild itching, and there's a raised bump on my hands.",Viral Infections
"I have mild itching, along with a hard, rough-surfaced growth on my hands with a clearly defined circular border.",Viral Infections
"There's a flat, tan-colored mark on my face.",Melanocytic Nevi
I have a scaly area on my wrist and honestly it showed up recently,Basal Cell Carcinoma
"There's a waxy, scar-like flat patch with an indistinct border on my forehead, and mild itching.",Basal Cell Carcinoma
"I've had a circular scaly rash on my wrist for a while, with mild irritation.",Fungal Infections
"I've been watching a hard, rough-surfaced growth near my elbow and keeps spreading into a small cluster. mild irritation.",Viral Infections
"I've had a reddish mark on my hands for a while, with no significant pain.",Fungal Infections
"The skin between my toes shows a thick, yellowed, crumbly nail that's lifting off the nail bed, and I've been dealing with no significant pain.",Fungal Infections
It started as a hard lump with visible black specks that look like seeds on my back. Now flaky and thickened. showed up suddenly and multiplied into several bumps.,Viral Infections
"A plantar wart on my heel that hurts when I walk, near my knee, hard and firm to the touch.",Viral Infections
There's a rough patch on my wrist -- dry and rough to the touch -- that it's been there for a while.,Atopic Dermatitis
I've had a rough patch on my face that it hasn't changed much.,Eczema
"I've had skin irritation triggered by a certain soap or fabric on my neck for a while, with some mild discomfort.",Eczema
"A skin lesion on my neck, occasional mild itching, been there ages",Melanoma
"There's a rough patch on my leg, rough-feeling in that spot, not sure what it is",Eczema
There's a patch near my knee. It looks like a raised bump. dry and cracked to the touch. it showed up recently.,Atopic Dermatitis
Something's going on near my knee. It's a skin lesion. dry and rough to the touch. no discomfort whatsoever.,Melanocytic Nevi
"Got an inflamed patch on my chest, flaky and thickened",Seborrheic Keratoses
"I've got red, inflamed areas on my arm -- rough-feeling in that spot -- and no significant pain",Atopic Dermatitis
I've got a small rough bump on my chest.,Viral Infections
"When I sweat, an inflamed patch on my shoulder gets worse.",Psoriasis Lichen Planus
A reddish mark on my neck. rough and flaky.,Fungal Infections
"So I've got sharply defined, scaly plaques on my forearm, with some mild discomfort",Psoriasis Lichen Planus
"I've got a pink bump with a sunken center on my forehead -- flaky and thickened -- and no real pain, just occasional bleeding after a minor bump",Basal Cell Carcinoma
"There's a raised bump on my face, dry and rough to the touch, not sure what it is",Atopic Dermatitis
"Something on my forearm looks like a raised, warty growth and showed up suddenly and multiplied into several bumps",Viral Infections
"I've noticed mild itching and there's a symmetric mole with a smooth, even border on my scalp. with irregular edges. it's been there for several weeks.",Melanocytic Nevi
"My skin on my arm is doing something weird -- dry, itchy patches that have been recurring since childhood",Atopic Dermatitis
Got a reddish mark on my face and it came on gradually,Atopic Dermatitis
"When I sweat, occasional mild itching and a scaly, reddish-pink patch on my forearms appear.",Benign Keratosis-like Lesions
"No particular trigger, it just appeared gradually, a rough-surfaced growth on my scalp gets worse.",Seborrheic Keratoses
A skin lesion on my forearm. no significant pain.,Atopic Dermatitis
"On my scalp: a waxy, 'stuck-on' looking growth that appears pasted onto the skin surface. stayed the same size for a long time but got darker recently.",Seborrheic Keratoses
"Should I be worried about cracked, peeling skin on my back? peeling and flaking. spread from one foot to the other.",Fungal Infections
"It started as a perfectly round, evenly colored brown spot that hasn't changed at all on my feet. Now flaky and thickened. it's been there for a while.",Melanocytic Nevi
"I'm worried about a rough, cauliflower-like bump with tiny black dots on the surface on my face because it hasn't changed much.",Viral Infections
"I've got a waxy, scar-like flat patch with an indistinct border on my arm.",Basal Cell Carcinoma
"Something's going on on my face. It's a pigmented spot. dry and scaly. nothing unusual, it's just always been there.",Melanocytic Nevi
I have skin irritation triggered by a certain soap or fabric on my back with flaky and rough.,Eczema
A red patch showed up on my chest and it's been there for several weeks,Seborrheic Keratoses
"Something showed up on my forearm. It's raw, inflamed skin with somewhat defined edges. rough and flaky. itching so bad it keeps me awake.",Eczema
An itch that triggers before any visible rash appears on my neck. no real pain.,Atopic Dermatitis
"The skin on my shoulder shows a dry patch, and I've been dealing with occasional mild itching.",Fungal Infections
"A raised bump on my face, occasional mild itching.",Benign Keratosis-like Lesions
"A dry patch on my fingers, itchy and irritated, been there ages",Eczema
"Got symmetrical red patches on both sides of my body on my wrist, rough and thickened from scratching",Atopic Dermatitis
I notice a stinging feeling especially after sweating when my feet stay damp in sweaty shoes. There's a ring-shaped rash with a raised border on my scalp.,Fungal Infections
"A perfectly round, evenly colored brown spot that hasn't changed at all on my leg. rough-feeling in that spot.",Melanocytic Nevi
"There's a dry patch on my leg, and a strange new sensation I never noticed before.",Melanoma
Got a discolored spot on my forehead and it came on gradually,Basal Cell Carcinoma
"I'm concerned about a growth that bleeds on my scalp that keeps bleeding, scabbing over, and then reopening -- mild itching.",Basal Cell Carcinoma
"An inflamed patch on my arm, no real pain.",Fungal Infections
There's a patch on my neck. It looks like a tan to dark brown growth that looks thicker and greasier than a normal mole. flaky and thickened. it's been there for several weeks.,Seborrheic Keratoses
I have an open sore that won't fully heal on my cheek and honestly it's been there for several weeks,Basal Cell Carcinoma
I have a hard lump with visible black specks that look like seeds on my face and honestly it's been there for several weeks,Viral Infections
"I developed dry, red inflamed patches on my forearm that comes with no significant pain.",Atopic Dermatitis
"I noticed a raised, warty growth on my neck, along with some mild discomfort.",Viral Infections
My skin near my elbow is doing something weird -- skin that leaks clear fluid after scratching,Atopic Dermatitis
My skin on my scalp is doing something weird -- thick silvery-white scales that flake off in sheets,Psoriasis Lichen Planus
"Lately I've had white, scaly patches on my chest that comes with no real pain.",Fungal Infections
There's a rough patch on my scalp.,Benign Keratosis-like Lesions
The skin on my chest has changed. There's a red patch now. rough and flaky. it hasn't changed much.,Fungal Infections
"I've had a scaly, reddish-pink patch on my back for some time. dry and rough to the touch. tenderness when I press on it.",Benign Keratosis-like Lesions
I've had a dry patch on my leg that it's been there for several weeks.,Melanocytic Nevi
I noticed a hereditary skin condition -- my sibling has it too on my hands. dry and cracked to the touch. it's been there for several weeks.,Atopic Dermatitis
"I have a mole with multiple colors -- brown, black, red, and even some pale areas on my hands.",Melanoma
"When my clothes rub against it, I get a flat, reddish, scaly patch on my leg.",Basal Cell Carcinoma
I have a ring-shaped rash with a raised scaly outer border and clearer skin in the middle on my feet and honestly it hasn't changed much,Fungal Infections
On my forearm: a skin lesion. it's been there for several weeks.,Melanocytic Nevi
"No particular trigger, it just appeared gradually, a growth that looks like it could be lifted off with a fingernail near my elbow gets worse.",Seborrheic Keratoses
"I've had an inflamed patch on my torso for a while, with mild itching that worsens in humid weather.",Fungal Infections
"I've had dry, scaly skin near my knee for some time. dry and rough to the touch. mild itching.",Psoriasis Lichen Planus
I have a reddish-brown rash on my wrist with a well-defined ring-shaped border.,Fungal Infections
"I have some mild discomfort, along with a plantar wart on my heel that hurts when I walk on my shoulder with irregular edges.",Viral Infections
"So on my hands there's a red patch, and no significant pain",Atopic Dermatitis
"I have no significant pain, and there's a red patch on my back.",Melanocytic Nevi
On my face: a ring-shaped rash with a raised border. it came on gradually.,Fungal Infections
"So on my hands there's a symmetric mole with a smooth, even border, and no itching or pain at all",Melanocytic Nevi
I noticed a reddish-brown rash on my toenail. peeling and flaking. it hasn't changed much.,Fungal Infections
"I've got a brown to dark brown raised plaque with a greasy, waxy feel on my hands -- rough and flaky -- and mild irritation",Seborrheic Keratoses
A raised bump showed up on my neck and it's been there for a while,Psoriasis Lichen Planus
"Weird a raised bump on my hands, rough and flaky, no clue what it is",Melanocytic Nevi
I've got scaly red patches on my ankles -- flaky and rough -- and a stinging sensation where the skin cracks at the edges,Psoriasis Lichen Planus
"When I sweat, I get a reddish mark on my arm.",Melanoma
"I've noticed a pink growth with a slightly sunken, crater-like center on my shoulder lately.",Basal Cell Carcinoma
"I have skin that leaks clear fluid after scratching on my wrist, and rough and flaky.",Atopic Dermatitis
I have a scaly area on my scalp. feels rough and raised. showed up as small dots and then grew into larger plaques. occasional mild soreness.,Psoriasis Lichen Planus
I've been watching a hard lump with visible black specks that look like seeds on my arm and it came on gradually. occasional itching around the bump.,Viral Infections
I'm concerned about a scaly area on the sole of my foot that it showed up recently -- some mild discomfort.,Fungal Infections
"When I sweat, I get a rough patch near my knee.",Fungal Infections
I noticed plaques appearing exactly where my skin was scratched or injured on my arms. feels rough and raised. comes back in the same spots every few months.,Psoriasis Lichen Planus
"When my clothes rub against it, I get a flat, pink-red scaly patch with a gritty texture on my sun-exposed skin on my feet.",Benign Keratosis-like Lesions
"I'm noticing sharply defined plaques with very clear, distinct edges inside my mouth.",Psoriasis Lichen Planus
"So on my leg there's a symmetric mole with a smooth, even border, and no real pain",Melanocytic Nevi
"So on my scalp there's a slightly raised, uniform-colored bump, and nothing unusual, it's just always been there",Melanocytic Nevi
My skin on my shoulder has been off. scaly red patches. rough-feeling in that spot. occasional mild itching.,Eczema
"Red, ring-shaped scaly patches showed up between my toes and it came on gradually",Fungal Infections
"I'm not sure what a slightly raised, uniform-colored bump on my face is -- dry and scaly and some mild discomfort.",Melanocytic Nevi
Lately I've had a dry patch on my shoulder that comes with burning between my toes.,Fungal Infections
"Something doesn't look right on my wrists: a scaly area with precise, punched-out looking borders. flaky when I run my hand over it.",Psoriasis Lichen Planus
"I'm noticing a small, shiny, pearly bump on my forehead.",Basal Cell Carcinoma
I've got a hereditary skin condition -- my sibling has it too on my wrist -- dry and scaly -- and itching so bad it keeps me awake,Atopic Dermatitis
"I'm concerned about an open sore that bleeds, scabs over, and then reopens a few weeks later on my face that keeps bleeding, scabbing over, and then reopening -- mild itching.",Basal Cell Carcinoma
"I have a thick, yellowed, crumbly nail that's lifting off the nail bed near my elbow with a well-defined ring-shaped border.",Fungal Infections
"Some mild discomfort -- a flat, pink-red scaly patch with a gritty texture on my sun-exposed skin on my forearm.",Benign Keratosis-like Lesions
"I noticed a flat, reddish, scaly patch near my elbow, along with mild irritation but nothing painful.",Basal Cell Carcinoma
Something's going on between my toes. It's a rash that keeps expanding outward in a ring shape. flaky and thickened. mild itching.,Fungal Infections
A red patch showed up on my leg a while back.,Basal Cell Carcinoma
"There's itchy red patches on the back of my hands with somewhat defined edges, and rough and flaky.",Eczema
My skin on my leg is doing something weird -- a dark brown spot,Melanoma
I'm concerned about an inflamed patch on my feet that it's been there for several weeks -- mild itching.,Fungal Infections
"There's a scaly, wart-like bump on my arm -- rough and flaky -- and no real pain.",Seborrheic Keratoses
A growth that bleeds on my back. dry and scaly.,Basal Cell Carcinoma
There's a spot that's larger than a pencil eraser and keeps getting bigger on my back.,Melanoma
I'm noticing a reddish mark on my scalp.,Fungal Infections
"When the weather changes, no real pain, but it bleeds a little sometimes and a dark brown spot on my chest appear.",Melanoma
"I have red, inflamed areas on my feet. flaky and thickened. spreads a bit more every time I scratch it. mild irritation.",Eczema
"I have a red patch on my bald scalp. rough and flaky. it's been there for several weeks. no pain, just a rough texture I can feel.",Benign Keratosis-like Lesions
"I've had a shiny, pearly bump with tiny visible blood vessels running through it on my chest for a while, with mild irritation.",Basal Cell Carcinoma
"I have a shiny, pearly bump with tiny visible blood vessels running through it on my neck with dry and scaly.",Basal Cell Carcinoma
A rough patch showed up on my arm and it's been there for a while,Seborrheic Keratoses
"Got a tan to dark brown growth that looks thicker and greasier than a normal mole on my neck, waxy and slightly greasy to the touch",Seborrheic Keratoses
My skin on my chest is doing something weird -- a discolored spot,Fungal Infections
"Mild stinging or burning feeling -- a scaly, reddish-pink patch on my hands.",Benign Keratosis-like Lesions
"I noticed a mole with multiple colors -- brown, black, red, and even some pale areas on my face. slightly raised and uneven. started as a small mole and has grown noticeably bigger.",Melanoma
The skin near my elbow has changed. There's a rough patch now. dry and rough to the touch. it hasn't changed much.,Benign Keratosis-like Lesions
"Thickened, leathery patches on my neck, intense itching that wakes me up at night, been there ages",Atopic Dermatitis
"A bump that keeps bleeding even after a very minor bump or scrape on my chest, no real pain, just occasional bleeding after a minor bump, been there ages",Basal Cell Carcinoma
Something's going on on my arm. It's a dark brown spot. dry and scaly. mild itching.,Melanocytic Nevi
"I'm worried about a dry, crusty spot on a sun-damaged area that keeps peeling off and returning on my arm because has been there for months without healing completely.",Benign Keratosis-like Lesions
Something's going on on my face. It's a discolored spot. dry and rough to the touch. some mild discomfort.,Psoriasis Lichen Planus
I've got a reddish mark near my knee.,Atopic Dermatitis
"There's a discolored spot on my neck, and mild irritation but nothing painful.",Basal Cell Carcinoma
The skin on my face has changed. There's a dry patch now. dry and scaly. it hasn't changed much.,Melanoma
"There's a small, uniform dark brown spot with no irregular areas on my hands.",Melanocytic Nevi
"Something showed up on my neck. It's a single-colored mole that looks exactly the same as it did years ago with an even, clearly defined edge. slightly raised but soft. some mild discomfort.",Melanocytic Nevi
I've been watching bumps with a fine white lacy pattern on the surface on my wrist and it's been there for a while. mild itching.,Psoriasis Lichen Planus
A small rough bump showed up on my hands a while back.,Viral Infections
A single-colored mole that looks exactly the same as it did years ago on my leg. smooth and flat against my skin.,Melanocytic Nevi
"So on my forearm there's a discolored spot, and mild itching",Atopic Dermatitis
"The skin on my wrist shows a raised, warty growth, and I've been dealing with mild itching.",Viral Infections
"I've been watching a slightly raised, uniform-colored bump on my shoulder and hasn't changed in size, shape, or color. no real pain.",Melanocytic Nevi
"Got a bump that keeps bleeding even after a very minor bump or scrape on my face, rough-feeling in that spot",Basal Cell Carcinoma
"The skin on my back has changed. There's raw, weeping patches that crust over as they heal now. dry and rough to the touch. flares and then settles down.",Eczema
I've noticed mild itching and there's a tan to dark brown growth that looks thicker and greasier than a normal mole on my shoulder. with somewhat defined edges. it's been there for several weeks.,Seborrheic Keratoses
"There's a red patch near my knee, and mild irritation.",Eczema
I've had a raised bump on my back for some time. rough and bumpy on the surface. no discomfort unless I scratch it.,Seborrheic Keratoses
"Raw, inflamed skin on my leg, itchy and irritated, been there ages",Eczema
I have a plantar wart on my heel that hurts when I walk on the back of my knuckles. dry and rough to the touch. it showed up recently. no real pain.,Viral Infections
There's a skin lesion on my scalp -- rough and flaky -- that it's been there for several weeks.,Melanoma
"No particular trigger, it just appeared gradually, I get a rough-surfaced growth on my chest.",Seborrheic Keratoses
"My skin near my knee has been off. a skin lesion. rough around the border, softer in the center. no real pain.",Fungal Infections
"There's a patch on my neck. It looks like a raised, well-defined bump. rough-feeling in that spot. it hasn't changed much.",Viral Infections
"I have a mole with an uneven, asymmetrical shape on my chest, and feels different from my other moles.",Melanoma
Small circular bald patches on my scalp on my toenail. with irregular edges.,Fungal Infections
"Got a brown to dark brown raised plaque with a greasy, waxy feel on my shoulder and it came on gradually",Seborrheic Keratoses
A pigmented spot showed up near my knee and it hasn't changed much,Melanocytic Nevi
"So I've got a perfectly round, evenly colored brown spot that hasn't changed at all on my chest, with no discomfort whatsoever",Melanocytic Nevi
"Scaly red patches on my wrists. with precise, punched-out looking borders.",Psoriasis Lichen Planus
"I'm worried about cracked, dry skin on my shoulder because it's been there for several weeks.",Atopic Dermatitis
"Got a round, well-defined growth on my arm, dry and scaly",Seborrheic Keratoses
I noticed a mole that started bleeding on its own without any injury on my arm. rough and flaky. it showed up recently.,Melanoma
Should I be worried about an itch that triggers before any visible rash appears on the folds of my elbows and knees? dry and rough to the touch. it's been there for several weeks.,Atopic Dermatitis
"There's a flat, pink-red scaly patch with a gritty texture on my sun-exposed skin on my forearms, flaky and thickened, not sure what it is",Benign Keratosis-like Lesions
"There's skin prone to frequent infections from all the scratching on my neck with irregular edges, and rough-feeling in that spot.",Atopic Dermatitis
"Something's going on on my scalp. It's a warty, barnacle-like bump with a rough, pitted surface. rough-feeling in that spot. no significant pain.",Seborrheic Keratoses
"A rough patch on my scalp, some mild discomfort.",Atopic Dermatitis
"I noticed small rough bumps covering my upper arms and thighs around my eyes, along with no real pain.",Atopic Dermatitis
"I've had patches on the extensor surface -- the outside of my elbows and knees on my face for a while, with some mild discomfort.",Psoriasis Lichen Planus
I'm not sure what a growth that looks like it could be lifted off with a fingernail on my neck is -- rough-feeling in that spot and mild irritation when it catches on something.,Seborrheic Keratoses
"I'm noticing a round, well-defined growth on my feet.",Seborrheic Keratoses
I notice no real pain when I sweat. There's thick red raised plaques on my arms.,Psoriasis Lichen Planus
"Dry, itchy patches that have been recurring since childhood on my scalp flares when I sweat.",Atopic Dermatitis
There's a flat-topped warty bump that keeps multiplying on my face.,Viral Infections
"I have occasional itching around the bump, and there's a discolored spot near my elbow.",Viral Infections
"There's raw, weeping patches that crust over as they heal on my face with no sharp edge, just gradually redder skin. dry and scaly. itching so bad it keeps me awake.",Eczema
I developed a scaly area on my neck that comes with mild itching.,Basal Cell Carcinoma
I've noticed a dry patch on my back lately.,Fungal Infections
There's a patch on my forearm. It looks like a scaly area. feels rough and raised. has lasted for months without going away.,Psoriasis Lichen Planus
"There's a patch on my wrist. It looks like sharply defined plaques with very clear, distinct edges. dry and rough to the touch. it hasn't changed much.",Psoriasis Lichen Planus
"There's a scaly, wart-like bump on my back with irregular edges. dry and scaly. no discomfort unless I scratch it.",Seborrheic Keratoses
I have a red patch on my forearm with irregular edges.,Benign Keratosis-like Lesions
"There's a skin lesion on my leg -- rough around the border, softer in the center -- and a stinging feeling especially after sweating.",Fungal Infections
A bump that keeps bleeding even after a very minor bump or scrape near my elbow. some mild discomfort.,Basal Cell Carcinoma
"I've had a rough-surfaced growth on my neck for a while, with mild irritation.",Benign Keratosis-like Lesions
Something doesn't look right on my back: a scaly spot that's tender when I rub it firmly with blurry edges that fade into normal skin. dry and scaly.,Benign Keratosis-like Lesions
"I'm not sure what a waxy, scar-like flat patch with an indistinct border on my cheek is -- dry and scaly and no significant pain.",Basal Cell Carcinoma
"Something doesn't look right on my shoulder: raw, inflamed skin with somewhat defined edges. feels crusty and dry.",Eczema
"I've had a warty, barnacle-like bump with a rough, pitted surface on my hands for a while, with no discomfort unless I scratch it.",Seborrheic Keratoses
"A scaly area on my face, painful when I put weight on it, been there ages",Viral Infections
I have a growth that looks like it could be lifted off with a fingernail near my elbow. flaky and thickened. it hasn't changed much. mild irritation.,Seborrheic Keratoses
"I have some mild discomfort, along with a cluster of small flesh-colored bumps on my feet with fuzzy borders.",Viral Infections
Something on my chest looks like a discolored spot and showed up as small dots and then grew into larger plaques,Psoriasis Lichen Planus
"My skin on my chest has been off. a hard, rough-surfaced growth. rough and irregular. occasional itching around the bump.",Viral Infections
I've got bumps with a fine white lacy pattern on the surface on my leg -- rough-feeling in that spot -- and no real pain,Psoriasis Lichen Planus
I'm concerned about a mole that has been visibly growing and changing over the past few months near my knee that it showed up recently -- mild irritation.,Melanoma
I'm worried about a small rough bump on my wrist because it's been there for several weeks.,Viral Infections
There's skin that leaks clear fluid after scratching on my neck -- rough and thickened from scratching -- that flares and then settles down.,Atopic Dermatitis
A pink bump with a sunken center on my back. with somewhat defined edges.,Basal Cell Carcinoma
Skin that breaks open and oozes when it flares showed up on my chest and it hasn't changed much,Eczema
It started as a discolored spot on my feet. Now feels like it's sitting on top of the skin rather than growing from it. stayed the same size for a long time but got darker recently.,Seborrheic Keratoses
I've got symmetrical red patches on both sides of my body on my scalp -- rough-feeling in that spot -- and itchy and irritated,Atopic Dermatitis
"I'm not sure what a soft, dome-shaped mole that's been stable for as long as I can remember on my neck is -- even and smooth to the touch and no real pain.",Melanocytic Nevi
My skin on my feet has been off. a dry patch. dry and scaly. mild irritation but nothing painful.,Basal Cell Carcinoma
I have a tan to dark brown growth that looks thicker and greasier than a normal mole on my scalp and honestly it's been there for several weeks,Seborrheic Keratoses
"Something's going on on my forearm. It's a waxy, scar-like flat patch with an indistinct border. flaky and thickened. no real pain.",Basal Cell Carcinoma
"Something's going on on my forehead. It's a shiny, pearly bump with tiny visible blood vessels running through it. dry and rough to the touch. occasional mild itching.",Basal Cell Carcinoma
I noticed a growth that bleeds on my leg. rough and flaky. it's been there for a while.,Melanoma
"I have occasional mild itching, and there's dry, scaly skin on my back.",Psoriasis Lichen Planus
"A rough-surfaced growth near my knee, occasional itching, been there ages",Benign Keratosis-like Lesions
I've noticed scaly red patches behind my knees lately.,Eczema
"I've had a scaly, reddish-pink patch near my knee that it's been there for several weeks.",Benign Keratosis-like Lesions
"I've had a thick, yellowed, crumbly nail that's lifting off the nail bed on my hands that it's been there for a while.",Fungal Infections
"So I've got a rough patch near my knee, with some mild discomfort",Fungal Infections
"So I've got a thick, yellowed, crumbly nail that's lifting off the nail bed on my groin and inner thigh, with intense itching and burning",Fungal Infections
"I've had a shiny, pearly bump with tiny visible blood vessels running through it on my neck that it's been there for a while.",Basal Cell Carcinoma
"My skin on my hands has been off. patches with blurry, ill-defined edges that spread gradually. rough-feeling in that spot. some mild discomfort.",Eczema
"I'm worried about a spot with jagged, notched, irregular borders on my feet because it hasn't changed much.",Melanoma
"A round, well-defined growth on my neck. dry and rough to the touch.",Seborrheic Keratoses
"I'm worried about a soft, dome-shaped mole that's been stable for as long as I can remember on my chest because it's been there for a while.",Melanocytic Nevi
I have a dry patch on my neck with fuzzy borders.,Basal Cell Carcinoma
Small flat-topped shiny purplish bumps on my wrist. has lasted for months without going away. occasional mild itching.,Psoriasis Lichen Planus
"Should I be worried about a waxy, stuck-on looking growth on my shoulder? rough and flaky. it showed up recently.",Seborrheic Keratoses
I've got symmetrical red patches on both sides of my body on my wrist.,Atopic Dermatitis
"When I sweat, I get a small, shiny, pearly bump on my shoulder.",Basal Cell Carcinoma
Lately I've had a reddish mark on my neck that comes with some mild discomfort.,Eczema
A raised bump on my back. rough and flaky.,Seborrheic Keratoses
"A mole with an asymmetrical, uneven shape -- one half doesn't match the other on my hands flares when my clothes rub against it.",Melanoma
"I've got a shiny, pearly bump with tiny visible blood vessels running through it on my hands.",Basal Cell Carcinoma
"I notice no significant pain when the weather changes. There's red, inflamed areas on my neck.",Atopic Dermatitis
I notice no real pain when I sweat. There's skin that breaks open and oozes when it flares near my elbow.,Eczema
A scaly area on my arm. some mild discomfort.,Atopic Dermatitis
There's a patch on my leg. It looks like a ring-shaped rash with a raised border. rough-feeling in that spot. it showed up recently.,Fungal Infections
I have a small rough bump on my hands.,Viral Infections
A reddish mark on my leg. it hasn't changed much. occasional mild itching.,Melanocytic Nevi
"I'm worried about a dry patch on my face because keeps bleeding, scabbing over, and then reopening.",Basal Cell Carcinoma
"A smooth, pearly bump with a small dimple in the center appeared on my arm a while ago. with irregular edges. dry and scaly. it showed up recently.",Viral Infections
I noticed a red patch on my chest. dry and scaly. it showed up recently.,Seborrheic Keratoses
"A flat, pink-red scaly patch with a gritty texture on my sun-exposed skin showed up on my scalp a while back.",Benign Keratosis-like Lesions
"When I sweat, a mole with multiple colors -- brown, black, red, and even some pale areas on my scalp gets worse.",Melanoma
"I noticed a dry patch on my arm, along with some mild discomfort.",Eczema
"I'm worried about a waxy, stuck-on looking growth on my hands because it showed up recently.",Seborrheic Keratoses
"Something's going on on the back of my hands. It's a rough, sandpaper-like patch. dry and rough to the touch. mild stinging or burning feeling.",Benign Keratosis-like Lesions
I'm noticing an inflamed patch on my forearm.,Melanoma
"When the weather changes, burning between my toes and a ring-shaped rash with a raised border on my fingernail appear.",Fungal Infections
"There's a rough, sandpaper-like patch that feels much rougher than it looks on my hands.",Benign Keratosis-like Lesions
"Weird small rough bumps covering my upper arms and thighs around my eyes, rough and thickened from scratching, no clue what it is",Atopic Dermatitis
I'm worried about a discolored spot on my shins because it's been there for a while.,Psoriasis Lichen Planus
I've noticed no significant pain and there's a single-colored mole that looks exactly the same as it did years ago on my scalp. with fuzzy borders. it hasn't changed much.,Melanocytic Nevi
Plaques appearing exactly where my skin was scratched or injured on my hands. itching that can get severe.,Psoriasis Lichen Planus
I developed a rough-surfaced growth on my ears that comes with occasional itching.,Benign Keratosis-like Lesions
I'm noticing a rough-surfaced growth on my forearms.,Benign Keratosis-like Lesions
There's patches on the extensor surface -- the outside of my elbows and knees on my neck.,Psoriasis Lichen Planus
"There's a scaly area on my shins with clear, well-demarcated borders, and feels rough and raised.",Psoriasis Lichen Planus
I'm worried about a dry patch on my arm because it showed up recently.,Melanoma
A skin lesion showed up on my wrist and it showed up recently,Seborrheic Keratoses
I'm concerned about a mole that has been visibly growing and changing over the past few months on my neck that it showed up recently -- mild irritation.,Melanoma
"There's an open sore that bleeds, scabs over, and then reopens a few weeks later on my face.",Basal Cell Carcinoma
"There's a raised bump on my bald scalp, and no significant pain.",Benign Keratosis-like Lesions
I have patches that ooze and crust on my forearm and honestly it's been there for several weeks,Eczema
I've had a discolored spot on my hands that has been slowly growing thicker over several years.,Seborrheic Keratoses
"A scaly area on my arm, some mild discomfort, been there ages",Eczema
I've noticed a hard lump with visible black specks that look like seeds on my arm lately.,Viral Infections
"The skin on my hands shows dry, itchy patches that have been recurring since childhood, and I've been dealing with occasional mild itching.",Atopic Dermatitis
My skin on my feet is doing something weird -- a mole with several colors mixed in,Melanoma
"There's a pink growth with a slightly sunken, crater-like center on my nose with an indistinct, difficult-to-define edge, and rough-feeling in that spot.",Basal Cell Carcinoma
"I have a rough, cauliflower-like bump with tiny black dots on the surface on my forearm.",Viral Infections
"Weird a dark brown spot on my leg, even and smooth to the touch, no clue what it is",Melanocytic Nevi
"I'm not sure what blistering skin that bursts and leaves raw, wet patches on my leg is -- dry and cracked to the touch and severe itching I can barely control.",Eczema
"I've been watching an open sore that bleeds, scabs over, and then reopens a few weeks later on my feet and it came on gradually. no real pain.",Basal Cell Carcinoma
An inflamed patch appeared on my forearm a while ago. with fuzzy borders. rough-feeling in that spot. it's been there for several weeks.,Psoriasis Lichen Planus
I've noticed a tan to dark brown growth that looks thicker and greasier than a normal mole on my hands lately.,Seborrheic Keratoses
Near my elbow: a flat-topped warty bump that keeps multiplying. it's been there for several weeks.,Viral Infections
There's a scaly area near my elbow -- slightly raised but soft -- that it's been there for several weeks.,Melanocytic Nevi
I've noticed a ring-shaped rash with a raised border on my back lately.,Fungal Infections
"I've had a small, round, evenly colored brown spot on my feet for a while, with occasional mild itching.",Melanocytic Nevi
"A discolored spot on my forearm, mild itching, been there ages",Fungal Infections
Should I be worried about a reddish mark on my cheeks? rough and flaky. keeps returning in the same spots year after year.,Atopic Dermatitis
I've noticed severe itching I can barely control and there's an inflamed patch on my feet. with somewhat defined edges. it came on gradually.,Eczema
"I have an open sore that bleeds, scabs over, and then reopens a few weeks later on my leg. rough-feeling in that spot. it came on gradually. occasional mild itching.",Basal Cell Carcinoma
I've had a rough patch on my face for some time. rough and flaky. itching that can get severe.,Psoriasis Lichen Planus
"I have a hard, rough-surfaced growth on my arm with flaky and thickened.",Viral Infections
"It started as an itch that triggers before any visible rash appears on my chest. Now the skin there is leathery and thick. gets noticeably worse in cold, dry weather.",Atopic Dermatitis
There's a reddish mark on my scalp.,Eczema
"Something on my arms looks like dry, scaly skin and it came on gradually",Psoriasis Lichen Planus
A mole that started bleeding on its own without any injury showed up on my wrist and it came on gradually,Melanoma
"There's a red patch on my forehead with translucent, blurry borders, and dry and scaly.",Basal Cell Carcinoma
I've got a red patch on my wrist -- rough-feeling in that spot -- and no real pain,Viral Infections
My skin on my chest is doing something weird -- a flat-topped warty bump that keeps multiplying,Viral Infections
Lately I've had a growth that bleeds on my face that comes with a strange new sensation I never noticed before.,Melanoma
"There's a scaly spot that's tender when I rub it firmly near my knee, feels tender when pressed, not sure what it is",Benign Keratosis-like Lesions
I'm not sure what skin prone to frequent infections from all the scratching on my neck is -- dry and cracked to the touch and mild itching.,Atopic Dermatitis
"I have no significant pain, and there's a reddish-brown patch that gets worse in hot, humid weather on my upper back and chest.",Fungal Infections
"I have red, ring-shaped scaly patches on my shoulder.",Psoriasis Lichen Planus
The skin on my chest has changed. There's a growth that bleeds now. flaky and thickened. it's been there for a while.,Melanoma
Small flat-topped shiny purplish bumps on my forearm. rough and flaky.,Psoriasis Lichen Planus
"I have a flat, pink-red scaly patch with a gritty texture on my sun-exposed skin on my chest and honestly it came on gradually",Benign Keratosis-like Lesions
"In dry weather, occasional mild soreness and red, ring-shaped scaly patches on my feet appear.",Psoriasis Lichen Planus
On my back: a skin lesion. the scab keeps falling off and the raw area underneath comes back.,Basal Cell Carcinoma
"Weird an inflamed patch on my shoulder, rough and flaky, no clue what it is",Atopic Dermatitis
I have symmetrical red patches on both sides of my body on my hands with dry and rough to the touch.,Atopic Dermatitis
"A raised, warty growth appeared on my feet a while ago. with a clearly defined circular border. hard and firm to the touch. has stayed about the same size for weeks.",Viral Infections
"There's a warty, barnacle-like bump with a rough, pitted surface near my elbow, and mild itching.",Seborrheic Keratoses
"So I've got an itch that triggers before any visible rash appears near my elbow, with no significant pain",Atopic Dermatitis
I have a single-colored mole that looks exactly the same as it did years ago on my arm with smooth and flat against my skin.,Melanocytic Nevi
"I noticed red, inflamed areas on the back of my hands, along with occasional mild itching.",Atopic Dermatitis
It started as a rough patch on my face. Now dry and scaly. it's been there for a while.,Melanoma
"A waxy, scar-like flat patch with an indistinct border showed up on my shoulder a while back.",Basal Cell Carcinoma
My skin near my knee has been off. a red patch. dry and rough to the touch. mild irritation.,Viral Infections
I have skin irritation triggered by a certain soap or fabric on my arm with dry and rough to the touch.,Eczema
There's a scaly area on my neck with somewhat defined edges. slightly raised but soft. occasional mild itching.,Melanocytic Nevi
Got a growth that bleeds on my cheek and it's been there for several weeks,Basal Cell Carcinoma
"When the weather changes, a rough patch on my arm gets worse.",Viral Infections
A hard lump with visible black specks that look like seeds showed up on my hands and it's been there for several weeks,Viral Infections
On my leg: a slightly raised rough patch that bleeds lightly when I scratch it. it's been there for a while.,Benign Keratosis-like Lesions
"My skin on my hands is doing something weird -- a rough, sandpaper-like patch",Benign Keratosis-like Lesions
I'm concerned about a discolored spot on my chest that it showed up recently -- occasional mild itching.,Eczema
"I have a flat, slightly rough patch darker than the surrounding skin on the back of my hands. rough-feeling in that spot. it hasn't changed much. mild stinging or burning feeling.",Benign Keratosis-like Lesions
Scaly red patches on my feet. rough and leathery feeling.,Eczema
"Occasional mild itching -- a small, uniform dark brown spot with no irregular areas on my shoulder.",Melanocytic Nevi
Something on my neck looks like skin prone to frequent infections from all the scratching and has come and gone since childhood,Atopic Dermatitis
"I'm noticing thickened, leathery patches near my elbow.",Atopic Dermatitis
Got small flat-topped shiny purplish bumps on my face and it hasn't changed much,Psoriasis Lichen Planus
"Something on my shoulder looks like a raised, well-defined bump and it's been there for a while",Seborrheic Keratoses
"I have a thin, thread-like skin tag growing on my eyelid on my armpit. rough and flaky. grew slowly over several months. occasional mild itching.",Viral Infections
A dry patch on my arm. partly flat and partly raised within the same spot.,Melanoma
Mild irritation -- a red patch inside my mouth.,Psoriasis Lichen Planus
"When the weather changes, mild irritation and a spot with jagged, notched, irregular borders on my face appear.",Melanoma
"My skin on my wrist has been off. a pink growth with a slightly sunken, crater-like center. flaky and thickened. no real pain, just occasional bleeding after a minor bump.",Basal Cell Carcinoma
"The skin on my chest shows a growth that looks like it could be lifted off with a fingernail, and I've been dealing with mild itching.",Seborrheic Keratoses
"My skin near my knee has been off. a thin, thread-like skin tag growing on my eyelid. rough like sandpaper on the surface. mild irritation.",Viral Infections
I've noticed a scaly area on my scalp lately.,Melanoma
My skin on my wrist has been off. a rash that keeps expanding outward in a ring shape. soft and macerated where skin touches skin. intense itching and burning.,Fungal Infections
"When my clothes rub against it, occasional mild itching and a raised bump on my feet appear.",Psoriasis Lichen Planus
"Weird a brown to dark brown raised patch on my shoulder, flaky and thickened, no clue what it is",Seborrheic Keratoses
An inflamed patch on my face. with irregular edges.,Atopic Dermatitis
"So I've got a scaly area on my forearm, with no real pain",Viral Infections
"I have athlete's foot causing cracked, peeling, white skin between my toes on my back.",Fungal Infections
I've got skin irritation triggered by a certain soap or fabric on my wrists.,Eczema
"There's thick silvery-white scales that flake off in sheets on my feet, and a stinging sensation where the skin cracks at the edges.",Psoriasis Lichen Planus
"Weird a dry patch on my back, flaky and thickened, no clue what it is",Fungal Infections
"Something near my knee looks like a scaly, reddish-pink patch and it showed up recently",Benign Keratosis-like Lesions
"A brown to dark brown raised plaque with a greasy, waxy feel showed up on my leg a while back.",Seborrheic Keratoses
Lately I've had a dark brown spot on my stomach that comes with no discomfort whatsoever.,Melanocytic Nevi
I have a raised bump on my wrist and honestly it came on gradually,Psoriasis Lichen Planus
I have a dark spot that's been changing on my leg and honestly looks completely different compared to a year ago,Melanoma
I've noticed a scaly area on my lower lip lately.,Benign Keratosis-like Lesions
"I have a thin, thread-like skin tag growing on my eyelid on my face. rough and flaky. it showed up recently. occasional itching around the bump.",Viral Infections
"There's a reddish-brown patch that gets worse in hot, humid weather on my scalp, rough and flaky, not sure what it is",Fungal Infections
"I'm concerned about sharply defined plaques with very clear, distinct edges on my hands that it came on gradually -- occasional mild itching.",Psoriasis Lichen Planus
I developed a scaly area on my leg that comes with occasional mild itching.,Benign Keratosis-like Lesions
"I've had a flat, pink-red scaly patch with a gritty texture on my sun-exposed skin on my wrist for a while, with occasional mild itching.",Benign Keratosis-like Lesions
There's a patch on my shoulder. It looks like a dry patch. smooth and flat against my skin. it hasn't changed much.,Melanocytic Nevi
I've got a scaly area on my cheek.,Basal Cell Carcinoma
I've got skin irritation triggered by a certain soap or fabric near my elbow -- flaky and thickened -- and no significant pain,Eczema
"I have raw, weeping patches that crust over as they heal on my shoulder and honestly it came on gradually",Eczema
Something's going on on my forearm. It's a rough patch. rough-feeling in that spot. a stinging sensation where the skin cracks at the edges.,Psoriasis Lichen Planus
There's a dry patch on my fingernail -- dry and scaly -- that it hasn't changed much.,Fungal Infections
"On my feet: a rough, sandpaper-like patch. it's been there for several weeks.",Benign Keratosis-like Lesions
"A brown to dark brown raised plaque with a greasy, waxy feel near my elbow, no pain, just occasional mild itching if clothing rubs it.",Seborrheic Keratoses
My skin on my neck is doing something weird -- scaly red patches,Psoriasis Lichen Planus
A pigmented spot on my arm. with somewhat defined edges.,Melanocytic Nevi
I've noticed a dark brown spot on my stomach lately.,Melanocytic Nevi
"I'm worried about blistering skin that bursts and leaves raw, wet patches on my back because has been flaring on and off for months.",Eczema
Something on my wrist looks like an inflamed patch and stayed the same size for a long time but got darker recently,Seborrheic Keratoses
The skin on my ears has changed. There's a dry patch now. feels tender when pressed. it's been there for a while.,Benign Keratosis-like Lesions
"Lately I've had a raised, well-defined bump on my wrist that comes with mild itching.",Viral Infections
It started as scaly red patches on my leg. Now flaky when I run my hand over it. it hasn't changed much.,Psoriasis Lichen Planus
"I've had a small, round, evenly colored brown spot on my back for some time. rough and flaky. occasional mild itching.",Melanocytic Nevi
I'm concerned about a red patch near my knee that it's been there for a while -- burning between my toes.,Fungal Infections
I'm concerned about a spot that's larger than a pencil eraser and keeps getting bigger on my back that it's been there for a while -- a strange new sensation I never noticed before.,Melanoma
"It started as red, ring-shaped scaly patches on my groin and inner thigh. Now dry and rough to the touch. it came on gradually.",Fungal Infections
Should I be worried about a cluster of small flesh-colored bumps on my wrist? rough-feeling in that spot. it came on gradually.,Viral Infections
"My skin on my groin and inner thigh is doing something weird -- a thick, yellowed, crumbly nail that's lifting off the nail bed",Fungal Infections
"I've had red, inflamed areas on my hands that it showed up recently.",Eczema
I've been watching small rough bumps covering my upper arms and thighs on my forearm and it hasn't changed much. constant urge to scratch that never really goes away.,Atopic Dermatitis
"Something showed up on my nose. It's a reddish mark with translucent, blurry borders. dry and scaly. no real pain.",Basal Cell Carcinoma
"I'm noticing a rough, sandpaper-like patch on my scalp.",Benign Keratosis-like Lesions
"There's a patch near my knee. It looks like white, scaly patches. dry and scaly. it hasn't changed much.",Fungal Infections
"The skin on my wrists shows skin that weeps and crusts over, and I've been dealing with mild irritation.",Eczema
I have a dry patch near my knee with fuzzy borders.,Eczema
"When the weather changes, I get a single-colored mole that looks exactly the same as it did years ago on my face.",Melanocytic Nevi
"I notice no discomfort, it just won't go away when I sweat. There's a waxy, scar-like flat patch with an indistinct border on my chest.",Basal Cell Carcinoma
Got an inflamed patch on my feet and it hasn't changed much,Eczema
"Red, ring-shaped scaly patches on my forearm. with fuzzy borders.",Psoriasis Lichen Planus
Should I be worried about a small rough bump on my feet? hard and firm to the touch. keeps spreading into a small cluster.,Viral Infections
"I've noticed occasional mild itching and there's a rough patch on my back. with a rolled, slightly raised outer edge. keeps bleeding, scabbing over, and then reopening.",Basal Cell Carcinoma
"There's a smooth, pearly bump with a small dimple in the center on my leg -- dry and scaly -- and no significant pain.",Viral Infections
"I have a warty, barnacle-like bump with a rough, pitted surface on my face.",Seborrheic Keratoses
A raised bump on my chest. has been there for months without healing completely. tenderness when I press on it.,Benign Keratosis-like Lesions
"Got a waxy, scar-like area on my neck and the scab keeps falling off and the raw area underneath comes back",Basal Cell Carcinoma
"A growth that bleeds on my shoulder, no real pain, been there ages",Melanoma
Lately I've had a skin lesion near my knee that comes with mild itching.,Psoriasis Lichen Planus
"There's a rough patch on my shoulder, rough around the border, softer in the center, not sure what it is",Fungal Infections
I have a red patch on my forearm with somewhat defined edges.,Eczema
I have a reddish mark on my leg with rough and flaky.,Seborrheic Keratoses
"There's a raised, well-defined bump on my feet -- rough and flaky -- that grew slowly over several months.",Viral Infections
I'm not sure what a skin lesion on my back is -- rough and flaky and no real pain.,Atopic Dermatitis
I notice some mild discomfort when the weather changes. There's a scaly area on my arm.,Benign Keratosis-like Lesions
"The skin near my knee shows a brown to dark brown raised patch, and I've been dealing with no pain, just occasional mild itching if clothing rubs it.",Seborrheic Keratoses
Patches that ooze clear fluid when I scratch on my leg. no significant pain.,Eczema
I have a mole that started bleeding on its own without any injury on my arm with rough-feeling in that spot.,Melanoma
"The skin on my forearm shows a slightly raised, uniform-colored bump, and I've been dealing with some mild discomfort.",Melanocytic Nevi
I've had a small rough bump on my face that it showed up recently.,Viral Infections
My skin on my face has been off. a rough patch. dry and scaly. no discomfort whatsoever.,Melanocytic Nevi
"I've got a symmetric mole with a smooth, even border on my scalp -- even and smooth to the touch -- and no discomfort whatsoever",Melanocytic Nevi
"I've had a tan to dark brown growth that looks thicker and greasier than a normal mole on my chest for a while, with mild itching.",Seborrheic Keratoses
I'm concerned about a dry patch on my leg that it showed up recently -- tenderness when I press on it.,Benign Keratosis-like Lesions
I noticed patches on the extensor surface -- the outside of my elbows and knees on my face. feels rough and raised. it came on gradually.,Psoriasis Lichen Planus
Thick silvery-white scales that flake off in sheets on my wrist flares when I sweat.,Psoriasis Lichen Planus
"White, scaly patches on my shoulder. mild itching.",Fungal Infections
"Lately I've had a flat, slightly rough patch darker than the surrounding skin on my neck that comes with no significant pain.",Benign Keratosis-like Lesions
"When my clothes rub against it, a skin lesion on my leg gets worse.",Atopic Dermatitis
A discolored spot on my neck. no significant pain.,Psoriasis Lichen Planus
"The skin on my shoulder has changed. There's a shiny, pearly bump with tiny visible blood vessels running through it now. the center feels soft and tends to crust over. has been slowly growing over several months.",Basal Cell Carcinoma
"I've had a small, uniform dark brown spot with no irregular areas on my feet for some time. rough-feeling in that spot. some mild discomfort.",Melanocytic Nevi
I've had an inflamed patch on my scalp for some time. dry and rough to the touch. no real pain.,Eczema
I've noticed mild itching and there's a bump that keeps bleeding even after a very minor bump or scrape on my scalp. with fuzzy borders. it's been there for a while.,Basal Cell Carcinoma
"I'm noticing a raised, well-defined bump on my trunk.",Seborrheic Keratoses
"The skin on my finger shows a thin, thread-like skin tag growing on my eyelid, and I've been dealing with no significant pain.",Viral Infections
"A waxy, scar-like flat patch with an indistinct border near my knee. some mild discomfort.",Basal Cell Carcinoma
"The skin on my neck has changed. There's scaly, irritated skin now. dry and scaly. it's been there for a while.",Atopic Dermatitis
"Got a scaly area on my shoulder, flaky and thickened",Melanoma
I've noticed mild itching and there's a raised bump on my back. with irregular edges. it showed up recently.,Fungal Infections
"I developed a thick, yellowed, crumbly nail that's lifting off the nail bed on my scalp that comes with intense itching and burning.",Fungal Infections
"So on my scalp there's a reddish-brown rash, and no significant pain",Fungal Infections
Red to brownish-gray patches on my hands. no significant pain.,Eczema
"I have a red patch on my arm, and feels rough and raised.",Psoriasis Lichen Planus
"So I've got a rough-surfaced growth on my hands, with mild itching",Benign Keratosis-like Lesions
The skin on my chest has changed. There's a slightly raised rough patch that bleeds lightly when I scratch it now. rough and gritty like sandpaper. it came on gradually.,Benign Keratosis-like Lesions
"Something showed up on my cheeks. It's red, inflamed areas with irregular edges. the skin there is leathery and thick. constant urge to scratch that never really goes away.",Atopic Dermatitis
"A rough patch on my cheek. with translucent, blurry borders.",Basal Cell Carcinoma
"A small, dry, crusty spot on my back. rough and flaky.",Benign Keratosis-like Lesions
"There's a rough, sandpaper-like patch on my hands with somewhat defined edges, and dry and scaly.",Benign Keratosis-like Lesions
"I have a dry patch on my face, and rough and flaky.",Viral Infections
"So on my leg there's a raised bump, and mild itching",Eczema
I have an inflamed patch on my fingers with flaky and thickened.,Eczema
"I've had no significant pain for a while now. There's a brown to dark brown raised plaque with a greasy, waxy feel on my neck with somewhat defined edges.",Seborrheic Keratoses
"When I sweat, a red patch on my hands gets worse.",Basal Cell Carcinoma
"I developed symmetrical red patches on both sides of my body on my back that comes with a burning, stinging feeling after I sweat.",Atopic Dermatitis
I'm worried about an inflamed patch on my feet because it showed up recently.,Benign Keratosis-like Lesions
A red patch on my forehead. the scab keeps falling off and the raw area underneath comes back. no significant pain.,Basal Cell Carcinoma
I've had no real pain for a while now. There's a slightly raised rough patch that bleeds lightly when I scratch it on the back of my hands with fuzzy borders.,Benign Keratosis-like Lesions
"There's a rough patch near my knee, and some mild discomfort.",Seborrheic Keratoses
"A smooth, symmetric mole on my shoulder, some mild discomfort.",Melanocytic Nevi
"I've got thickened, leathery patches on my wrist -- the skin there is leathery and thick -- and mild itching",Atopic Dermatitis
"Something doesn't look right on my arm: a waxy, scar-like flat patch with an indistinct border with somewhat defined edges. flaky and thickened.",Basal Cell Carcinoma
Lately I've had a hereditary skin condition -- my sibling has it too on the back of my hands that comes with some mild discomfort.,Atopic Dermatitis
I've got a skin lesion on my neck.,Eczema
"Small rough bumps covering my upper arms and thighs near my elbow, no real pain, been there ages",Atopic Dermatitis
I've got small circular bald patches on my scalp near my elbow -- dry and scaly -- and no significant pain,Fungal Infections
"A red patch on my wrist, no real pain, been there ages",Eczema
I have a mole that has been visibly growing and changing over the past few months on my feet with fuzzy borders.,Melanoma
"I have cracked, dry skin that stings on my back. dry and rough to the touch. it came on gradually. severe itching I can barely control.",Eczema
A red patch on my feet flares when the weather changes.,Eczema
"There's a thick, yellowed, crumbly nail that's lifting off the nail bed on my scalp, and no significant pain.",Fungal Infections
I've got a reddish mark on my lower back -- rough and flaky -- and some mild discomfort,Psoriasis Lichen Planus
"Athlete's foot causing cracked, peeling, white skin between my toes showed up on my hands and keeps expanding outward from the center",Fungal Infections
A discolored spot on my neck. with blurry borders that blend into surrounding skin.,Atopic Dermatitis
"There's a small, round, evenly colored brown spot on my back -- even and smooth to the touch -- and no significant pain.",Melanocytic Nevi
I've been watching a raised bump on my trunk and grew alongside several similar spots in the same area. mild irritation.,Seborrheic Keratoses
I have a raised bump on my face with dry and scaly.,Seborrheic Keratoses
I've been watching an inflamed patch on my leg and it's been there for a while. mild itching.,Basal Cell Carcinoma
"So I've got a scaly spot that's tender when I rub it firmly on my arm, with mild itching",Benign Keratosis-like Lesions
"I have cracked, dry skin around my eyes. rough and flaky. it showed up recently. itching so bad it keeps me awake.",Atopic Dermatitis
It started as a growth that bleeds on my leg. Now rough and flaky. it showed up recently.,Melanoma
"Cracked, dry skin, around my eyes, rough-feeling in that spot.",Atopic Dermatitis
"A mole with multiple colors -- brown, black, red, and even some pale areas appeared on my chest a while ago. with somewhat defined edges. dry and rough to the touch. has started bleeding and crusting on its own.",Melanoma
"There's a patch on the back of my knuckles. It looks like a smooth, pearly bump with a small dimple in the center. dry and scaly. keeps spreading into a small cluster.",Viral Infections
"Something doesn't look right on my armpit: a raised, well-defined bump with a rough, uneven surface and irregular edges. rough like sandpaper on the surface.",Viral Infections
"When I sweat, a pigmented spot on my leg gets worse.",Melanocytic Nevi
"Got cracked, dry skin that stings on the back of my hands, dry and scaly",Eczema
"I have some mild discomfort, along with a rough patch near my knee with irregular edges.",Viral Infections
I've been watching an inflamed patch on my feet and showed up suddenly and multiplied into several bumps. mild irritation.,Viral Infections
I've had scaly red patches on my wrists that comes back in the same spots every few months.,Psoriasis Lichen Planus
"There's bumps with a fine white lacy pattern on the surface on my back with irregular edges, and feels rough and raised.",Psoriasis Lichen Planus
I've had a skin lesion on my arm for some time. rough-feeling in that spot. no significant pain.,Viral Infections
"I've had a rough patch on my lower back for a while, with itching that can get severe.",Psoriasis Lichen Planus
I'm worried about a ring-shaped rash with a raised scaly outer border and clearer skin in the middle on my wrist because it hasn't changed much.,Fungal Infections
A rough patch on my back. with fuzzy borders.,Eczema
"There's a small, shiny, pearly bump on my shoulder with somewhat defined edges, and dry and rough to the touch.",Basal Cell Carcinoma
My skin on my upper back and chest is doing something weird -- a discolored spot,Fungal Infections
I have bumps with a fine white lacy pattern on the surface on my shoulder. rough-feeling in that spot. it hasn't changed much. some mild discomfort.,Psoriasis Lichen Planus
"I have no real pain, along with a reddish mark near my knee with fuzzy borders.",Seborrheic Keratoses
"It started as dry, itchy patches that have been recurring since childhood on my neck. Now rough and thickened from scratching. has come and gone since childhood.",Atopic Dermatitis
"A raised, well-defined bump on my back, mild itching, been there ages",Seborrheic Keratoses
"Should I be worried about a mole with an uneven, asymmetrical shape on my scalp? dry and rough to the touch. it showed up recently.",Melanoma
I'm concerned about a scaly area on my arm that it showed up recently -- no significant pain.,Melanoma
I have a rough patch on my scalp and honestly it came on gradually,Seborrheic Keratoses
"A discolored spot, on my face, dry and rough to the touch.",Atopic Dermatitis
My skin on my hands is doing something weird -- a discolored spot,Seborrheic Keratoses
I'm noticing a discolored spot on my forearms.,Benign Keratosis-like Lesions
"So I've got a perfectly round, evenly colored brown spot that hasn't changed at all near my knee, with occasional mild itching",Melanocytic Nevi
"There's a ring-shaped rash with a raised scaly outer border and clearer skin in the middle on my neck -- rough-feeling in that spot -- that has been getting worse in hot, humid conditions.",Fungal Infections
"There's a pink growth with a slightly sunken, crater-like center on my wrist, and mild irritation but nothing painful.",Basal Cell Carcinoma
"Red, inflamed areas around my eyes flares when my clothes rub against it.",Atopic Dermatitis
I have a circular scaly rash on my leg.,Fungal Infections
"I'm not sure what a dry patch on my neck is -- the center feels soft and tends to crust over and no real pain, just occasional bleeding after a minor bump.",Basal Cell Carcinoma
"I noticed thickened, leathery patches on my neck. rough and flaky. gets noticeably worse in cold, dry weather.",Atopic Dermatitis
There's a raised bump on my arm -- dry and cracked to the touch -- and no significant pain.,Atopic Dermatitis
"An inflamed patch, on my wrists, rough and flaky.",Atopic Dermatitis
"There's a small rough bump on my neck with irregular edges, and rough-feeling in that spot.",Viral Infections
I have a skin lesion on my shoulder and honestly grew alongside several similar spots in the same area,Seborrheic Keratoses
I've been watching an inflamed patch on my hands and it hasn't changed much. some mild discomfort.,Atopic Dermatitis
"I have some mild discomfort, and there's a red patch on my hands.",Psoriasis Lichen Planus
I've got an itch that triggers before any visible rash appears on my scalp.,Atopic Dermatitis
A skin lesion showed up on my feet and it hasn't changed much,Viral Infections
I'm worried about skin that weeps and crusts over near my knee because it's been there for a while.,Eczema
"There's a rough patch on my wrist with precise, punched-out looking borders. flaky when I run my hand over it. some mild discomfort.",Psoriasis Lichen Planus
"I've had a flat, slightly rough patch darker than the surrounding skin on my bald scalp for a while, with no real pain.",Benign Keratosis-like Lesions
"I've had skin that weeps and crusts over on my back for a while, with mild itching.",Eczema
"A reddish mark on my leg, no real pain, been there ages",Melanocytic Nevi
"I have scaly, irritated skin around my eyes.",Atopic Dermatitis
"There's skin that weeps and crusts over behind my knees with irregular edges, and flaky and thickened.",Eczema
"On my forearm: cracked, dry skin that stings. it's been there for several weeks.",Eczema
"I'm concerned about red, ring-shaped scaly patches on my torso that it came on gradually -- occasional mild itching.",Fungal Infections
"I notice mild itching on areas that get a lot of sun exposure. There's a flat, pink-red scaly patch with a gritty texture on my sun-exposed skin on my ears.",Benign Keratosis-like Lesions
I have bumps with a fine white lacy pattern on the surface on my chest and honestly it's been there for a while,Psoriasis Lichen Planus
"I'm concerned about a rough patch on my leg that hasn't changed in size, shape, or color -- mild irritation.",Melanocytic Nevi
"I have a raised bump on my scalp, and dry and scaly.",Atopic Dermatitis
"There's thick silvery-white scales that flake off in sheets near my knee with very sharply defined, distinct edges, and feels rough and raised.",Psoriasis Lichen Planus
"A rough patch, on my back, dry and scaly.",Fungal Infections
No real pain -- an inflamed patch on my chest.,Melanoma
"There's a flat, pink-red scaly patch with a gritty texture on my sun-exposed skin on my wrist with somewhat defined edges, and flaky and thickened.",Benign Keratosis-like Lesions
"Weird a scaly, wart-like bump on my forearm, rough and flaky, no clue what it is",Seborrheic Keratoses
I'm not sure what an inflamed patch on my shoulder is -- flaky and thickened and no real pain.,Atopic Dermatitis
"I'm noticing a flat, tan-colored mark on my arm.",Melanocytic Nevi
"A perfectly round, evenly colored brown spot that hasn't changed at all showed up on my feet a while back.",Melanocytic Nevi
"I'm noticing a symmetric mole with a smooth, even border on my back.",Melanocytic Nevi
"The skin near my knee shows a pink bump with a sunken center, and I've been dealing with occasional mild itching.",Basal Cell Carcinoma
"So on my back there's a small rough bump, and occasional mild itching",Viral Infections
"When I sweat, a ring-shaped rash with a raised border near my elbow gets worse.",Fungal Infections
"I've had a pigmented spot on my stomach for a while, with nothing unusual, it's just always been there.",Melanocytic Nevi
"I have a waxy, scar-like flat patch with an indistinct border on my nose with rough and flaky.",Basal Cell Carcinoma
I developed a red patch on my hands that comes with mild itching.,Fungal Infections
"I have a smooth, symmetric mole on my face. even and smooth to the touch. it came on gradually. mild irritation.",Melanocytic Nevi
"I've had a small, round, evenly colored brown spot on my face for some time. slightly raised but soft. no significant pain.",Melanocytic Nevi
"There's a waxy, scar-like flat patch with an indistinct border on my shoulder, and mild irritation but nothing painful.",Basal Cell Carcinoma
"I have a small, uniform dark brown spot with no irregular areas on my face and honestly has been there since I was a kid and never changed",Melanocytic Nevi
There's an inflamed patch on my wrist with fuzzy borders. dry and rough to the touch. some mild discomfort.,Melanoma
"I have occasional itching around the bump, along with a thin, thread-like skin tag growing on my eyelid near my knee with fuzzy borders.",Viral Infections
Small flat-topped shiny purplish bumps on my back. itching that can get severe.,Psoriasis Lichen Planus
"Skin that weeps and crusts over on my feet, no real pain.",Eczema
"Weird a small, shiny, pearly bump on my face, waxy and scar-like, no clue what it is",Basal Cell Carcinoma
"My skin on my back is doing something weird -- sharply defined plaques with very clear, distinct edges",Psoriasis Lichen Planus
I've had some mild discomfort for a while now. There's a rash that keeps expanding outward in a ring shape on my upper back and chest with fuzzy borders.,Fungal Infections
"Got scaly red patches on my wrist, dry and rough to the touch",Psoriasis Lichen Planus
Lately I've had skin prone to frequent infections from all the scratching on the back of my hands that comes with itchy and irritated.,Atopic Dermatitis
I've had a mole that has been visibly growing and changing over the past few months on my leg for some time. feels different from my other moles. some mild discomfort.,Melanoma
"I have a scaly, reddish-pink patch on my chest.",Benign Keratosis-like Lesions
"There's a reddish mark on my back, dry and rough to the touch, not sure what it is",Melanocytic Nevi
"I noticed cracked, dry skin on the back of my hands. dry and scaly. it came on gradually.",Atopic Dermatitis
Something on my leg looks like a skin lesion and has started bleeding and crusting on its own,Melanoma
"There's a patch on my neck. It looks like a skin lesion. rough and flaky. hasn't changed in size, shape, or color.",Melanocytic Nevi
I developed a raised bump on my ear that comes with mild irritation but nothing painful.,Basal Cell Carcinoma
"I developed a raised, warty growth on the sole of my foot that comes with painful when I put weight on it.",Viral Infections
I've noticed mild irritation and there's a hereditary skin condition -- my sibling has it too on my wrists. with fuzzy borders. it's been there for a while.,Atopic Dermatitis
"Dry, itchy patches that have been recurring since childhood near my knee. mild itching.",Atopic Dermatitis
There's an inflamed patch on my nose -- rough-feeling in that spot -- that has been slowly growing over several months.,Basal Cell Carcinoma
I noticed patches on the extensor surface -- the outside of my elbows and knees on my shins. dry and scaly. it's been there for several weeks.,Psoriasis Lichen Planus
I noticed skin prone to frequent infections from all the scratching on my hands. dry and scaly. flares and then settles down.,Atopic Dermatitis
"I've noticed a waxy, scar-like flat patch with an indistinct border on my back lately.",Basal Cell Carcinoma
"A flat, pink-red scaly patch with a gritty texture on my sun-exposed skin showed up on my back and it's been there for several weeks",Benign Keratosis-like Lesions
An inflamed patch on my ears. mild stinging or burning feeling.,Benign Keratosis-like Lesions
I have a hereditary skin condition -- my sibling has it too on my scalp.,Atopic Dermatitis
"A pink bump with a sunken center appeared on my feet a while ago. with an indistinct, difficult-to-define edge. flaky and thickened. it showed up recently.",Basal Cell Carcinoma
"I have a rough, sandpaper-like patch that feels much rougher than it looks on my wrist.",Benign Keratosis-like Lesions
A growth that bleeds on my shoulder. it's been there for a while. mild irritation.,Basal Cell Carcinoma
"My skin on my back is doing something weird -- a thick, yellowed, crumbly nail that's lifting off the nail bed",Fungal Infections
"So on my torso there's athlete's foot causing cracked, peeling, white skin between my toes, and intense itching and burning",Fungal Infections
"I have some mild discomfort, along with a raised bump on my arm with distinct, punched-out looking edges.",Seborrheic Keratoses
I'm worried about a dry patch on my hands because it's been there for a while.,Atopic Dermatitis
"A pink growth with a slightly sunken, crater-like center near my elbow. with translucent, blurry borders.",Basal Cell Carcinoma
There's a flat-topped warty bump that keeps multiplying on my hands with somewhat defined edges. rough-feeling in that spot. some mild discomfort.,Viral Infections
A scaly area on my back. with fuzzy borders.,Melanoma
There's a discolored spot on my neck -- dry and rough to the touch -- and mild itching.,Atopic Dermatitis
There's thick red raised plaques on my wrist -- flaky and thickened -- that it hasn't changed much.,Psoriasis Lichen Planus
On my face: a discolored spot. it's been there for a while.,Atopic Dermatitis
"My skin on my face is doing something weird -- raw, inflamed skin",Eczema
"My skin on my wrist is doing something weird -- red, inflamed areas",Atopic Dermatitis
"When I sweat, I get an inflamed patch on my torso.",Fungal Infections
"I have no real pain, and there's a scaly, wart-like bump on my arm.",Seborrheic Keratoses
"I've had dry, itchy patches that have been recurring since childhood on my wrists for a while, with mild irritation.",Atopic Dermatitis
Should I be worried about a skin lesion on my face? rough-feeling in that spot. it came on gradually.,Atopic Dermatitis
"Got a raised bump on my forearm, dry and rough to the touch",Basal Cell Carcinoma
No significant pain -- a rough patch near my elbow.,Viral Infections
An inflamed patch showed up on my ankles and has persisted for a long time without clearing,Psoriasis Lichen Planus
I have patches on the extensor surface -- the outside of my elbows and knees on my arm. rough-feeling in that spot. comes back in the same spots every few months. some mild discomfort.,Psoriasis Lichen Planus
I have a red patch on my leg with somewhat defined edges.,Psoriasis Lichen Planus
"I've got scaly, irritated skin on my scalp -- dry and rough to the touch -- and mild itching",Atopic Dermatitis
There's thick red raised plaques on my back.,Psoriasis Lichen Planus
"I noticed pinpoint bleeding spots when the scale is removed on my ankles, along with a stinging sensation where the skin cracks at the edges.",Psoriasis Lichen Planus
The skin on my ankles has changed. There's plaques appearing exactly where my skin was scratched or injured now. rough and flaky. it's been there for several weeks.,Psoriasis Lichen Planus
"In cold, dry weather, skin irritation triggered by a certain soap or fabric near my knee gets worse.",Eczema
"There's an open sore that bleeds, scabs over, and then reopens a few weeks later on my cheek.",Basal Cell Carcinoma
"There's a small, dry, crusty spot on my neck.",Benign Keratosis-like Lesions
A dark spot that's been changing on my back. with irregular edges.,Melanoma
I've got a discolored spot on my neck.,Fungal Infections
I have an inflamed patch on my scalp and honestly it showed up recently,Basal Cell Carcinoma
A scaly area on my hands. dry and rough to the touch.,Psoriasis Lichen Planus
I've had a discolored spot on my hands for some time. even and smooth to the touch. no discomfort whatsoever.,Melanocytic Nevi
A mole that started bleeding on its own without any injury appeared on my scalp a while ago. with fuzzy borders. feels different from my other moles. it came on gradually.,Melanoma
A dry patch on my neck. dry and scaly.,Basal Cell Carcinoma
A rash that keeps expanding outward in a ring shape on my hands. crumbly and brittle on the nail.,Fungal Infections
I've got a circular scaly rash between my toes -- peeling and flaking -- and no significant pain,Fungal Infections
"The skin on my scalp shows patches that ooze clear fluid when I scratch, and I've been dealing with some mild discomfort.",Eczema
A dry patch on my face. rough-feeling in that spot.,Seborrheic Keratoses
"Something doesn't look right on my hands: cracked, dry skin that stings with irregular edges. flaky and rough.",Eczema
"When the weather changes, a mole with an asymmetrical, uneven shape -- one half doesn't match the other on my scalp gets worse.",Melanoma
A dark brown spot on my neck. with somewhat defined edges.,Melanocytic Nevi
A discolored spot on my chest flares when the weather changes.,Melanoma
I have an inflamed patch on my face. flaky and thickened. it showed up recently. some mild discomfort.,Benign Keratosis-like Lesions
Should I be worried about a skin lesion on my arm? dry and rough to the touch. it's been there for several weeks.,Basal Cell Carcinoma
"I have a warty, barnacle-like bump with a rough, pitted surface on my face with distinct, punched-out looking edges.",Seborrheic Keratoses
Symmetrical red patches on both sides of my body showed up on my leg and it came on gradually,Atopic Dermatitis
I'm noticing a rough patch on my scalp.,Basal Cell Carcinoma
"A scaly area on my arm, no real pain.",Benign Keratosis-like Lesions
I'm not sure what a circular scaly rash between my toes is -- rough-feeling in that spot and some mild discomfort.,Fungal Infections
There's a patch on my wrist. It looks like thick red raised plaques. thick and plaque-like. it showed up recently.,Psoriasis Lichen Planus
Pinpoint bleeding spots when the scale is removed on my forearm. flaky when I run my hand over it.,Psoriasis Lichen Planus
A scaly spot that's tender when I rub it firmly on my face flares on areas that get a lot of sun exposure.,Benign Keratosis-like Lesions
"Got a brown to dark brown raised plaque with a greasy, waxy feel on my forearm, waxy and slightly greasy to the touch",Seborrheic Keratoses
I've had thick red raised plaques near my knee for some time. flaky when I run my hand over it. some mild discomfort.,Psoriasis Lichen Planus
A growth that bleeds showed up on my neck a while back.,Basal Cell Carcinoma
A brown to dark brown raised patch near my elbow. rough and bumpy on the surface.,Seborrheic Keratoses
"Lately I've had a dry, crusty spot on a sun-damaged area that keeps peeling off and returning on the back of my hands that comes with no real pain.",Benign Keratosis-like Lesions
"A rough, sandpaper-like patch that feels much rougher than it looks, on my shoulder, dry and rough to the touch.",Benign Keratosis-like Lesions
"A mole with multiple colors -- brown, black, red, and even some pale areas, on my shoulder, rough-feeling in that spot.",Melanoma
"I've had a raised, well-defined bump on my shoulder that stayed the same size for a long time but got darker recently.",Seborrheic Keratoses
"I'm noticing a soft, dome-shaped mole that's been stable for as long as I can remember on my leg.",Melanocytic Nevi
"Raw, weeping patches that crust over as they heal near my knee. with irregular edges.",Eczema
"I've noticed no real pain, but it bleeds a little sometimes and there's a mole with multiple colors -- brown, black, red, and even some pale areas on my shoulder. with fuzzy borders. it came on gradually.",Melanoma
"There's a scaly area on my forearm, and mild itching.",Eczema
"Got dry, itchy patches that have been recurring since childhood on my neck, dry and cracked to the touch",Atopic Dermatitis
I have a slightly raised rough patch that bleeds lightly when I scratch it on my feet. dry and rough to the touch. it hasn't changed much. occasional mild itching.,Benign Keratosis-like Lesions
"A discolored spot on my chest, no discomfort, it just won't go away, been there ages",Basal Cell Carcinoma
A ring-shaped rash with a raised scaly outer border and clearer skin in the middle showed up near my knee and it's been there for a while,Fungal Infections
"I've had no real pain for a while now. There's a warty, barnacle-like bump with a rough, pitted surface on my back with a clearly defined, elevated border.",Seborrheic Keratoses
I've noticed a reddish mark on my scalp lately.,Eczema
I have a discolored spot on my face and honestly it hasn't changed much,Fungal Infections
"I have severe itching I can barely control, and there's an inflamed patch on the inside of my elbows.",Eczema
"I have a raised bump near my elbow, and flaky and rough.",Psoriasis Lichen Planus
"A pigmented spot, on my feet, dry and rough to the touch.",Melanoma
"I've had a small, dry, crusty spot on my back for a while, with no pain, just a rough texture I can feel.",Benign Keratosis-like Lesions
I'm concerned about a red patch on my forearm that it's been there for a while -- some mild discomfort.,Seborrheic Keratoses
My skin on my face is doing something weird -- a rough patch,Viral Infections
I've been watching a scaly spot that's tender when I rub it firmly on my wrist and it came on gradually. occasional itching.,Benign Keratosis-like Lesions
My skin on my face is doing something weird -- a scaly area,Melanoma
"I'm noticing scaly, irritated skin on my cheeks.",Atopic Dermatitis
A red patch on my forearm. it's been there for a while. mild itching.,Basal Cell Carcinoma
I'm noticing a scaly spot that's tender when I rub it firmly on the back of my hands.,Benign Keratosis-like Lesions
There's a ring-shaped rash with a raised scaly outer border and clearer skin in the middle on my face -- dry and rough to the touch -- that it hasn't changed much.,Fungal Infections
I have a dry patch on my scalp with irregular edges.,Basal Cell Carcinoma
Red patches with silvery-white scales showed up on my shins and it came on gradually,Psoriasis Lichen Planus
I'm not sure what a skin lesion on my elbows and knees is -- dry and rough to the touch and no real pain.,Psoriasis Lichen Planus
"A growth that looks like it could be lifted off with a fingernail, on my forearm, dry and rough to the touch.",Seborrheic Keratoses
"I have some mild discomfort, and there's a slightly raised rough patch that bleeds lightly when I scratch it on my scalp.",Benign Keratosis-like Lesions
"I've had a rough, sandpaper-like patch on my scalp that it's been there for several weeks.",Benign Keratosis-like Lesions
I've had occasional mild itching for a while now. There's a cluster of small flesh-colored bumps on my scalp with irregular edges.,Viral Infections
Lately I've had an open sore that won't fully heal on my chest that comes with mild itching.,Basal Cell Carcinoma
I have symmetrical red patches on both sides of my body on the folds of my elbows and knees with rough-feeling in that spot.,Atopic Dermatitis
Something's going on on my leg. It's a mole that has been visibly growing and changing over the past few months. slightly raised and uneven. some mild discomfort.,Melanoma
My skin on my shoulder is doing something weird -- skin that breaks open and oozes when it flares,Eczema
A ring-shaped rash with a raised scaly outer border and clearer skin in the middle near my knee. mild itching.,Fungal Infections
It started as a scaly area on my shoulder. Now flaky and thickened. it showed up recently.,Eczema
"There's itchy red patches on my feet with blurry, ill-defined edges, and rough and leathery feeling.",Eczema
Something on my cheek looks like a skin lesion and it showed up recently,Basal Cell Carcinoma
I'm noticing a reddish mark on my forearm.,Fungal Infections
"Got cracked, peeling skin on my upper back and chest, soft and macerated where skin touches skin",Fungal Infections
"It started as raw, weeping patches that crust over as they heal on my wrists. Now dry and rough to the touch. spreads a bit more every time I scratch it.",Eczema
"Raw, weeping patches that crust over as they heal on my face, occasional mild itching, been there ages",Eczema
"So on my shoulder there's a mole with several colors mixed in, and a strange new sensation I never noticed before",Melanoma
"I have dry, itchy patches that have been recurring since childhood near my elbow. feels dry and scaly to the touch. it's been there for a while. no real pain.",Atopic Dermatitis
"There's dry, red inflamed patches on my wrist -- flaky and thickened -- and mild itching.",Atopic Dermatitis
"A scaly, reddish-pink patch, on my lower lip, rough and flaky.",Benign Keratosis-like Lesions
"A spot with jagged, notched, irregular borders on my face flares it started changing after a lot of sun exposure.",Melanoma
I'm concerned about a raised bump on my scalp that it's been there for a while -- no significant pain.,Basal Cell Carcinoma
"When I sweat, no significant pain and a cluster of small flesh-colored bumps near my knee appear.",Viral Infections
I'm not sure what scaly red patches inside my mouth is -- dry and scaly and mild irritation.,Psoriasis Lichen Planus
An itch that triggers before any visible rash appears showed up on my neck a while back.,Atopic Dermatitis
I have a red patch near my knee with blurry borders that blend into surrounding skin.,Atopic Dermatitis
"I have thick red raised plaques on my arm, and covered in thick silvery scales.",Psoriasis Lichen Planus
"I've got sharply defined, scaly plaques on my scalp.",Psoriasis Lichen Planus
"I've noticed a hard, rough-surfaced growth on my feet lately.",Viral Infections
I'm worried about thick red raised plaques near my elbow because it's been there for a while.,Psoriasis Lichen Planus
I've got a raised bump on my back -- dry and scaly -- and mild itching,Melanoma
"On my leg: an open sore that won't fully heal. keeps bleeding, scabbing over, and then reopening.",Basal Cell Carcinoma
"I've noticed a waxy, stuck-on looking growth on my shoulder lately.",Seborrheic Keratoses
"I have a strange new sensation I never noticed before, along with a spot that's larger than a pencil eraser and keeps getting bigger on my forearm with irregular edges.",Melanoma
"I have some mild discomfort, and there's a dry, crusty spot on a sun-damaged area that keeps peeling off and returning on my scalp.",Benign Keratosis-like Lesions
I've noticed mild irritation and there's a dry patch near my elbow. with somewhat defined edges. it came on gradually.,Melanoma
A hereditary skin condition -- my sibling has it too showed up on my leg a while back.,Atopic Dermatitis
"There's a smooth, symmetric mole on my arm.",Melanocytic Nevi
I'm noticing a red patch on my wrist.,Atopic Dermatitis
"I have a raised bump on my scalp, and rough and thickened from scratching.",Atopic Dermatitis
The skin on my wrist has changed. There's a raised bump now. feels like it's sitting on top of the skin rather than growing from it. has been slowly growing thicker over several years.,Seborrheic Keratoses
I'm worried about a red patch on my forearm because it's been there for a while.,Atopic Dermatitis
"I developed a mole with an uneven, asymmetrical shape on my forearm that comes with no significant pain.",Melanoma
"I noticed a rough-surfaced growth on my scalp, along with mild stinging or burning feeling.",Benign Keratosis-like Lesions
I've noticed severe itching I can barely control and there's skin irritation triggered by a certain soap or fabric on my fingers. with fuzzy borders. it showed up recently.,Eczema
There's a patch on my wrist. It looks like a raised bump. rough-feeling in that spot. it showed up recently.,Psoriasis Lichen Planus
"It started as a symmetric mole with a smooth, even border on my stomach. Now dry and scaly. it came on gradually.",Melanocytic Nevi
"I'm noticing a rough, sandpaper-like patch that feels much rougher than it looks on my forearms.",Benign Keratosis-like Lesions
"I have a brown to dark brown raised plaque with a greasy, waxy feel on my scalp with irregular edges.",Seborrheic Keratoses
"So I've got a scaly, wart-like bump on my shoulder, with some mild discomfort",Seborrheic Keratoses
"Lately I've had a spot with jagged, notched, irregular borders on my face that comes with some mild discomfort.",Melanoma
A slightly raised rough patch that bleeds lightly when I scratch it on my face. with irregular edges.,Benign Keratosis-like Lesions
There's a red patch on my wrist -- partly flat and partly raised within the same spot -- and itching and occasional soreness around it.,Melanoma
"I have a waxy, 'stuck-on' looking growth that appears pasted onto the skin surface on my shoulder, and rough-feeling in that spot.",Seborrheic Keratoses
I have a slightly raised rough patch that bleeds lightly when I scratch it on my forearm.,Benign Keratosis-like Lesions
"I've had no pain at all, just an odd texture for a while now. There's a flat-topped warty bump that keeps multiplying on the back of my knuckles with irregular edges.",Viral Infections
"Something's going on on my hands. It's a thick, yellowed, crumbly nail that's lifting off the nail bed. rough-feeling in that spot. occasional mild itching.",Fungal Infections
A dry patch on my shoulder. some mild discomfort.,Melanoma
"I'm noticing a small, uniform dark brown spot with no irregular areas on my chest.",Melanocytic Nevi
"When I sweat, mild itching and a waxy, stuck-on looking growth near my knee appear.",Seborrheic Keratoses
"There's sharply defined, scaly plaques on my face.",Psoriasis Lichen Planus
"Got scaly red patches on my hands, dry and scaly",Eczema
There's small rough bumps covering my upper arms and thighs on the folds of my elbows and knees -- rough and thickened from scratching -- and occasional mild itching.,Atopic Dermatitis
"I have a brown to dark brown raised plaque with a greasy, waxy feel on my leg with sharp, well-defined, stuck-on looking edges.",Seborrheic Keratoses
"I developed a scaly, reddish-pink patch near my knee that comes with occasional mild itching.",Benign Keratosis-like Lesions
My skin on my feet is doing something weird -- a dry patch,Eczema
"When my clothes rub against it, a perfectly round, evenly colored brown spot that hasn't changed at all near my elbow gets worse.",Melanocytic Nevi
"A discolored spot on my forearm, some mild discomfort, been there ages",Basal Cell Carcinoma
I've got symmetrical red patches on both sides of my body around my eyes.,Atopic Dermatitis
"A red patch, on my leg, rough and flaky.",Melanocytic Nevi
"So I've got skin that weeps and crusts over on my feet, with no significant pain",Eczema
"A waxy, scar-like flat patch with an indistinct border on my feet, occasional mild itching, been there ages",Basal Cell Carcinoma
The skin on my face has changed. There's a single-colored mole that looks exactly the same as it did years ago now. rough-feeling in that spot. it hasn't changed much.,Melanocytic Nevi
I've noticed small circular bald patches on my scalp on my torso lately.,Fungal Infections
I've had a dry patch on my wrist that it showed up recently.,Eczema
I noticed a red patch on my forearm. rough-feeling in that spot. it showed up recently.,Psoriasis Lichen Planus
"Raw, weeping patches that crust over as they heal on my shoulder, no significant pain.",Eczema
A scaly area on my hands. mild itching.,Melanocytic Nevi
"There's a spot with jagged, notched, irregular borders on my leg with fuzzy borders, and partly flat and partly raised within the same spot.",Melanoma
"I have some mild discomfort, along with a rough-surfaced growth on my neck with a somewhat irregular, flat border.",Benign Keratosis-like Lesions
"My skin on my neck has been off. a shiny, pearly bump with tiny visible blood vessels running through it. rough-feeling in that spot. mild irritation.",Basal Cell Carcinoma
"There's scaly, irritated skin on the folds of my elbows and knees with fuzzy borders, and rough and thickened from scratching.",Atopic Dermatitis
"Something showed up on my leg. It's a symmetric mole with a smooth, even border with an even, clearly defined edge. rough-feeling in that spot. mild irritation.",Melanocytic Nevi
"Got a scaly area on my shoulder, rough and flaky",Basal Cell Carcinoma
"Got a waxy, 'stuck-on' looking growth that appears pasted onto the skin surface on my scalp and it's been there for a while",Seborrheic Keratoses
"A dry patch appeared on my back a while ago. with a rolled, slightly raised outer edge. the center feels soft and tends to crust over. it's been there for several weeks.",Basal Cell Carcinoma
"Weird a reddish mark on my forearm, dry and scaly, no clue what it is",Atopic Dermatitis
"When the weather changes, I get a rough patch on my chest.",Basal Cell Carcinoma
"I have mild stinging or burning feeling, and there's a small, dry, crusty spot on my wrist.",Benign Keratosis-like Lesions
"I have a shiny, pearly bump with tiny visible blood vessels running through it on my back and honestly it's been there for several weeks",Basal Cell Carcinoma
"I've got an open sore that bleeds, scabs over, and then reopens a few weeks later on my neck.",Basal Cell Carcinoma
"So I've got a growth that looks like it could be lifted off with a fingernail on my leg, with no significant pain",Seborrheic Keratoses
"Something's going on on my back. It's a small, round, evenly colored brown spot. dry and rough to the touch. mild irritation.",Melanocytic Nevi
Should I be worried about pinpoint bleeding spots when the scale is removed on my wrist? rough and flaky. it hasn't changed much.,Psoriasis Lichen Planus
I noticed a ring-shaped rash with a raised border on my upper back and chest. rough and flaky. it came on gradually.,Fungal Infections
"On my arm: a pink growth with a slightly sunken, crater-like center. it came on gradually.",Basal Cell Carcinoma
"There's a waxy, stuck-on looking growth on my arm -- flaky and thickened -- and no real pain.",Seborrheic Keratoses
There's a reddish mark on my back with irregular edges. flaky and thickened. mild irritation.,Seborrheic Keratoses
Got a scaly area near my knee and it came on gradually,Fungal Infections
"I have occasional mild itching, along with a skin lesion on my scalp with somewhat defined edges.",Basal Cell Carcinoma
I'm noticing a discolored spot on my leg.,Atopic Dermatitis
"There's cracked, peeling skin on my wrist.",Fungal Infections
I've had no significant pain for a while now. There's a discolored spot on my scalp with fuzzy borders.,Benign Keratosis-like Lesions
Lately I've had a red patch on the back of my hands that comes with occasional mild itching.,Atopic Dermatitis
"I have a raised, well-defined bump around my eyes, and rough-feeling in that spot.",Viral Infections
"Should I be worried about a flat, slightly rough patch darker than the surrounding skin on my leg? rough and flaky. it showed up recently.",Benign Keratosis-like Lesions
"I've had an open sore that won't fully heal on my chest for a while, with occasional mild itching.",Basal Cell Carcinoma
I have skin that leaks clear fluid after scratching on my wrists. rough-feeling in that spot. it showed up recently. some mild discomfort.,Atopic Dermatitis
"I'm concerned about thickened, leathery patches on the folds of my elbows and knees that it hasn't changed much -- some mild discomfort.",Atopic Dermatitis
"When the weather changes, I get a flat, slightly rough patch darker than the surrounding skin on my forearms.",Benign Keratosis-like Lesions
I have a scaly area on my neck with dry and scaly.,Atopic Dermatitis
I'm not sure what a red patch on my leg is -- rough-feeling in that spot and mild irritation.,Fungal Infections
I've had a pigmented spot on my arm that it came on gradually.,Melanocytic Nevi
"There's a symmetric mole with a smooth, even border on my feet.",Melanocytic Nevi
There's a reddish mark on my cheek.,Basal Cell Carcinoma
My skin on my ankles has been off. thick red raised plaques. rough and flaky. mild itching.,Psoriasis Lichen Planus
"I've had no significant pain for a while now. There's a mole with several colors mixed in on my scalp with an asymmetric, non-circular outline.",Melanoma
"A small, uniform dark brown spot with no irregular areas showed up on my scalp and it's been there for several weeks",Melanocytic Nevi
My skin on my arm is doing something weird -- a reddish mark,Melanocytic Nevi
I notice mild itching when my clothes rub against it. There's a discolored spot on my wrist.,Viral Infections
A red patch on the back of my hands. with fuzzy borders.,Benign Keratosis-like Lesions
"There's thickened, leathery patches on my forearm with fuzzy borders, and dry and rough to the touch.",Atopic Dermatitis
I have a dry patch between my toes with crumbly and brittle on the nail.,Fungal Infections
I've been watching skin that weeps and crusts over on my feet and clears up for a few weeks and then flares back up. some mild discomfort.,Eczema
"So on my wrist there's a rough patch, and no significant pain",Melanoma
I have skin irritation triggered by a certain soap or fabric on my hands with poorly defined borders that fade into normal skin.,Eczema
"There's a skin lesion on my chest with very sharply defined, distinct edges. flaky when I run my hand over it. occasional mild itching.",Psoriasis Lichen Planus
I'm not sure what symmetrical red patches on both sides of my body on my shoulder is -- flaky and thickened and itchy and irritated.,Atopic Dermatitis
"I developed athlete's foot causing cracked, peeling, white skin between my toes on my wrist that comes with mild irritation.",Fungal Infections
"I'm worried about a scaly, reddish-pink patch on my face because seems to be slowly getting larger.",Benign Keratosis-like Lesions
"A dry patch on my hands, no significant pain.",Viral Infections
There's a single-colored mole that looks exactly the same as it did years ago on my arm -- rough-feeling in that spot -- and no significant pain.,Melanocytic Nevi
"So I've got a flat, reddish, scaly patch on my leg, with some mild discomfort",Basal Cell Carcinoma
An inflamed patch on my neck. dry and scaly.,Atopic Dermatitis
I'm worried about a reddish mark on my back because it's been there for a while.,Melanoma
"There's a dry patch on my face with somewhat defined edges, and dry and rough to the touch.",Eczema
My skin on my back has been off. a bump that keeps bleeding even after a very minor bump or scrape. dry and rough to the touch. no real pain.,Basal Cell Carcinoma
A slightly raised rough patch that bleeds lightly when I scratch it on my back flares when I sweat.,Benign Keratosis-like Lesions
No significant pain -- a raised bump on my chest.,Viral Infections
Pinpoint bleeding spots when the scale is removed on my wrist. rough-feeling in that spot.,Psoriasis Lichen Planus
"I have mild irritation, along with a red patch on my scalp with irregular edges.",Psoriasis Lichen Planus
"It started as a mole with an uneven, asymmetrical shape on my feet. Now feels different from my other moles. has started bleeding and crusting on its own.",Melanoma
I've got a red patch on my feet -- rough-feeling in that spot -- and no significant pain,Seborrheic Keratoses
The skin on my chest has changed. There's a single-colored mole that looks exactly the same as it did years ago now. flaky and thickened. it showed up recently.,Melanocytic Nevi
A scaly area appeared on my neck a while ago. with a clearly defined circular border. rough and flaky. showed up suddenly and multiplied into several bumps.,Viral Infections
"A dark brown spot, on my back, rough and flaky.",Melanoma
"So I've got a bump that keeps bleeding even after a very minor bump or scrape on my neck, with mild irritation but nothing painful",Basal Cell Carcinoma
"Got a red patch on my arm, rough-feeling in that spot",Melanoma
"My skin on the back of my hands is doing something weird -- a small, dry, crusty spot",Benign Keratosis-like Lesions
"When my clothes rub against it, I get athlete's foot causing cracked, peeling, white skin between my toes on my face.",Fungal Infections
"A smooth, symmetric mole on my leg, mild irritation, been there ages",Melanocytic Nevi
"Got a red patch on my hands, rough and flaky",Melanoma
"There's red, inflamed areas near my knee.",Eczema
"Something showed up on my feet. It's a perfectly round, evenly colored brown spot that hasn't changed at all with irregular edges. smooth and flat against my skin. no real pain.",Melanocytic Nevi
I developed a dry patch on my face that comes with mild itching.,Fungal Infections
"A skin lesion on my scalp, occasional mild itching, been there ages",Seborrheic Keratoses
"Dry, red inflamed patches on my leg. gets noticeably worse in cold, dry weather. some mild discomfort.",Atopic Dermatitis
"I've had a symmetric mole with a smooth, even border on my face for some time. rough and flaky. no discomfort whatsoever.",Melanocytic Nevi
"There's a waxy, 'stuck-on' looking growth that appears pasted onto the skin surface on my shoulder with sharp, well-defined, stuck-on looking edges, and dry and scaly.",Seborrheic Keratoses
"I have a thin, thread-like skin tag growing on my eyelid on my forearm. hard and firm to the touch. it hasn't changed much. some mild discomfort.",Viral Infections
A reddish-brown rash on my arm. it showed up recently. occasional mild itching.,Fungal Infections
I noticed an inflamed patch on my scalp. rough and flaky. it showed up recently.,Viral Infections
I have a scaly area on my chest. dry and rough to the touch. it showed up recently. no discomfort unless I scratch it.,Seborrheic Keratoses
I've had no significant pain for a while now. There's a skin lesion near my knee with somewhat defined edges.,Basal Cell Carcinoma
"I developed a soft, dome-shaped mole that's been stable for as long as I can remember on my neck that comes with occasional mild itching.",Melanocytic Nevi
"Weird a skin lesion on my shoulder, dry and scaly, no clue what it is",Basal Cell Carcinoma
I have a scaly spot that's tender when I rub it firmly on my chest.,Benign Keratosis-like Lesions
"I have no real pain, along with blistering skin that bursts and leaves raw, wet patches on my wrists with fuzzy borders.",Eczema
"A rough patch on my shoulder, mild irritation, been there ages",Benign Keratosis-like Lesions
A pigmented spot showed up on my face a while back.,Melanocytic Nevi
I'm not sure what a scaly area near my knee is -- dry and scaly and mild irritation.,Viral Infections
"Got a scaly area on my scalp and gets noticeably worse in cold, dry weather",Atopic Dermatitis
"The skin on my arm has changed. There's a flat, pink-red scaly patch with a gritty texture on my sun-exposed skin now. rough and gritty like sandpaper. it showed up recently.",Benign Keratosis-like Lesions
"Something near my knee looks like a mole with multiple colors -- brown, black, red, and even some pale areas and it's been there for a while",Melanoma
"There's a mole with an uneven, asymmetrical shape on my back with somewhat defined edges. partly flat and partly raised within the same spot. some mild discomfort.",Melanoma
I have a bump that keeps bleeding even after a very minor bump or scrape on my cheek. dry and rough to the touch. it hasn't changed much. no real pain.,Basal Cell Carcinoma
I notice mild irritation when my clothes rub against it. There's a growth that bleeds on my forearm.,Melanoma
I've noticed a dark brown spot near my elbow lately.,Melanocytic Nevi
"There's a raised, warty growth on my face -- dry and scaly -- that has stayed about the same size for weeks.",Viral Infections
I have a hard lump with visible black specks that look like seeds on my shoulder with rough-feeling in that spot.,Viral Infections
Something on my hands looks like patches on the extensor surface -- the outside of my elbows and knees and it came on gradually,Psoriasis Lichen Planus
A red patch on my face. slightly raised and uneven.,Melanoma
A mole that has been visibly growing and changing over the past few months showed up on my shoulder and it's been there for a while,Melanoma
I have an inflamed patch near my elbow. dry and rough to the touch. it showed up recently. no significant pain.,Benign Keratosis-like Lesions
"Red patches with silvery-white scales, on my arms, rough-feeling in that spot.",Psoriasis Lichen Planus
A discolored spot showed up on my cheeks a while back.,Atopic Dermatitis
I noticed a rough patch on my leg. flaky and thickened. it hasn't changed much.,Melanoma
My skin near my elbow is doing something weird -- a rough patch,Basal Cell Carcinoma
"When my clothes rub against it, no pain, just occasional mild itching if clothing rubs it and a waxy, 'stuck-on' looking growth that appears pasted onto the skin surface on my trunk appear.",Seborrheic Keratoses
There's a patch on my neck. It looks like an inflamed patch. dry and scaly. it showed up recently.,Melanocytic Nevi
"My skin on the inside of my elbows is doing something weird -- cracked, dry skin that stings",Eczema
"A brown to dark brown raised plaque with a greasy, waxy feel showed up on my face and grew alongside several similar spots in the same area",Seborrheic Keratoses
A reddish mark on my scalp flares when I sweat.,Atopic Dermatitis
"The skin on my feet shows dry, itchy patches that have been recurring since childhood, and I've been dealing with some mild discomfort.",Atopic Dermatitis
"Scaly red patches, on my shins, dry and rough to the touch.",Psoriasis Lichen Planus
I've got a bump that keeps bleeding even after a very minor bump or scrape on my cheek -- flaky and thickened -- and no real pain,Basal Cell Carcinoma
I've got a slightly raised rough patch that bleeds lightly when I scratch it on my feet -- rough-feeling in that spot -- and no significant pain,Benign Keratosis-like Lesions
I've noticed a skin lesion on my back lately.,Melanoma
I've had a scaly area on my feet for some time. even and smooth to the touch. no discomfort whatsoever.,Melanocytic Nevi
I've had an open sore that won't fully heal on my nose for some time. dry and scaly. occasional mild itching.,Basal Cell Carcinoma
"I've had a flat, slightly rough patch darker than the surrounding skin on my leg for some time. feels dry and crusty when I run my finger over it. no real pain.",Benign Keratosis-like Lesions
"I've noticed some mild discomfort and there's a spot with jagged, notched, irregular borders on my forearm. with fuzzy borders. it's been there for several weeks.",Melanoma
"So on my scalp there's a pink bump with a sunken center, and no significant pain",Basal Cell Carcinoma
I've noticed mild itching and there's an inflamed patch on my back. with irregular edges. it's been there for several weeks.,Eczema
"There's a pink growth with a slightly sunken, crater-like center on my scalp with translucent, blurry borders, and rough-feeling in that spot.",Basal Cell Carcinoma
"The skin near my elbow shows a red patch, and I've been dealing with intense itching that wakes me up at night.",Atopic Dermatitis
I have a reddish mark around my eyes and honestly it's been there for several weeks,Atopic Dermatitis
"I've noticed no real pain, just occasional bleeding after a minor bump and there's a waxy, scar-like area on my cheek. with translucent, blurry borders. it hasn't changed much.",Basal Cell Carcinoma
"I've had a hard, rough-surfaced growth on my neck that showed up suddenly and multiplied into several bumps.",Viral Infections
A red patch appeared on my back a while ago. with fuzzy borders. dry and rough to the touch. it came on gradually.,Seborrheic Keratoses
"A reddish mark, on my leg, flaky and thickened.",Atopic Dermatitis
On my shoulder: a rough patch. it came on gradually.,Basal Cell Carcinoma
I developed a mole with several colors mixed in on my arm that comes with no significant pain.,Melanoma
Should I be worried about an inflamed patch on my scalp? rough and flaky. it hasn't changed much.,Seborrheic Keratoses
"Red, inflamed areas on my arm. flaky and thickened.",Atopic Dermatitis
"There's scaly, irritated skin on my scalp, flaky and thickened, not sure what it is",Atopic Dermatitis
I'm not sure what a reddish-brown rash on my toenail is -- soft and macerated where skin touches skin and burning between my toes.,Fungal Infections
"When I sweat, I get dry, itchy patches that have been recurring since childhood around my eyes.",Atopic Dermatitis
I have thick red raised plaques on my leg and honestly it hasn't changed much,Psoriasis Lichen Planus
"Lately I've had a mole with multiple colors -- brown, black, red, and even some pale areas on my leg that comes with no significant pain.",Melanoma
I have plaques appearing exactly where my skin was scratched or injured on my scalp with somewhat defined edges.,Psoriasis Lichen Planus
I have pinpoint bleeding spots when the scale is removed near my elbow and honestly it showed up recently,Psoriasis Lichen Planus
"There's a pigmented spot on my chest, rough and flaky, not sure what it is",Melanoma
"I have painful when I put weight on it, and there's a reddish mark near my knee.",Viral Infections
"There's a small, round, evenly colored brown spot on my face -- dry and rough to the touch -- and some mild discomfort.",Melanocytic Nevi
Got a red patch on my feet and it hasn't changed much,Psoriasis Lichen Planus
Thick silvery-white scales that flake off in sheets on my elbows and knees. occasional mild itching.,Psoriasis Lichen Planus
"There's thickened, leathery patches on the back of my hands with indistinct, gradually fading edges, and dry and cracked to the touch.",Atopic Dermatitis
"So I've got athlete's foot causing cracked, peeling, white skin between my toes on my feet, with a stinging feeling especially after sweating",Fungal Infections
"Red, inflamed areas, on my face, rough-feeling in that spot.",Eczema
"When my clothes rub against it, a pink bump with a sunken center on my ear gets worse.",Basal Cell Carcinoma
"I have a raised, warty growth on my neck with dry and scaly.",Viral Infections
"I have some mild discomfort, and there's an inflamed patch on my wrists.",Atopic Dermatitis
I've noticed a growth that looks like it could be lifted off with a fingernail on my back lately.,Seborrheic Keratoses
I developed a skin lesion on my neck that comes with no significant pain.,Seborrheic Keratoses
The skin on my scalp has changed. There's a scaly spot that's tender when I rub it firmly now. feels tender when pressed. keeps coming back in the same spot after it peels off.,Benign Keratosis-like Lesions
"So I've got a pigmented spot on my back, with no significant pain",Melanoma
A pink bump with a sunken center on my chest. with irregular edges.,Basal Cell Carcinoma
"I'm not sure what cracked, peeling skin on my back is -- rough and flaky and burning between my toes.",Fungal Infections
"There's a mole with an asymmetrical, uneven shape -- one half doesn't match the other on my shoulder with irregular, notched, uneven borders. partly flat and partly raised within the same spot. occasional mild itching.",Melanoma
"I have mild irritation, along with a scaly area on my face with fuzzy borders.",Melanocytic Nevi
"There's a dry patch between my toes, and mild itching.",Fungal Infections
"A flat, pink-red scaly patch with a gritty texture on my sun-exposed skin near my elbow, no significant pain, been there ages",Benign Keratosis-like Lesions
"Something showed up on my forehead. It's a waxy, scar-like flat patch with an indistinct border with somewhat defined edges. flaky and thickened. mild irritation.",Basal Cell Carcinoma
A red patch on my feet. feels dry and scaly to the touch.,Atopic Dermatitis
An inflamed patch on my fingers. with fuzzy borders.,Eczema
Should I be worried about a red patch on my chest? rough and flaky. it showed up recently.,Basal Cell Carcinoma
"I've noticed no real pain and there's a brown to dark brown raised plaque with a greasy, waxy feel on my neck. with sharp, well-defined, stuck-on looking edges. it showed up recently.",Seborrheic Keratoses
On my arm: a tan to dark brown growth that looks thicker and greasier than a normal mole. it showed up recently.,Seborrheic Keratoses
"A brown to dark brown raised plaque with a greasy, waxy feel showed up on my scalp a while back.",Seborrheic Keratoses
I've had mild irritation for a while now. There's patches that ooze clear fluid when I scratch on my wrist with irregular edges.,Eczema
"I have a reddish-brown patch that gets worse in hot, humid weather on my neck with fuzzy borders.",Fungal Infections
"I've had patches with blurry, ill-defined edges that spread gradually behind my knees that it showed up recently.",Eczema
"I have itchy and irritated, and there's scaly red patches inside my mouth.",Psoriasis Lichen Planus
I'm noticing a discolored spot on my wrist.,Eczema
"It started changing after a lot of sun exposure, I get a dark spot that's been changing on my shoulder.",Melanoma
A rough patch showed up on my feet a while back.,Benign Keratosis-like Lesions
"Skin that leaks clear fluid after scratching on my wrists, constant urge to scratch that never really goes away.",Atopic Dermatitis
"Athlete's foot causing cracked, peeling, white skin between my toes on my leg flares when the weather changes.",Fungal Infections
"It started changing after a lot of sun exposure, no significant pain and a mole that started bleeding on its own without any injury on my wrist appear.",Melanoma
"A small, dry, crusty spot on my lower lip, mild itching, been there ages",Benign Keratosis-like Lesions
"On my feet: a raised bump. gets noticeably worse in cold, dry weather.",Atopic Dermatitis
"My skin on my neck has been off. a mole with multiple colors -- brown, black, red, and even some pale areas. flaky and thickened. mild irritation.",Melanoma
"I have a pink growth with a slightly sunken, crater-like center on my nose. the center feels soft and tends to crust over. it came on gradually. occasional mild itching.",Basal Cell Carcinoma
Patches on the extensor surface -- the outside of my elbows and knees on my elbows and knees. occasional mild soreness.,Psoriasis Lichen Planus
"A slightly raised rough patch that bleeds lightly when I scratch it, on my hands, dry and rough to the touch.",Benign Keratosis-like Lesions
I'm not sure what scaly red patches on my wrists is -- flaky and thickened and occasional mild soreness.,Psoriasis Lichen Planus
"There's a red patch on my wrist, dry and scaly, not sure what it is",Viral Infections
I've got a pink bump with a sunken center on my wrist -- rough-feeling in that spot -- and no real pain,Basal Cell Carcinoma
"I've been watching a small, dry, crusty spot on my bald scalp and keeps coming back in the same spot after it peels off. no real pain.",Benign Keratosis-like Lesions
I've got a mole that has been visibly growing and changing over the past few months on my shoulder -- rough and flaky -- and no real pain,Melanoma
"I have no real pain, just occasional bleeding after a minor bump, and there's a waxy, scar-like flat patch with an indistinct border on my nose.",Basal Cell Carcinoma
It started as a ring-shaped rash with a raised scaly outer border and clearer skin in the middle on my face. Now dry and rough to the touch. it's been there for a while.,Fungal Infections
"I've had an inflamed patch on my leg for a while, with some mild discomfort.",Psoriasis Lichen Planus
"On my forearms: a dry, crusty spot on a sun-damaged area that keeps peeling off and returning. seems to be slowly getting larger.",Benign Keratosis-like Lesions
"So on my lower back there's dry, scaly skin, and occasional mild itching",Psoriasis Lichen Planus
"There's itchy red patches on my face, and no significant pain.",Eczema
"I noticed a mole that started bleeding on its own without any injury on my feet, along with occasional mild itching.",Melanoma
There's an inflamed patch near my elbow with irregular edges. rough and flaky. no real pain.,Benign Keratosis-like Lesions
There's a patch on my back. It looks like a scaly area. waxy and slightly greasy to the touch. grew alongside several similar spots in the same area.,Seborrheic Keratoses
"I'm not sure what a raised, well-defined bump on the sole of my foot is -- flaky and thickened and no real pain.",Viral Infections
I've been watching red to brownish-gray patches on my eyelids and it's been there for several weeks. a burning feeling when I sweat.,Eczema
"The skin on my back has changed. There's a scaly, reddish-pink patch now. flaky and thickened. keeps coming back in the same spot after it peels off.",Benign Keratosis-like Lesions
"I'm not sure what cracked, dry skin on my forearm is -- flaky and thickened and occasional mild itching.",Atopic Dermatitis
Got a raised bump on my chest and it hasn't changed much,Eczema
A plantar wart on my heel that hurts when I walk showed up near my knee and it's been there for a while,Viral Infections
"Occasional mild itching -- a mole with an asymmetrical, uneven shape -- one half doesn't match the other on my scalp.",Melanoma
"The skin on my leg has changed. There's a symmetric mole with a smooth, even border now. rough and flaky. it's been there for a while.",Melanocytic Nevi
"There's a reddish-brown rash on my feet with a clearly raised, scaly outer edge. rough and flaky. occasional mild itching.",Fungal Infections
"There's a smooth, pearly bump with a small dimple in the center around my eyes with somewhat defined edges, and flaky and thickened.",Viral Infections
A pigmented spot on my shoulder. with jagged edges that look ragged.,Melanoma
Something doesn't look right on my leg: a dry patch with fuzzy borders. flaky and thickened.,Viral Infections
"I have occasional mild itching, and there's a dry, crusty spot on a sun-damaged area that keeps peeling off and returning on my back.",Benign Keratosis-like Lesions
I've had bumps with a fine white lacy pattern on the surface on my wrist for some time. rough-feeling in that spot. mild irritation.,Psoriasis Lichen Planus
"So I've got skin prone to frequent infections from all the scratching on my shoulder, with some mild discomfort",Atopic Dermatitis
There's a skin lesion on my wrist -- dry and rough to the touch -- that it showed up recently.,Viral Infections
"So on my forearm there's dry, itchy patches that have been recurring since childhood, and mild irritation",Atopic Dermatitis
There's a discolored spot on my feet -- dry and rough to the touch -- and mild discomfort when I press on it.,Viral Infections
A dry patch on my face. feels different from my other moles.,Melanoma
"I have a red patch on my chest, and flaky and thickened.",Benign Keratosis-like Lesions
"I noticed patches on the extensor surface -- the outside of my elbows and knees on my back, along with no real pain.",Psoriasis Lichen Planus
"I've got a small, dry, crusty spot on my feet -- rough and flaky -- and occasional mild itching",Benign Keratosis-like Lesions
"No real pain, but it bleeds a little sometimes -- a mole that has been visibly growing and changing over the past few months on my shoulder.",Melanoma
There's patches on the extensor surface -- the outside of my elbows and knees on my shoulder -- feels rough and raised -- that has persisted for a long time without clearing.,Psoriasis Lichen Planus
Something's going on on my shoulder. It's a reddish mark. dry and scaly. no itching or pain at all.,Melanocytic Nevi
I've had an inflamed patch on my back that it showed up recently.,Eczema
I'm not sure what a red patch on my leg is -- rough and flaky and mild itching.,Benign Keratosis-like Lesions
A dry patch on my shoulder flares when the weather changes.,Melanoma
Something doesn't look right on my eyelids: small fluid-filled bumps with somewhat defined edges. flaky and thickened.,Eczema
I have an itch that triggers before any visible rash appears on my neck.,Atopic Dermatitis
"Got a dry, crusty spot on a sun-damaged area that keeps peeling off and returning on my forearms and it hasn't changed much",Benign Keratosis-like Lesions
I have a pink bump with a sunken center on my scalp.,Basal Cell Carcinoma
I've noticed some mild discomfort and there's a ring-shaped rash with a raised scaly outer border and clearer skin in the middle on my neck. with fuzzy borders. hasn't cleared up even after several weeks.,Fungal Infections
A mole that has been visibly growing and changing over the past few months near my knee. slightly raised and uneven.,Melanoma
"Something doesn't look right on my scalp: a rough patch with very sharply defined, distinct edges. flaky and rough.",Psoriasis Lichen Planus
I have a raised bump on my cheek with the center feels soft and tends to crust over.,Basal Cell Carcinoma
Something doesn't look right on my hands: a dry patch with somewhat defined edges. feels rough and raised.,Psoriasis Lichen Planus
My skin on my fingers is doing something weird -- small fluid-filled bumps,Eczema
"It started as a smooth, pearly bump with a small dimple in the center on my chest. Now rough like sandpaper on the surface. it hasn't changed much.",Viral Infections
"Something showed up on my scalp. It's thickened, leathery patches with poorly defined edges. rough-feeling in that spot. no real pain.",Atopic Dermatitis
I have a dry patch on my leg and honestly it came on gradually,Melanoma
"So I've got a discolored spot on my scalp, with mild irritation but nothing painful",Basal Cell Carcinoma
I've had a dry patch on my face that it came on gradually.,Benign Keratosis-like Lesions
Should I be worried about a dry patch on my arm? dry and rough to the touch. hasn't healed in over two months despite repeated scabbing.,Basal Cell Carcinoma
I've noticed an inflamed patch on my leg lately.,Viral Infections
"Weird a dry patch on my scalp, flaky and thickened, no clue what it is",Melanoma
"I have a raised bump on my face, and dry and scaly.",Basal Cell Carcinoma
A discolored spot around my eyes. with somewhat defined edges.,Atopic Dermatitis
Should I be worried about itchy red patches on my wrists? rough-feeling in that spot. it hasn't changed much.,Eczema
I noticed a scaly spot that's tender when I rub it firmly near my elbow. dry and scaly. keeps coming back in the same spot after it peels off.,Benign Keratosis-like Lesions
"I noticed a warty, barnacle-like bump with a rough, pitted surface on my chest, along with no pain, just occasional mild itching if clothing rubs it.",Seborrheic Keratoses
Got bumps with a fine white lacy pattern on the surface on my wrists and it's been there for several weeks,Psoriasis Lichen Planus
"So near my knee there's red, inflamed areas, and some mild discomfort",Eczema
"I've noticed a hard, rough-surfaced growth on my back lately.",Viral Infections
"Something showed up on my scalp. It's a thick, yellowed, crumbly nail that's lifting off the nail bed with irregular edges. rough around the border, softer in the center. no real pain.",Fungal Infections
"I've got a flat, pink-red scaly patch with a gritty texture on my sun-exposed skin on my leg.",Benign Keratosis-like Lesions
"A mole with an uneven, asymmetrical shape on my hands. started as a small mole and has grown noticeably bigger. no real pain, but it bleeds a little sometimes.",Melanoma
I'm concerned about a flat-topped warty bump that keeps multiplying on my chest that it's been there for a while -- mild irritation.,Viral Infections
I've had mild irritation for a while now. There's an inflamed patch on my chest with fuzzy borders.,Benign Keratosis-like Lesions
"My skin on my stomach has been off. a small, uniform dark brown spot with no irregular areas. rough-feeling in that spot. no real pain.",Melanocytic Nevi
"I have a dark brown spot on my chest, and rough-feeling in that spot.",Melanoma
There's a reddish mark near my knee -- rough and thickened from scratching -- and no real pain.,Atopic Dermatitis
"So near my elbow there's a thick, yellowed, crumbly nail that's lifting off the nail bed, and occasional mild itching",Fungal Infections
"There's sharply defined plaques with very clear, distinct edges on my forearm, flaky and rough, not sure what it is",Psoriasis Lichen Planus
"There's small circular bald patches on my scalp on my arm with a well-defined ring-shaped border, and soft and macerated where skin touches skin.",Fungal Infections
There's a reddish mark on my ear with somewhat defined edges. dry and rough to the touch. occasional mild itching.,Basal Cell Carcinoma
"I have scaly, irritated skin on my shoulder with dry and rough to the touch.",Atopic Dermatitis
"There's an inflamed patch on the back of my hands, and occasional itching.",Benign Keratosis-like Lesions
I have a reddish mark on my wrist with fuzzy borders.,Benign Keratosis-like Lesions
"I noticed a raised, warty growth near my elbow, along with no pain at all, just an odd texture.",Viral Infections
"I've noticed no significant pain and there's a small, shiny, pearly bump on my forearm. with irregular edges. keeps bleeding, scabbing over, and then reopening.",Basal Cell Carcinoma
I've been watching a scaly area on the back of my hands and it hasn't changed much. no real pain.,Benign Keratosis-like Lesions
I'm noticing an inflamed patch on my hands.,Viral Infections
"I've had a raised, well-defined bump on the sole of my foot for a while, with no pain at all, just an odd texture.",Viral Infections
"Cracked, peeling skin showed up on my fingernail a while back.",Fungal Infections
"An inflamed patch, on my face, dry and scaly.",Fungal Infections
"I'm not sure what a rough, sandpaper-like patch that feels much rougher than it looks on my neck is -- rough-feeling in that spot and occasional mild itching.",Benign Keratosis-like Lesions
I have a dry patch near my knee.,Viral Infections
"There's a waxy, 'stuck-on' looking growth that appears pasted onto the skin surface on my face.",Seborrheic Keratoses
I've been watching a small rough bump near my knee and it showed up recently. no significant pain.,Viral Infections
A red patch on my feet. it's been there for a while. mild irritation.,Viral Infections
"I'm noticing an open sore that bleeds, scabs over, and then reopens a few weeks later on my face.",Basal Cell Carcinoma
A rough patch on my hands. with somewhat defined edges.,Basal Cell Carcinoma
"Got a red patch on my neck, dry and rough to the touch",Melanoma
"There's plaques appearing exactly where my skin was scratched or injured on my arm, dry and scaly, not sure what it is",Psoriasis Lichen Planus
"I've noticed no significant pain and there's a cluster of small flesh-colored bumps on my back. with a rough, uneven surface and irregular edges. it's been there for a while.",Viral Infections
"Something's going on on my back. It's sharply defined, scaly plaques. feels rough and raised. no real pain.",Psoriasis Lichen Planus
Mild itching -- a red patch near my elbow.,Basal Cell Carcinoma
Got an inflamed patch on my forearm and it came on gradually,Seborrheic Keratoses
"I have a small, uniform dark brown spot with no irregular areas on my forearm, and even and smooth to the touch.",Melanocytic Nevi
On my scalp: small flat-topped shiny purplish bumps. has persisted for a long time without clearing.,Psoriasis Lichen Planus
"Weird a discolored spot on my leg, rough-feeling in that spot, no clue what it is",Eczema
"When I sweat, I get a waxy, 'stuck-on' looking growth that appears pasted onto the skin surface on my shoulder.",Seborrheic Keratoses
I developed plaques appearing exactly where my skin was scratched or injured near my elbow that comes with no real pain.,Psoriasis Lichen Planus
"I'm worried about a flat, pink-red scaly patch with a gritty texture on my sun-exposed skin on my leg because it showed up recently.",Benign Keratosis-like Lesions
"I noticed cracked, dry skin on my shoulder. dry and rough to the touch. it hasn't changed much.",Atopic Dermatitis
"I noticed an open sore that won't fully heal on my shoulder, along with no significant pain.",Basal Cell Carcinoma
"Something on my leg looks like a small, uniform dark brown spot with no irregular areas and it came on gradually",Melanocytic Nevi
Should I be worried about a skin lesion on my stomach? flaky and thickened. stays exactly the same.,Melanocytic Nevi
"So on my chest there's a thin, thread-like skin tag growing on my eyelid, and mild itching",Viral Infections
"So I've got a raised bump on the back of my hands, with some mild discomfort",Benign Keratosis-like Lesions
I've had mild irritation for a while now. There's skin that leaks clear fluid after scratching near my knee with poorly defined edges.,Atopic Dermatitis
"I noticed a dry patch on my chest, along with no real pain.",Fungal Infections
"I noticed a reddish-brown patch that gets worse in hot, humid weather on the sole of my foot. rough-feeling in that spot. spread from one foot to the other.",Fungal Infections
Scaly red patches showed up on my feet a while back.,Psoriasis Lichen Planus
I've got a dry patch on my scalp -- flaky and thickened -- and some mild discomfort,Viral Infections
I developed a red patch on my scalp that comes with mild itching.,Atopic Dermatitis
"The skin near my knee has changed. There's a smooth, pearly bump with a small dimple in the center now. hard and firm to the touch. it showed up recently.",Viral Infections
"There's blistering skin that bursts and leaves raw, wet patches on my scalp, feels crusty and dry, not sure what it is",Eczema
"I developed cracked, peeling skin on my fingernail that comes with no real pain.",Fungal Infections
"It started as patches with blurry, ill-defined edges that spread gradually on my wrists. Now rough-feeling in that spot. it's been there for a while.",Eczema
I noticed patches that ooze and crust on my forearm. dry and rough to the touch. it showed up recently.,Eczema
"There's a dark brown spot on my leg, dry and rough to the touch, not sure what it is",Melanoma
"Patches with blurry, ill-defined edges that spread gradually on my arm. with irregular edges.",Eczema
I've had a reddish-brown rash between my toes for some time. rough and flaky. some mild discomfort.,Fungal Infections
"The skin on my forearm shows a mole that has been visibly growing and changing over the past few months, and I've been dealing with mild itching.",Melanoma
"I've noticed no real pain and there's a skin lesion on my chest. with smooth, perfectly regular borders. it hasn't changed much.",Melanocytic Nevi
"So I've got a dry patch on my shoulder, with occasional mild soreness",Psoriasis Lichen Planus
Lately I've had a rough-surfaced growth on my scalp that comes with some mild discomfort.,Benign Keratosis-like Lesions
"There's an inflamed patch on my chest, and some mild discomfort.",Basal Cell Carcinoma
I noticed a reddish-brown rash on my wrist. flaky and thickened. it came on gradually.,Fungal Infections
"I've had a reddish mark near my elbow for a while, with no pain, just a rough texture I can feel.",Benign Keratosis-like Lesions
No real pain -- a scaly area on my neck.,Basal Cell Carcinoma
Got a single-colored mole that looks exactly the same as it did years ago near my elbow and it's been there for several weeks,Melanocytic Nevi
The skin on my leg has changed. There's red patches with silvery-white scales now. rough and flaky. it hasn't changed much.,Psoriasis Lichen Planus
"There's a plantar wart on my heel that hurts when I walk on my leg, and no significant pain.",Viral Infections
Something doesn't look right near my knee: a rash that keeps expanding outward in a ring shape with fuzzy borders. rough-feeling in that spot.,Fungal Infections
"I have athlete's foot causing cracked, peeling, white skin between my toes near my knee and honestly hasn't cleared up even after several weeks",Fungal Infections
My skin on my feet has been off. patches that ooze and crust. rough and leathery feeling. constant urge to scratch.,Eczema
"I have skin that weeps and crusts over on my fingers, and dry and scaly.",Eczema
On my forearm: a reddish mark. stayed the same size for a long time but got darker recently.,Seborrheic Keratoses
"So on my scalp there's an inflamed patch, and some mild discomfort",Psoriasis Lichen Planus
I have a flat-topped warty bump that keeps multiplying on my scalp and honestly keeps spreading into a small cluster,Viral Infections
"Weird a circular scaly rash on my hands, rough-feeling in that spot, no clue what it is",Fungal Infections
"There's a scaly spot that's tender when I rub it firmly near my knee with ill-defined, gradual borders. rough-feeling in that spot. mild stinging or burning feeling.",Benign Keratosis-like Lesions
"Patches with blurry, ill-defined edges that spread gradually on my chest. mild irritation.",Eczema
Something on my face looks like a scaly area and it's been there for a while,Benign Keratosis-like Lesions
"A discolored spot on my chest, some mild discomfort, been there ages",Psoriasis Lichen Planus
"A growth that bleeds on my chest, mild itching, been there ages",Melanoma
On my leg: a discolored spot. it hasn't changed much.,Eczema
"When I sweat, a stinging sensation where the skin cracks at the edges and a red patch on my forearm appear.",Psoriasis Lichen Planus
I developed a rough patch on my chest that comes with no real pain.,Benign Keratosis-like Lesions
"When I sweat, I get symmetrical red patches on both sides of my body on my leg.",Atopic Dermatitis
I've been watching a scaly area on my back and it came on gradually. no significant pain.,Atopic Dermatitis
"I have a flat, pink-red scaly patch with a gritty texture on my sun-exposed skin on my ears with somewhat defined edges.",Benign Keratosis-like Lesions
"I have symmetrical red patches on both sides of my body on my wrist, and dry and cracked to the touch.",Atopic Dermatitis
It started as a pigmented spot near my knee. Now even and smooth to the touch. has looked exactly the same for years.,Melanocytic Nevi
"Got a skin lesion on my back, dry and scaly",Melanocytic Nevi
An inflamed patch showed up on my leg a while back.,Melanoma
I've noticed a skin lesion on my forearm lately.,Melanoma
"I have sharply defined, scaly plaques on my shoulder. rough-feeling in that spot. has lasted for months without going away. some mild discomfort.",Psoriasis Lichen Planus
"When I sweat, I get a waxy, scar-like flat patch with an indistinct border on my shoulder.",Basal Cell Carcinoma
I notice mild irritation when my clothes rub against it. There's plaques appearing exactly where my skin was scratched or injured on my shoulder.,Psoriasis Lichen Planus
"I noticed patches that ooze clear fluid when I scratch on my chest, along with occasional mild itching.",Eczema
I'm worried about a skin lesion on my scalp because it's been there for several weeks.,Melanocytic Nevi
It started as a small rough bump on my feet. Now rough and irregular. showed up suddenly and multiplied into several bumps.,Viral Infections
My skin on the back of my knuckles is doing something weird -- a small rough bump,Viral Infections
There's a discolored spot on my scalp.,Melanoma
"I notice no real pain when my clothes rub against it. There's white, scaly patches on my wrist.",Fungal Infections
A dark brown spot on my leg. mild itching.,Melanoma
I've noticed mild itching that worsens in humid weather and there's a ring-shaped rash with a raised border on my fingernail. with somewhat defined edges. it hasn't changed much.,Fungal Infections
"A dry patch, on my scalp, rough and flaky.",Basal Cell Carcinoma
"Something on my wrist looks like sharply defined plaques with very clear, distinct edges and it's been there for several weeks",Psoriasis Lichen Planus
"The skin on my back shows a scaly, reddish-pink patch, and I've been dealing with tenderness when I press on it.",Benign Keratosis-like Lesions
I notice mild discomfort when I press on it the cluster grew after I picked at it. There's an inflamed patch on my shoulder.,Viral Infections
Plaques appearing exactly where my skin was scratched or injured showed up on my feet and it's been there for several weeks,Psoriasis Lichen Planus
"After a skin injury or scratch, I get thick red raised plaques on my feet.",Psoriasis Lichen Planus
"Cracked, dry skin near my elbow, mild itching.",Atopic Dermatitis
"Near my elbow: a scaly, reddish-pink patch. it came on gradually.",Benign Keratosis-like Lesions
I'm worried about a hereditary skin condition -- my sibling has it too on my neck because it's been there for a while.,Atopic Dermatitis
"I have a thin, thread-like skin tag growing on my eyelid on my hands with flaky and thickened.",Viral Infections
I noticed skin that breaks open and oozes when it flares on my scalp. dry and scaly. it came on gradually.,Eczema
"When the weather changes, some mild discomfort and a discolored spot on my wrist appear.",Melanoma
"I have no real pain, along with scaly red patches on my scalp with irregular edges.",Psoriasis Lichen Planus
I'm worried about an inflamed patch on my forearm because it's been there for a while.,Basal Cell Carcinoma
"I'm not sure what a symmetric mole with a smooth, even border on my neck is -- rough-feeling in that spot and mild irritation.",Melanocytic Nevi
"I have a bump that keeps bleeding even after a very minor bump or scrape on my scalp, and dry and scaly.",Basal Cell Carcinoma
"I've had a thick, yellowed, crumbly nail that's lifting off the nail bed near my knee for some time. peeling and flaking. no significant pain.",Fungal Infections
"A rough, cauliflower-like bump with tiny black dots on the surface on my neck. rough-feeling in that spot.",Viral Infections
"When the weather changes, a raised bump on my forehead gets worse.",Basal Cell Carcinoma
"Lately I've had a waxy, 'stuck-on' looking growth that appears pasted onto the skin surface on my forearm that comes with some mild discomfort.",Seborrheic Keratoses
I noticed a dry patch on my hands. flaky and thickened. it hasn't changed much.,Atopic Dermatitis
"There's red, inflamed areas near my knee, dry and rough to the touch, not sure what it is",Atopic Dermatitis
I have a scaly area on my arm and honestly it came on gradually,Melanoma
"I'm worried about thickened, leathery patches on my wrists because it hasn't changed much.",Atopic Dermatitis
"I have bumps with a fine white lacy pattern on the surface on my arms, and covered in thick silvery scales.",Psoriasis Lichen Planus
"When I use scented products, mild itching and scaly, irritated skin on my hands appear.",Atopic Dermatitis
The skin on my feet has changed. There's plaques appearing exactly where my skin was scratched or injured now. dry and rough to the touch. it hasn't changed much.,Psoriasis Lichen Planus
"There's a dry, crusty spot on a sun-damaged area that keeps peeling off and returning on my forearms, and mild itching.",Benign Keratosis-like Lesions
I've noticed a red patch on my arm lately.,Fungal Infections
I've got a red patch on my neck -- rough-feeling in that spot -- and occasional mild itching,Atopic Dermatitis
"I have no pain, just occasional mild itching if clothing rubs it, along with a raised, well-defined bump on my leg with fuzzy borders.",Seborrheic Keratoses
"An inflamed patch, on my back, dry and cracked to the touch.",Eczema
There's a patch around my eyes. It looks like a hard lump with visible black specks that look like seeds. dry and scaly. has stayed about the same size for weeks.,Viral Infections
"There's a rough patch on my forearm with distinct, punched-out looking edges. dry and rough to the touch. no real pain.",Viral Infections
"There's a small, uniform dark brown spot with no irregular areas near my elbow with fuzzy borders, and smooth and flat against my skin.",Melanocytic Nevi
It started as scaly red patches on my elbows and knees. Now flaky and thickened. it's been there for a while.,Psoriasis Lichen Planus
An itch that triggers before any visible rash appears on my forearm. no real pain.,Atopic Dermatitis
"So I've got a raised bump on my hands, with mild itching",Seborrheic Keratoses
There's bumps with a fine white lacy pattern on the surface on my shins -- flaky when I run my hand over it -- that comes back in the same spots every few months.,Psoriasis Lichen Planus
A rash that keeps expanding outward in a ring shape on my scalp. dry and scaly.,Fungal Infections
"A soft, dome-shaped mole that's been stable for as long as I can remember on my chest, mild itching.",Melanocytic Nevi
"I've got a slightly raised, uniform-colored bump on my arm -- even and smooth to the touch -- and no significant pain",Melanocytic Nevi
I have a scaly area on my neck and honestly it showed up recently,Viral Infections
A scaly area on my neck flares when the weather changes.,Viral Infections
"There's a symmetric mole with a smooth, even border on my arm, rough-feeling in that spot, not sure what it is",Melanocytic Nevi
"A skin lesion, on my feet, flaky and thickened.",Atopic Dermatitis
A raised bump on my leg. with irregular edges.,Melanocytic Nevi
A flat-topped warty bump that keeps multiplying on my forearm. occasional mild itching.,Viral Infections
Got symmetrical red patches on both sides of my body on my scalp and keeps returning in the same spots year after year,Atopic Dermatitis
"I have red, ring-shaped scaly patches on my toenail with somewhat defined edges.",Fungal Infections
"Something's going on on my ears. It's a small, dry, crusty spot. dry and scaly. mild irritation.",Benign Keratosis-like Lesions
My skin on my shoulder is doing something weird -- a growth that looks like it could be lifted off with a fingernail,Seborrheic Keratoses
"When the weather changes, a symmetric mole with a smooth, even border near my elbow gets worse.",Melanocytic Nevi
I'm concerned about a discolored spot on my arm that showed up as small dots and then grew into larger plaques -- itchy and irritated.,Psoriasis Lichen Planus
I have a reddish mark near my elbow with dry and scaly.,Atopic Dermatitis
"I've had a discolored spot on my wrist for a while, with mild irritation.",Basal Cell Carcinoma
"I've got an open sore that bleeds, scabs over, and then reopens a few weeks later on my forehead.",Basal Cell Carcinoma
"A pink bump with a sunken center on my scalp, mild irritation.",Basal Cell Carcinoma
"There's red, ring-shaped scaly patches on my lower back.",Psoriasis Lichen Planus
I've had some mild discomfort for a while now. There's a red patch on my scalp with fuzzy borders.,Fungal Infections
My skin on my face is doing something weird -- a reddish mark,Melanocytic Nevi
I've got skin irritation triggered by a certain soap or fabric on my chest -- flaky and rough -- and occasional mild itching,Eczema
"Something's going on on my arm. It's a warty, barnacle-like bump with a rough, pitted surface. rough and flaky. occasional mild itching.",Seborrheic Keratoses
Got an inflamed patch on my back and it showed up recently,Atopic Dermatitis
I've had a dark brown spot on my leg that it hasn't changed much.,Melanocytic Nevi
"So I've got a red patch on my stomach, with no discomfort whatsoever",Melanocytic Nevi
"So on my hands there's a shiny, pearly bump with tiny visible blood vessels running through it, and occasional mild itching",Basal Cell Carcinoma
"I notice mild itching when my clothes rub against it. There's cracked, peeling skin on my hands.",Fungal Infections
I'm worried about a skin lesion on my chest because it came on gradually.,Seborrheic Keratoses
A growth that looks like it could be lifted off with a fingernail showed up on my neck and has been slowly growing thicker over several years,Seborrheic Keratoses
There's a red patch on my arm -- rough and thickened from scratching -- and mild itching.,Atopic Dermatitis
I developed plaques appearing exactly where my skin was scratched or injured inside my mouth that comes with no significant pain.,Psoriasis Lichen Planus
I've had a reddish mark near my knee that it hasn't changed much.,Melanoma
My skin on my shoulder is doing something weird -- a skin lesion,Atopic Dermatitis
"On my forearm: cracked, peeling skin. it came on gradually.",Fungal Infections
"There's a rough patch on my hands, rough and flaky, not sure what it is",Seborrheic Keratoses
"I'm not sure what a small, uniform dark brown spot with no irregular areas near my elbow is -- dry and rough to the touch and occasional mild itching.",Melanocytic Nevi
I noticed a raised bump on my trunk. waxy and slightly greasy to the touch. stayed the same size for a long time but got darker recently.,Seborrheic Keratoses
I've got a discolored spot on my back.,Viral Infections
"There's a warty, barnacle-like bump with a rough, pitted surface on my shoulder.",Seborrheic Keratoses
"A skin lesion on my leg, no significant pain.",Melanoma
I'm worried about scaly red patches on my hands because it hasn't changed much.,Eczema
I've been watching a dry patch near my knee and it showed up recently. no real pain.,Basal Cell Carcinoma
Skin prone to frequent infections from all the scratching appeared on my forearm a while ago. with fuzzy borders. rough and flaky. keeps returning in the same spots year after year.,Atopic Dermatitis
I've noticed mild discomfort when I press on it and there's a cluster of small flesh-colored bumps near my knee. with irregular edges. keeps spreading into a small cluster.,Viral Infections
There's a mole with several colors mixed in on my back.,Melanoma
"When the weather changes, I get a dry patch on my shins.",Psoriasis Lichen Planus
I'm concerned about a discolored spot on my wrist that keeps returning in the same spots year after year -- some mild discomfort.,Atopic Dermatitis
"I've noticed a thick, yellowed, crumbly nail that's lifting off the nail bed on my hands lately.",Fungal Infections
"In cold, dry weather, I get small rough bumps covering my upper arms and thighs near my elbow.",Atopic Dermatitis
Something on my neck looks like a rough-surfaced growth and it hasn't changed much,Seborrheic Keratoses
Lately I've had scaly red patches on my lower back that comes with no real pain.,Psoriasis Lichen Planus
"A rough, sandpaper-like patch that feels much rougher than it looks, on my lower lip, dry and rough to the touch.",Benign Keratosis-like Lesions
"A raised, well-defined bump on my shoulder. has been slowly growing thicker over several years. no real pain.",Seborrheic Keratoses
"There's a bump that keeps bleeding even after a very minor bump or scrape on my leg -- rough and flaky -- and no real pain, just occasional bleeding after a minor bump.",Basal Cell Carcinoma
"Got a raised bump on my forearm, flaky and thickened",Eczema
I've had mild itching for a while now. There's a red patch on my back with a clearly defined circular border.,Viral Infections
"The skin near my knee shows a tan to dark brown growth that looks thicker and greasier than a normal mole, and I've been dealing with occasional mild itching.",Seborrheic Keratoses
"Whenever I use a harsh soap or detergent, itchy and irritated and skin that breaks open and oozes when it flares on my back appear.",Eczema
There's a bump that keeps bleeding even after a very minor bump or scrape on my ear.,Basal Cell Carcinoma
"Something doesn't look right on my forearm: a pink growth with a slightly sunken, crater-like center with fuzzy borders. dry and scaly.",Basal Cell Carcinoma
I have a mole that has been visibly growing and changing over the past few months on my back and honestly it's been there for several weeks,Melanoma
"I noticed a rough patch between my toes, along with mild itching.",Fungal Infections
"Small rough bumps covering my upper arms and thighs on my shoulder, mild itching.",Atopic Dermatitis
"I have occasional mild itching, and there's small circular bald patches on my scalp on my shoulder.",Fungal Infections
"Something showed up on my neck. It's a small, shiny, pearly bump with an indistinct, difficult-to-define edge. the center feels soft and tends to crust over. no real pain.",Basal Cell Carcinoma
"So I've got a dry patch on my chest, with no real pain",Melanoma
"So I've got red, inflamed areas on my scalp, with mild itching",Eczema
A growth that bleeds showed up on my chest a while back.,Melanoma
Something's going on on my chest. It's skin that weeps and crusts over. rough-feeling in that spot. some mild discomfort.,Eczema
Something showed up near my knee. It's skin prone to frequent infections from all the scratching with fuzzy borders. dry and scaly. itching so bad it keeps me awake.,Atopic Dermatitis
I notice mild itching no triggers -- it's been the same in all seasons. There's a single-colored mole that looks exactly the same as it did years ago near my elbow.,Melanocytic Nevi
My skin on my back has been off. a skin lesion. flaky and thickened. mild irritation.,Basal Cell Carcinoma
"I'm noticing a mole with an asymmetrical, uneven shape -- one half doesn't match the other on my leg.",Melanoma
There's small circular bald patches on my scalp on my forearm with fuzzy borders. rough-feeling in that spot. some mild discomfort.,Fungal Infections
There's a skin lesion on my hands -- rough and flaky -- and no real pain.,Eczema
I've got a flat-topped warty bump that keeps multiplying on the sole of my foot -- smooth with a central dimple -- and painful when I put weight on it,Viral Infections
Something showed up on my feet. It's a rough patch with somewhat defined edges. dry and scaly. occasional mild itching.,Eczema
I've been watching patches on the extensor surface -- the outside of my elbows and knees on my face and it showed up recently. mild irritation.,Psoriasis Lichen Planus
A flat-topped warty bump that keeps multiplying on the sole of my foot. with fuzzy borders.,Viral Infections
I have a discolored spot on my shoulder.,Basal Cell Carcinoma
A rough patch on my wrist flares when my clothes rub against it.,Seborrheic Keratoses
Something showed up on my scalp. It's a dry patch with irregular edges. dry and rough to the touch. no significant pain.,Benign Keratosis-like Lesions
"So on my leg there's a discolored spot, and mild irritation",Melanoma
"I have no pain, just occasional mild itching if clothing rubs it, and there's a tan to dark brown growth that looks thicker and greasier than a normal mole on my shoulder.",Seborrheic Keratoses
There's a plantar wart on my heel that hurts when I walk on my back.,Viral Infections
I've been watching a reddish mark on my scalp and it hasn't changed much. mild irritation.,Melanocytic Nevi
I noticed skin irritation triggered by a certain soap or fabric on my forearm. rough-feeling in that spot. it's been there for a while.,Eczema
"There's dry, itchy patches that have been recurring since childhood on my feet with fuzzy borders. flaky and thickened. no significant pain.",Atopic Dermatitis
"I'm worried about a reddish mark on my leg because hasn't changed in size, shape, or color.",Melanocytic Nevi
"I've had no significant pain for a while now. There's a raised, well-defined bump on my neck with distinct, punched-out looking edges.",Viral Infections
"When the weather changes, occasional mild soreness and thick red raised plaques on my leg appear.",Psoriasis Lichen Planus
"I'm concerned about a flat, slightly rough patch darker than the surrounding skin on my back that it hasn't changed much -- tenderness when I press on it.",Benign Keratosis-like Lesions
"I've noticed some mild discomfort and there's a pink growth with a slightly sunken, crater-like center on my leg. with irregular edges. it showed up recently.",Basal Cell Carcinoma
"I've got white, scaly patches on my neck -- rough and flaky -- and a stinging feeling especially after sweating",Fungal Infections
"When my clothes rub against it, no discomfort whatsoever and a raised bump on my forearm appear.",Melanocytic Nevi
"So I've got a rough, sandpaper-like patch that feels much rougher than it looks on my forearms, with no real pain",Benign Keratosis-like Lesions
"I have no pain, just occasional mild itching if clothing rubs it, along with a raised, well-defined bump on my face with distinct, punched-out looking edges.",Seborrheic Keratoses
"My skin on my feet is doing something weird -- a shiny, pearly bump with tiny visible blood vessels running through it",Basal Cell Carcinoma
"So on my scalp there's a mole that started bleeding on its own without any injury, and no significant pain",Melanoma
"I've had a tan to dark brown growth that looks thicker and greasier than a normal mole on my neck for a while, with mild itching.",Seborrheic Keratoses
"A warty, barnacle-like bump with a rough, pitted surface showed up on my wrist and stayed the same size for a long time but got darker recently",Seborrheic Keratoses
There's a reddish mark on my feet -- dry and scaly -- that it showed up recently.,Melanocytic Nevi
"When I sweat, an inflamed patch on my wrist gets worse.",Seborrheic Keratoses
I notice tenderness when I press on it when my clothes rub against it. There's a slightly raised rough patch that bleeds lightly when I scratch it on the back of my hands.,Benign Keratosis-like Lesions
"I have no significant pain, and there's pinpoint bleeding spots when the scale is removed on my face.",Psoriasis Lichen Planus
"The skin near my elbow shows white, scaly patches, and I've been dealing with mild itching.",Fungal Infections
A rough-surfaced growth on my shoulder flares when my clothes rub against it.,Seborrheic Keratoses
"Something's going on on my hands. It's a raised, well-defined bump. dry and scaly. no real pain.",Viral Infections
Something doesn't look right on my feet: a scaly spot that's tender when I rub it firmly with fuzzy borders. rough and flaky.,Benign Keratosis-like Lesions
There's a skin lesion on my arm -- rough and flaky -- and some mild discomfort.,Viral Infections
I developed a red patch on my forearm that comes with some mild discomfort.,Psoriasis Lichen Planus
"A flat-topped warty bump that keeps multiplying on my forearm. with distinct, punched-out looking edges.",Viral Infections
I've had a rough patch on my leg for some time. partly flat and partly raised within the same spot. no significant pain.,Melanoma
"Should I be worried about a small, shiny, pearly bump on my scalp? the center feels soft and tends to crust over. it showed up recently.",Basal Cell Carcinoma
"There's a small, shiny, pearly bump on my nose -- rough-feeling in that spot -- and some mild discomfort.",Basal Cell Carcinoma
I'm worried about a ring-shaped rash with a raised border on my neck because it came on gradually.,Fungal Infections
A skin lesion on my hands. dry and scaly.,Benign Keratosis-like Lesions
"A small rough bump on my forearm, painful when I put weight on it, been there ages",Viral Infections
"Something showed up on my feet. It's red, inflamed areas with irregular edges. dry and scaly. some mild discomfort.",Eczema
"There's a raised bump on my scalp, and occasional mild itching.",Melanocytic Nevi
It started as an inflamed patch on my scalp. Now feels different from my other moles. it came on gradually.,Melanoma
A skin lesion on my forearm. it's been there for several weeks. no real pain.,Basal Cell Carcinoma
I've got an itch that triggers before any visible rash appears near my knee.,Atopic Dermatitis
"There's a patch on my scalp. It looks like patches with blurry, ill-defined edges that spread gradually. flaky and thickened. it's been there for a while.",Eczema
I have a rough-surfaced growth on my chest. flaky and thickened. it hasn't changed much. occasional mild itching.,Benign Keratosis-like Lesions
There's a ring-shaped rash with a raised border on my scalp with irregular edges. dry and scaly. intense itching and burning.,Fungal Infections
"I've had a dry patch on my toenail for some time. rough around the border, softer in the center. occasional mild itching.",Fungal Infections
There's a single-colored mole that looks exactly the same as it did years ago on my scalp -- rough and flaky -- that has looked exactly the same for years.,Melanocytic Nevi
"When my clothes rub against it, occasional mild itching and a scaly area on my forearm appear.",Melanocytic Nevi
There's skin that leaks clear fluid after scratching on my scalp with poorly defined edges. the skin there is leathery and thick. intense itching that wakes me up at night.,Atopic Dermatitis
Something on my face looks like patches that ooze clear fluid when I scratch and it's been there for several weeks,Eczema
"There's a smooth, symmetric mole on my shoulder.",Melanocytic Nevi
"Something's going on on my face. It's a waxy, scar-like flat patch with an indistinct border. smooth and shiny on the surface. mild irritation.",Basal Cell Carcinoma
"There's a patch on my forearm. It looks like dry, scaly skin. flaky when I run my hand over it. it hasn't changed much.",Psoriasis Lichen Planus
Something showed up on my chest. It's a tan to dark brown growth that looks thicker and greasier than a normal mole with fuzzy borders. dry and scaly. no real pain.,Seborrheic Keratoses
"So I've got a single-colored mole that looks exactly the same as it did years ago on my feet, with nothing unusual, it's just always been there",Melanocytic Nevi
"I've noticed occasional mild soreness and there's small flat-topped shiny purplish bumps on my wrists. with very sharply defined, distinct edges. it hasn't changed much.",Psoriasis Lichen Planus
I'm noticing a tan to dark brown growth that looks thicker and greasier than a normal mole on my chest.,Seborrheic Keratoses
I have a pigmented spot on my shoulder with irregular edges.,Melanoma
I've noticed a red patch on my forearm lately.,Benign Keratosis-like Lesions
"There's a scaly, reddish-pink patch on my ears, rough and gritty like sandpaper, not sure what it is",Benign Keratosis-like Lesions
"There's a pink growth with a slightly sunken, crater-like center near my elbow, and mild irritation.",Basal Cell Carcinoma
"I've been watching a flat, slightly rough patch darker than the surrounding skin on my leg and it came on gradually. occasional mild itching.",Benign Keratosis-like Lesions
"So I've got a reddish mark on my shoulder, with occasional itching around the bump",Viral Infections
"I'm concerned about dry, itchy patches that have been recurring since childhood on my back that it hasn't changed much -- no real pain.",Atopic Dermatitis
"There's a patch on my scalp. It looks like a flat, slightly rough patch darker than the surrounding skin. rough and flaky. has been there for months without healing completely.",Benign Keratosis-like Lesions
"I have a skin lesion near my elbow, and flaky and rough.",Eczema
"I have a ring-shaped rash with a raised scaly outer border and clearer skin in the middle near my knee, and rough-feeling in that spot.",Fungal Infections
"So on my hands there's a ring-shaped rash with a raised border, and mild itching that worsens in humid weather",Fungal Infections
"I notice some mild discomfort when the weather changes. There's a waxy, scar-like flat patch with an indistinct border on my forehead.",Basal Cell Carcinoma
I have a rough patch on my ears. dry and rough to the touch. it showed up recently. tenderness when I press on it.,Benign Keratosis-like Lesions
I've had patches on the extensor surface -- the outside of my elbows and knees near my elbow for some time. flaky when I run my hand over it. a stinging sensation where the skin cracks at the edges.,Psoriasis Lichen Planus
A scaly area appeared on my cheek a while ago. with fuzzy borders. the center feels soft and tends to crust over. the scab keeps falling off and the raw area underneath comes back.,Basal Cell Carcinoma
"I've had no discomfort, it just won't go away for a while now. There's a flat, reddish, scaly patch on my chest with somewhat defined edges.",Basal Cell Carcinoma
"Mild itching -- cracked, peeling skin on my toenail.",Fungal Infections
I developed a reddish mark on my leg that comes with mild itching.,Melanoma
"I noticed raw, inflamed skin on my forearm, along with intense itching that gets worse at night.",Eczema
A cluster of small flesh-colored bumps showed up on my hands and grew slowly over several months,Viral Infections
"A scaly area on my forearm, occasional mild itching.",Basal Cell Carcinoma
There's a rough patch on my hands -- dry and cracked to the touch -- and no real pain.,Atopic Dermatitis
"I'm concerned about a flat, slightly rough patch darker than the surrounding skin on my shoulder that it came on gradually -- occasional mild itching.",Benign Keratosis-like Lesions
"So on my neck there's an inflamed patch, and no significant pain",Benign Keratosis-like Lesions
"A rough patch on my face, no pain at all, just an odd texture.",Viral Infections
There's an inflamed patch on my arm with somewhat defined edges. dry and rough to the touch. some mild discomfort.,Viral Infections
"There's patches with blurry, ill-defined edges that spread gradually on my wrist with somewhat defined edges. rough-feeling in that spot. mild irritation.",Eczema
A dry patch on my scalp flares when my clothes rub against it.,Benign Keratosis-like Lesions
Something doesn't look right on my wrist: a raised bump with fuzzy borders. dry and rough to the touch.,Melanocytic Nevi
"I have a rough, sandpaper-like patch that feels much rougher than it looks on my bald scalp with fuzzy borders.",Benign Keratosis-like Lesions
I've got a mole that has been visibly growing and changing over the past few months on my leg -- dry and scaly -- and mild irritation,Melanoma
"The skin on my back has changed. There's a waxy, stuck-on looking growth now. dry and rough to the touch. it came on gradually.",Seborrheic Keratoses
"When the weather changes, I get a scaly, reddish-pink patch on the back of my hands.",Benign Keratosis-like Lesions
Lately I've had a bump that keeps bleeding even after a very minor bump or scrape on my neck that comes with no real pain.,Basal Cell Carcinoma
I'm noticing an itch that triggers before any visible rash appears on my neck.,Atopic Dermatitis
Something showed up on my chest. It's a rough patch with somewhat defined edges. rough and flaky. mild itching.,Fungal Infections
"Raw, weeping patches that crust over as they heal near my knee. it's been there for a while. intense itching that gets worse at night.",Eczema
There's a scaly spot that's tender when I rub it firmly on my forearm with somewhat defined edges. dry and scaly. mild itching.,Benign Keratosis-like Lesions
"A flat, pink-red scaly patch with a gritty texture on my sun-exposed skin on my shoulder flares when the weather changes.",Benign Keratosis-like Lesions
"I have a raised, well-defined bump on my hands and honestly it showed up recently",Viral Infections
"I've noticed no pain, just a rough texture I can feel and there's a rough-surfaced growth on my leg. with irregular edges. the crust falls off and then regrows.",Benign Keratosis-like Lesions
The skin on my face has changed. There's a discolored spot now. flaky and thickened. it came on gradually.,Atopic Dermatitis
Something doesn't look right near my knee: a cluster of small flesh-colored bumps with a clearly defined circular border. dry and rough to the touch.,Viral Infections
I've noticed mild itching and there's a reddish mark on my arm. with fuzzy borders. it showed up recently.,Melanocytic Nevi
"So I've got red, inflamed areas on my leg, with constant urge to scratch that never really goes away",Atopic Dermatitis
"A cluster of small flesh-colored bumps, on the sole of my foot, rough and flaky.",Viral Infections
"Scaly red patches on my ankles, mild irritation, been there ages",Psoriasis Lichen Planus
"Weird an inflamed patch near my knee, dry and rough to the touch, no clue what it is",Eczema
"I noticed a waxy, scar-like flat patch with an indistinct border near my elbow, along with some mild discomfort.",Basal Cell Carcinoma
"I have some mild discomfort, and there's a discolored spot on my face.",Viral Infections
"I noticed red, inflamed areas on my scalp, along with occasional mild itching.",Eczema
"There's a red patch on my face with fuzzy borders, and dry and rough to the touch.",Melanoma
"I have no real pain, along with a growth that bleeds on my leg with irregular edges.",Basal Cell Carcinoma
My skin on my scalp is doing something weird -- a growth that looks like it could be lifted off with a fingernail,Seborrheic Keratoses
"There's a skin lesion on my face, and occasional mild itching.",Seborrheic Keratoses
I've got a reddish mark on my back -- rough-feeling in that spot -- and no real pain,Melanoma
"A brown to dark brown raised plaque with a greasy, waxy feel showed up on my forearm a while back.",Seborrheic Keratoses
"There's a red patch on my forearm, rough and flaky, not sure what it is",Fungal Infections
A dry patch on my feet. it's been there for a while. severe itching I can barely control.,Eczema
I'm not sure what a skin lesion on the back of my hands is -- rough-feeling in that spot and occasional mild itching.,Benign Keratosis-like Lesions
A skin lesion on my wrist flares when the weather changes.,Melanoma
A reddish mark on my face flares on areas that get a lot of sun exposure.,Benign Keratosis-like Lesions
"I have an open sore that bleeds, scabs over, and then reopens a few weeks later near my knee and honestly it hasn't changed much",Basal Cell Carcinoma
I've been watching a dry patch between my toes and it hasn't changed much. burning between my toes.,Fungal Infections
"I've had a skin lesion on my forearm for some time. rough-feeling in that spot. no pain, just a rough texture I can feel.",Benign Keratosis-like Lesions
I have skin that weeps and crusts over near my knee with fuzzy borders.,Eczema
"So on my forearm there's a single-colored mole that looks exactly the same as it did years ago, and mild itching",Melanocytic Nevi
"There's a patch on my forearm. It looks like a small, uniform dark brown spot with no irregular areas. rough and flaky. stays exactly the same.",Melanocytic Nevi
I'm concerned about patches that ooze clear fluid when I scratch on the back of my hands that it hasn't changed much -- some mild discomfort.,Eczema
"Pinpoint bleeding spots when the scale is removed appeared on my feet a while ago. with very sharply defined, distinct edges. rough and flaky. it's been there for a while.",Psoriasis Lichen Planus
I've had mild irritation for a while now. There's a mole that started bleeding on its own without any injury on my scalp with irregular edges.,Melanoma
"There's a warty, barnacle-like bump with a rough, pitted surface on my back, dry and scaly, not sure what it is",Seborrheic Keratoses
"Something showed up on my wrist. It's a red patch with indistinct, gradually fading edges. flaky and thickened. intense itching that wakes me up at night.",Atopic Dermatitis
Something's going on on my face. It's a red patch. dry and rough to the touch. occasional mild itching.,Melanoma
"Scaly, irritated skin on my leg. occasional mild itching.",Atopic Dermatitis
"Blistering skin that bursts and leaves raw, wet patches on the back of my hands flares when my clothes rub against it.",Eczema
"When I wear synthetic fabrics, I get a scaly area on my fingers.",Eczema
"There's a spot that's larger than a pencil eraser and keeps getting bigger on my leg with irregular edges, and rough and flaky.",Melanoma
"There's a hereditary skin condition -- my sibling has it too on my chest with somewhat defined edges, and dry and scaly.",Atopic Dermatitis
"Skin prone to frequent infections from all the scratching, near my elbow, feels dry and scaly to the touch.",Atopic Dermatitis
I have patches that ooze clear fluid when I scratch on my wrist with rough and flaky.,Eczema
"A small, dry, crusty spot, on my hands, rough and flaky.",Benign Keratosis-like Lesions
The skin on my arm has changed. There's symmetrical red patches on both sides of my body now. rough and flaky. it came on gradually.,Atopic Dermatitis
Something's going on on my leg. It's a rough patch. dry and scaly. no significant pain.,Melanoma
"I noticed a dry patch on my arm, along with occasional mild itching.",Fungal Infections
I have a scaly area on my neck. dry and rough to the touch. it's been there for several weeks. mild itching.,Eczema
"Something showed up on my back. It's a flat, tan-colored mark with fuzzy borders. even and smooth to the touch. mild itching.",Melanocytic Nevi
"I have a flat, slightly rough patch darker than the surrounding skin on my chest. rough and flaky. it hasn't changed much. mild irritation.",Benign Keratosis-like Lesions
"A scaly area showed up on my feet and hasn't changed in size, shape, or color",Melanocytic Nevi
"Got a scaly area on my scalp, dry and rough to the touch",Basal Cell Carcinoma
"My skin on my back is doing something weird -- red, inflamed areas",Atopic Dermatitis
"I have mild itching, along with a dry patch on my chest with fuzzy borders.",Eczema
A skin lesion showed up near my elbow a while back.,Viral Infections
"A warty, barnacle-like bump with a rough, pitted surface on my arm. it's been there for several weeks. mild irritation when it catches on something.",Seborrheic Keratoses
"Itchy red patches on the inside of my elbows, a burning feeling when I sweat, been there ages",Eczema
"So I've got scaly, irritated skin on my scalp, with mild irritation",Atopic Dermatitis
"There's a raised, well-defined bump around my eyes with somewhat defined edges. rough-feeling in that spot. mild itching.",Viral Infections
"A mole that has been visibly growing and changing over the past few months on my neck, mild itching, been there ages",Melanoma
I've been watching a mole that started bleeding on its own without any injury on my arm and has started bleeding and crusting on its own. itching and occasional soreness around it.,Melanoma
"It started changing after a lot of sun exposure, a spot with jagged, notched, irregular borders on my wrist gets worse.",Melanoma
A dry patch showed up on my hands a while back.,Psoriasis Lichen Planus
I've got patches that ooze clear fluid when I scratch on my hands.,Eczema
I've been watching an inflamed patch on my neck and flares and then settles down. mild itching.,Atopic Dermatitis
I've got a raised bump on my back.,Viral Infections
I'm not sure what a single-colored mole that looks exactly the same as it did years ago on my hands is -- even and smooth to the touch and occasional mild itching.,Melanocytic Nevi
"A scaly, wart-like bump showed up on my chest a while back.",Seborrheic Keratoses
I've had a growth that bleeds on my leg that it hasn't changed much.,Basal Cell Carcinoma
"A thin, thread-like skin tag growing on my eyelid on my leg flares when I sweat.",Viral Infections
"I noticed a spot that's larger than a pencil eraser and keeps getting bigger on my back, along with no significant pain.",Melanoma
On my wrist: a reddish mark. it's been there for several weeks.,Atopic Dermatitis
"I've been watching a circular scaly rash on my shoulder and has been getting worse in hot, humid conditions. no real pain.",Fungal Infections
"I've been watching a spot with jagged, notched, irregular borders near my elbow and it's been there for a while. no significant pain.",Melanoma
"I noticed a thin, thread-like skin tag growing on my eyelid near my elbow. rough like sandpaper on the surface. it showed up recently.",Viral Infections
"In dry weather, occasional mild itching and small flat-topped shiny purplish bumps on my shins appear.",Psoriasis Lichen Planus
It started as skin irritation triggered by a certain soap or fabric near my elbow. Now dry and scaly. clears up for a few weeks and then flares back up.,Eczema
"I have no significant pain, and there's a raised bump on my neck.",Viral Infections
"I have an inflamed patch near my elbow, and slightly raised but soft.",Melanocytic Nevi
"I'm noticing raw, weeping patches that crust over as they heal on my arm.",Eczema
I've got a raised bump on my feet -- slightly raised and uneven -- and a strange new sensation I never noticed before,Melanoma
"Something showed up on my shoulder. It's a smooth, symmetric mole with somewhat defined edges. dry and rough to the touch. no real pain.",Melanocytic Nevi
"So on my back there's a shiny, pearly bump with tiny visible blood vessels running through it, and no real pain",Basal Cell Carcinoma
"It started changing after a lot of sun exposure, a reddish mark on my back gets worse.",Melanoma
"I noticed a dry, crusty spot on a sun-damaged area that keeps peeling off and returning near my knee. rough-feeling in that spot. it's been there for a while.",Benign Keratosis-like Lesions
"There's a scaly spot that's tender when I rub it firmly on my back, and some mild discomfort.",Benign Keratosis-like Lesions
"I have a flat, slightly rough patch darker than the surrounding skin on my face with feels dry and crusty when I run my finger over it.",Benign Keratosis-like Lesions
"Bumps with a fine white lacy pattern on the surface, on my forearm, feels rough and raised.",Psoriasis Lichen Planus
I'm not sure what a ring-shaped rash with a raised scaly outer border and clearer skin in the middle on my scalp is -- flaky and thickened and mild itching.,Fungal Infections
Something on my scalp looks like patches on the extensor surface -- the outside of my elbows and knees and it came on gradually,Psoriasis Lichen Planus
I have a raised bump on my leg and honestly it's been there for a while,Melanocytic Nevi
"Got a soft, dome-shaped mole that's been stable for as long as I can remember on my wrist and it showed up recently",Melanocytic Nevi
"I've got a flat, tan-colored mark on my back -- dry and rough to the touch -- and no significant pain",Melanocytic Nevi
"In cold, dry weather, occasional mild itching and skin that weeps and crusts over on my back appear.",Eczema
"I've noticed a slightly raised, uniform-colored bump on my face lately.",Melanocytic Nevi
"A raised, well-defined bump appeared on my face a while ago. with somewhat defined edges. dry and scaly. keeps spreading into a small cluster.",Viral Infections
"Dry, itchy patches that have been recurring since childhood on my leg, mild irritation, been there ages",Atopic Dermatitis
There's a flat-topped warty bump that keeps multiplying on my shoulder with irregular edges. rough-feeling in that spot. occasional mild itching.,Viral Infections
"A waxy, 'stuck-on' looking growth that appears pasted onto the skin surface showed up on my chest a while back.",Seborrheic Keratoses
The skin on my hands has changed. There's a rough patch now. dry and scaly. it's been there for a while.,Seborrheic Keratoses
"I developed red, inflamed areas on my eyelids that comes with constant urge to scratch.",Eczema
"I have no significant pain, and there's thickened, leathery patches on the folds of my elbows and knees.",Atopic Dermatitis
"A single-colored mole that looks exactly the same as it did years ago on my scalp. with smooth, perfectly regular borders.",Melanocytic Nevi
"A mole with multiple colors -- brown, black, red, and even some pale areas on my feet, mild itching, been there ages",Melanoma
There's an inflamed patch on my scalp.,Seborrheic Keratoses
"A mole with an uneven, asymmetrical shape, near my knee, rough-feeling in that spot.",Melanoma
"I have a red patch on my feet with rough around the border, softer in the center.",Fungal Infections
"There's a reddish-brown rash on my toenail, and some mild discomfort.",Fungal Infections
I have a dry patch on my shoulder with dry and rough to the touch.,Basal Cell Carcinoma
"Skin prone to frequent infections from all the scratching on my neck, a burning, stinging feeling after I sweat.",Atopic Dermatitis
"So I've got a red patch on my face, with no real pain",Viral Infections
My skin on my chest is doing something weird -- a tan to dark brown growth that looks thicker and greasier than a normal mole,Seborrheic Keratoses
I noticed a dry patch on my feet. the skin there is thickened from years of scratching. keeps coming back every winter when the air gets dry.,Eczema
I've got a scaly area on my face -- dry and rough to the touch -- and mild irritation,Atopic Dermatitis
"When I sweat, a shiny, pearly bump with tiny visible blood vessels running through it on my chest gets worse.",Basal Cell Carcinoma
"I have an open sore that bleeds, scabs over, and then reopens a few weeks later on my leg, and the center feels soft and tends to crust over.",Basal Cell Carcinoma
"When the weather changes, I get a dry patch on my trunk.",Seborrheic Keratoses
"A rough patch on my wrist, no real pain, but it bleeds a little sometimes, been there ages",Melanoma
"The skin near my elbow shows a rough patch, and I've been dealing with no real pain.",Benign Keratosis-like Lesions
Constant urge to scratch that never really goes away -- a skin lesion on my neck.,Atopic Dermatitis
I have a discolored spot on my neck with flaky and thickened.,Atopic Dermatitis
There's skin that breaks open and oozes when it flares on my hands.,Eczema
"Got a mole with multiple colors -- brown, black, red, and even some pale areas on my back and it hasn't changed much",Melanoma
"The skin on my wrists shows a dry patch, and I've been dealing with occasional mild itching.",Psoriasis Lichen Planus
Something showed up near my elbow. It's a bump that keeps bleeding even after a very minor bump or scrape with somewhat defined edges. dry and scaly. occasional mild itching.,Basal Cell Carcinoma
I've got an inflamed patch on my forearm -- partly flat and partly raised within the same spot -- and no significant pain,Melanoma
"Weird a skin lesion on my scalp, rough-feeling in that spot, no clue what it is",Benign Keratosis-like Lesions
"I've had no real pain for a while now. There's dry, red inflamed patches on my forearm with indistinct, gradually fading edges.",Atopic Dermatitis
"A rough patch near my knee, some mild discomfort, been there ages",Atopic Dermatitis
"So I've got a skin lesion on my leg, with constant urge to scratch that never really goes away",Atopic Dermatitis
There's a scaly area on my scalp -- feels different from my other moles -- that it showed up recently.,Melanoma
"Raw, inflamed skin showed up on my hands and spreads a bit more every time I scratch it",Eczema
Something on my arm looks like a red patch and grew slowly over several months,Viral Infections
"There's a pink growth with a slightly sunken, crater-like center on my neck, dry and scaly, not sure what it is",Basal Cell Carcinoma
"I notice no real pain when the weather changes. There's a smooth, symmetric mole on my back.",Melanocytic Nevi
"A small, dry, crusty spot near my knee flares when my clothes rub against it.",Benign Keratosis-like Lesions
I've got a pink bump with a sunken center on my scalp -- waxy and scar-like -- and mild itching,Basal Cell Carcinoma
I've had thick red raised plaques on my leg that has persisted for a long time without clearing.,Psoriasis Lichen Planus
There's a red patch on my forearm -- dry and cracked to the touch -- that it's been there for a while.,Atopic Dermatitis
"Patches on the extensor surface -- the outside of my elbows and knees appeared on my back a while ago. with precise, punched-out looking borders. thick and plaque-like. keeps flaking off no matter what I do.",Psoriasis Lichen Planus
"A reddish mark on my scalp. it's been there for a while. a burning, stinging feeling after I sweat.",Atopic Dermatitis
"I have some mild discomfort, and there's a rough patch on my bald scalp.",Benign Keratosis-like Lesions
Something's going on on my neck. It's a dry patch. dry and rough to the touch. occasional mild itching.,Atopic Dermatitis
"There's athlete's foot causing cracked, peeling, white skin between my toes on my wrist -- crumbly and brittle on the nail -- and intense itching and burning.",Fungal Infections
"I've got a raised, well-defined bump near my elbow.",Seborrheic Keratoses
"I've got raw, inflamed skin on the inside of my elbows -- rough and flaky -- and no significant pain",Eczema
"Skin prone to frequent infections from all the scratching, on my neck, dry and scaly.",Atopic Dermatitis
I developed a scaly area on my neck that comes with mild itching.,Seborrheic Keratoses
"I have a smooth, symmetric mole on my forearm and honestly has been there since I was a kid and never changed",Melanocytic Nevi
The skin on my face has changed. There's a skin lesion now. dry and scaly. it hasn't changed much.,Psoriasis Lichen Planus
"I noticed a reddish mark on my feet, along with no significant pain.",Eczema
I've had a ring-shaped rash with a raised scaly outer border and clearer skin in the middle on my hands for some time. dry and rough to the touch. mild itching.,Fungal Infections
"I'm concerned about a slightly raised, uniform-colored bump on my arm that it's been there for several weeks -- no itching or pain at all.",Melanocytic Nevi
"A dry patch on my leg, occasional mild itching, been there ages",Melanocytic Nevi
"Something doesn't look right on my wrists: red, inflamed areas with indistinct, gradually fading edges. rough and flaky.",Atopic Dermatitis
I've been watching a rough patch on my back and it came on gradually. some mild discomfort.,Melanocytic Nevi
"No particular trigger, it just appeared gradually, some mild discomfort and a tan to dark brown growth that looks thicker and greasier than a normal mole on my scalp appear.",Seborrheic Keratoses
I've had a pigmented spot on my feet that stays exactly the same.,Melanocytic Nevi
"There's a raised bump on my hands with fuzzy borders, and flaky and thickened.",Atopic Dermatitis
"It started as a perfectly round, evenly colored brown spot that hasn't changed at all on my wrist. Now rough and flaky. it hasn't changed much.",Melanocytic Nevi
"I noticed a small rough bump on my back, along with no pain at all, just an odd texture.",Viral Infections
"I have a symmetric mole with a smooth, even border on my arm with rough-feeling in that spot.",Melanocytic Nevi
"There's a smooth, pearly bump with a small dimple in the center on my neck -- dry and scaly -- and occasional itching around the bump.",Viral Infections
"I've had a hard lump with visible black specks that look like seeds on my shoulder for a while, with mild itching.",Viral Infections
Red to brownish-gray patches on my eyelids flares when I sweat.,Eczema
Skin prone to frequent infections from all the scratching near my knee flares when I sweat.,Atopic Dermatitis
"A red patch, on my wrist, flaky and thickened.",Melanoma
Should I be worried about a discolored spot on my wrist? flaky and thickened. has stayed about the same size for weeks.,Viral Infections
"I have a scaly, reddish-pink patch on my face, and dry and rough to the touch.",Benign Keratosis-like Lesions
Should I be worried about a scaly area on my ears? feels tender when pressed. it's been there for several weeks.,Benign Keratosis-like Lesions
"On my shoulder: a waxy, scar-like area. it's been there for several weeks.",Basal Cell Carcinoma
Something on my forearm looks like a skin lesion and it hasn't changed much,Basal Cell Carcinoma
"Something showed up on my hands. It's a dry, crusty spot on a sun-damaged area that keeps peeling off and returning with irregular edges. rough and flaky. no real pain.",Benign Keratosis-like Lesions
I've had a reddish mark on my wrist that it came on gradually.,Eczema
I have a reddish mark on my leg with irregular edges.,Atopic Dermatitis
Something on my wrist looks like a red patch and it hasn't changed much,Melanoma
I have patches that ooze clear fluid when I scratch on my wrists and honestly it came on gradually,Eczema
"I'm worried about red, ring-shaped scaly patches on my forearm because it hasn't changed much.",Psoriasis Lichen Planus
Itchy red patches on the inside of my elbows flares when the weather changes.,Eczema
Something on my feet looks like an inflamed patch and it hasn't changed much,Atopic Dermatitis
I'm noticing a reddish mark near my knee.,Viral Infections
My skin on my shoulder is doing something weird -- a hard lump with visible black specks that look like seeds,Viral Infections
"When my clothes rub against it, I get a skin lesion on my hands.",Seborrheic Keratoses
"I have a waxy, stuck-on looking growth on my back. dry and scaly. has been slowly growing thicker over several years. no real pain.",Seborrheic Keratoses
"When I sweat, I get a reddish mark on my chest.",Basal Cell Carcinoma
"I've had no real pain for a while now. There's red, ring-shaped scaly patches on my leg with precise, punched-out looking borders.",Psoriasis Lichen Planus
I'm not sure what a mole that started bleeding on its own without any injury on my face is -- flaky and thickened and no real pain.,Melanoma
"My skin near my elbow is doing something weird -- cracked, dry skin that stings",Eczema
I've had bumps with a fine white lacy pattern on the surface near my knee that it's been there for a while.,Psoriasis Lichen Planus
My skin on my scalp is doing something weird -- a pigmented spot,Melanocytic Nevi
"Something showed up on my leg. It's a symmetric mole with a smooth, even border with fuzzy borders. rough and flaky. no itching or pain at all.",Melanocytic Nevi
I noticed bumps with a fine white lacy pattern on the surface inside my mouth. dry and scaly. it came on gradually.,Psoriasis Lichen Planus
A bump that keeps bleeding even after a very minor bump or scrape showed up on my shoulder a while back.,Basal Cell Carcinoma
"So I've got scaly red patches on my hands, with occasional mild itching",Eczema
"So on my shoulder there's small circular bald patches on my scalp, and some mild discomfort",Fungal Infections
"When my clothes rub against it, patches with blurry, ill-defined edges that spread gradually behind my knees gets worse.",Eczema
"I have a thin, thread-like skin tag growing on my eyelid on my neck.",Viral Infections
"I notice no real pain it started changing after a lot of sun exposure. There's a mole with an asymmetrical, uneven shape -- one half doesn't match the other on my scalp.",Melanoma
I'm not sure what a rough-surfaced growth on my ears is -- rough and flaky and some mild discomfort.,Benign Keratosis-like Lesions
"There's a red patch around my eyes with somewhat defined edges, and rough-feeling in that spot.",Viral Infections
"I've got patches with blurry, ill-defined edges that spread gradually on the inside of my elbows.",Eczema
"Got a small, uniform dark brown spot with no irregular areas on my forearm and it hasn't changed much",Melanocytic Nevi
A circular scaly rash showed up near my elbow and it hasn't changed much,Fungal Infections
I'm concerned about a spot that's larger than a pencil eraser and keeps getting bigger on my leg that looks completely different compared to a year ago -- a strange new sensation I never noticed before.,Melanoma
I have skin prone to frequent infections from all the scratching on my face.,Atopic Dermatitis
"I've had dry, itchy patches that have been recurring since childhood around my eyes for some time. rough-feeling in that spot. itching so bad it keeps me awake.",Atopic Dermatitis
"I noticed a round, well-defined growth on my chest. dry and scaly. has been slowly growing thicker over several years.",Seborrheic Keratoses
"I have severe itching I can barely control, and there's skin irritation triggered by a certain soap or fabric on my forearm.",Eczema
"A flat, slightly rough patch darker than the surrounding skin showed up on my forearms and it hasn't changed much",Benign Keratosis-like Lesions
"When the weather changes, a red patch on my forearm gets worse.",Fungal Infections
"The skin on my shoulder has changed. There's a growth that bleeds now. rough and flaky. keeps bleeding, scabbing over, and then reopening.",Basal Cell Carcinoma
A scaly area on my forearm. with fuzzy borders.,Basal Cell Carcinoma
"Raw, inflamed skin, on my forearm, rough and flaky.",Eczema
"So I've got a red patch on my face, with no real pain",Fungal Infections
"The skin on my chest shows a warty, barnacle-like bump with a rough, pitted surface, and I've been dealing with no significant pain.",Seborrheic Keratoses
"I've noticed red, ring-shaped scaly patches on my shoulder lately.",Psoriasis Lichen Planus
"I noticed red, inflamed areas on the folds of my elbows and knees, along with occasional mild itching.",Atopic Dermatitis
"Weird a raised bump on my scalp, flaky and thickened, no clue what it is",Melanoma
"I developed a dry, crusty spot on a sun-damaged area that keeps peeling off and returning on my arm that comes with some mild discomfort.",Benign Keratosis-like Lesions
I've had mild irritation for a while now. There's a reddish mark on my wrist with irregular edges.,Atopic Dermatitis
"I notice some mild discomfort on areas that get a lot of sun exposure. There's a small, dry, crusty spot on my feet.",Benign Keratosis-like Lesions
I've had no real pain for a while now. There's a raised bump on my hands with fuzzy borders.,Eczema
I have an inflamed patch on my feet with dry and scaly.,Fungal Infections
I developed a cluster of small flesh-colored bumps on my finger that comes with no significant pain.,Viral Infections
Something showed up on the sole of my foot. It's a reddish mark with somewhat defined edges. flaky and thickened. a stinging feeling especially after sweating.,Fungal Infections
"I noticed a rough patch on my torso, along with mild itching that worsens in humid weather.",Fungal Infections
Something showed up on my arm. It's a plantar wart on my heel that hurts when I walk with somewhat defined edges. hard and firm to the touch. painful when I put weight on it.,Viral Infections
There's small rough bumps covering my upper arms and thighs on my back -- dry and cracked to the touch -- that it's been there for a while.,Atopic Dermatitis
"When I sweat, I get a rough patch on my forearm.",Psoriasis Lichen Planus
"I have a reddish-brown patch that gets worse in hot, humid weather on my shoulder with rough and flaky.",Fungal Infections
There's a skin lesion on my arm with a distinct circular outer rim. flaky and thickened. some mild discomfort.,Fungal Infections
"Near my elbow: sharply defined plaques with very clear, distinct edges. it showed up recently.",Psoriasis Lichen Planus
"I noticed a circular scaly rash on my face, along with some mild discomfort.",Fungal Infections
"When my clothes rub against it, mild itching and an open sore that won't fully heal on my feet appear.",Basal Cell Carcinoma
A scaly area on my hands. flaky and thickened.,Melanoma
I'm not sure what a reddish mark on my back is -- dry and scaly and mild irritation.,Benign Keratosis-like Lesions
"A brown to dark brown raised plaque with a greasy, waxy feel near my knee. no discomfort unless I scratch it.",Seborrheic Keratoses
I developed a dark spot that's been changing on my leg that comes with some mild discomfort.,Melanoma
"A round, well-defined growth appeared on my leg a while ago. with fuzzy borders. flaky and thickened. it's been there for a while.",Seborrheic Keratoses
Occasional mild itching -- patches that ooze clear fluid when I scratch on my shoulder.,Eczema
"A smooth, pearly bump with a small dimple in the center, on my face, rough and flaky.",Viral Infections
"Dry, scaly skin on my scalp, a stinging sensation where the skin cracks at the edges.",Psoriasis Lichen Planus
A growth that looks like it could be lifted off with a fingernail appeared near my elbow a while ago. with irregular edges. rough-feeling in that spot. stayed the same size for a long time but got darker recently.,Seborrheic Keratoses
"I have a symmetric mole with a smooth, even border on my leg with fuzzy borders.",Melanocytic Nevi
I've had an inflamed patch on my scalp for some time. even and smooth to the touch. no discomfort whatsoever.,Melanocytic Nevi
I developed a dry patch on my leg that comes with occasional mild itching.,Seborrheic Keratoses
Lately I've had a red patch near my knee that comes with mild itching.,Atopic Dermatitis
I'm worried about a dry patch on my forearm because it's been there for several weeks.,Melanocytic Nevi
"My skin on my back has been off. a growth that looks like it could be lifted off with a fingernail. waxy and slightly greasy to the touch. no pain, just occasional mild itching if clothing rubs it.",Seborrheic Keratoses
"There's thick red raised plaques inside my mouth with fuzzy borders, and feels rough and raised.",Psoriasis Lichen Planus
I've noticed small flat-topped shiny purplish bumps on my chest lately.,Psoriasis Lichen Planus
"I have a mole with an asymmetrical, uneven shape -- one half doesn't match the other on my back. flaky and thickened. it came on gradually. no real pain.",Melanoma
There's patches that ooze and crust on the back of my hands -- feels crusty and dry -- that it's been there for a while.,Eczema
I've got an inflamed patch on my arm.,Fungal Infections
"I've noticed mild itching and there's a scaly, reddish-pink patch on my scalp. with fuzzy borders. keeps coming back in the same spot after it peels off.",Benign Keratosis-like Lesions
There's bumps with a fine white lacy pattern on the surface on my feet -- flaky and thickened -- that it hasn't changed much.,Psoriasis Lichen Planus
"So on my arm there's a bump that keeps bleeding even after a very minor bump or scrape, and some mild discomfort",Basal Cell Carcinoma
I'm concerned about a discolored spot on my leg that grew alongside several similar spots in the same area -- no discomfort unless I scratch it.,Seborrheic Keratoses
"When my clothes rub against it, a soft, dome-shaped mole that's been stable for as long as I can remember on my shoulder gets worse.",Melanocytic Nevi
There's a scaly area on my arm.,Eczema
"Got a reddish-brown rash on my neck, rough-feeling in that spot",Fungal Infections
"The skin on my shoulder shows a pigmented spot, and I've been dealing with no discomfort whatsoever.",Melanocytic Nevi
"I noticed a rough patch on my face, along with itchy and irritated.",Eczema
I noticed a hereditary skin condition -- my sibling has it too on my neck. dry and rough to the touch. it's been there for several weeks.,Atopic Dermatitis
"I have red, inflamed areas on my cheeks with dry and rough to the touch.",Atopic Dermatitis
"I have a spot with irregular, notched borders on my arm, and rough-feeling in that spot.",Melanoma
I noticed a growth that looks like it could be lifted off with a fingernail near my elbow. flaky and thickened. it hasn't changed much.,Seborrheic Keratoses
Got a single-colored mole that looks exactly the same as it did years ago on my scalp and it showed up recently,Melanocytic Nevi
"There's an inflamed patch on my back -- flaky and thickened -- and no pain, just a rough texture I can feel.",Benign Keratosis-like Lesions
A tan to dark brown growth that looks thicker and greasier than a normal mole showed up on my face a while back.,Seborrheic Keratoses
"A small, uniform dark brown spot with no irregular areas on my stomach flares when I sweat.",Melanocytic Nevi
My skin on the sole of my foot has been off. a ring-shaped rash with a raised border. rough-feeling in that spot. some mild discomfort.,Fungal Infections
Should I be worried about a raised bump on the sole of my foot? rough-feeling in that spot. has stayed about the same size for weeks.,Viral Infections
"My skin on my shoulder has been off. a thin, thread-like skin tag growing on my eyelid. flaky and thickened. mild irritation.",Viral Infections
"I've had a skin lesion on my leg for a while, with no significant pain.",Eczema
I have skin that breaks open and oozes when it flares on my neck.,Eczema
"I noticed a perfectly round, evenly colored brown spot that hasn't changed at all on my arm, along with no itching or pain at all.",Melanocytic Nevi
"A flat, pink-red scaly patch with a gritty texture on my sun-exposed skin, on my face, dry and rough to the touch.",Benign Keratosis-like Lesions
"There's a raised, warty growth on my scalp.",Viral Infections
"I noticed sharply defined, scaly plaques on my ankles, along with a stinging sensation where the skin cracks at the edges.",Psoriasis Lichen Planus
"So on my chest there's a growth that bleeds, and mild irritation",Melanoma
"I have some mild discomfort, and there's a rough-surfaced growth on my forearms.",Benign Keratosis-like Lesions
I have an inflamed patch on my face.,Basal Cell Carcinoma
"There's a waxy, stuck-on looking growth on my chest, dry and rough to the touch, not sure what it is",Seborrheic Keratoses
"I have skin that breaks open and oozes when it flares on my scalp, and dry and rough to the touch.",Eczema
"I have a rough, sandpaper-like patch that feels much rougher than it looks on my face with flaky and thickened.",Benign Keratosis-like Lesions
I notice no real pain when I sweat during exercise. There's small rough bumps covering my upper arms and thighs on my feet.,Atopic Dermatitis
I'm concerned about an itch that triggers before any visible rash appears near my knee that it hasn't changed much -- mild irritation.,Atopic Dermatitis
"I have no significant pain, along with a spot with jagged, notched, irregular borders on my wrist with somewhat defined edges.",Melanoma
"The skin on my forearm shows a flat, pink-red scaly patch with a gritty texture on my sun-exposed skin, and I've been dealing with tenderness when I press on it.",Benign Keratosis-like Lesions
"The skin on my back shows skin that breaks open and oozes when it flares, and I've been dealing with some mild discomfort.",Eczema
My skin on my back is doing something weird -- skin that leaks clear fluid after scratching,Atopic Dermatitis
"Got a spot with jagged, notched, irregular borders on my hands, slightly raised and uneven",Melanoma
"The skin near my elbow shows a reddish mark, and I've been dealing with no real pain.",Fungal Infections
"When the weather changes, mild irritation and a soft, dome-shaped mole that's been stable for as long as I can remember on my shoulder appear.",Melanocytic Nevi
A hereditary skin condition -- my sibling has it too near my elbow flares when I sweat during exercise.,Atopic Dermatitis
"An inflamed patch on my stomach, no itching or pain at all, been there ages",Melanocytic Nevi
"I have raw, inflamed skin near my elbow, and the skin there is thickened from years of scratching.",Eczema
"The skin on my feet shows a discolored spot, and I've been dealing with occasional itching around the bump.",Viral Infections
"I have a small, round, evenly colored brown spot on my face.",Melanocytic Nevi
"I'm noticing a pink growth with a slightly sunken, crater-like center on my arm.",Basal Cell Carcinoma
The skin around my eyes has changed. There's a cluster of small flesh-colored bumps now. hard and firm to the touch. it showed up recently.,Viral Infections
Something showed up on my shins. It's red patches with silvery-white scales with fuzzy borders. feels rough and raised. mild irritation.,Psoriasis Lichen Planus
"No significant pain -- a mole with multiple colors -- brown, black, red, and even some pale areas on my leg.",Melanoma
"There's a pink growth with a slightly sunken, crater-like center on my wrist, and occasional mild itching.",Basal Cell Carcinoma
"Patches that ooze and crust on my hands. with no sharp edge, just gradually redder skin.",Eczema
"There's a skin lesion on my face, the skin there is leathery and thick, not sure what it is",Atopic Dermatitis
"A scaly area on my arm, mild irritation, been there ages",Viral Infections
On my stomach: a skin lesion. has looked exactly the same for years.,Melanocytic Nevi
"I have a thick, yellowed, crumbly nail that's lifting off the nail bed on my neck.",Fungal Infections
Something showed up on the back of my hands. It's skin that weeps and crusts over with somewhat defined edges. dry and rough to the touch. no real pain.,Eczema
I've got a scaly area near my knee -- feels dry and crusty when I run my finger over it -- and occasional itching,Benign Keratosis-like Lesions
Something's going on on my wrist. It's a scaly area. dry and rough to the touch. some mild discomfort.,Psoriasis Lichen Planus
I have thick silvery-white scales that flake off in sheets on my scalp with rough-feeling in that spot.,Psoriasis Lichen Planus
"I've noticed cracked, dry skin that stings on my scalp lately.",Eczema
Something showed up on my feet. It's a skin lesion with somewhat defined edges. rough-feeling in that spot. tenderness when I press on it.,Benign Keratosis-like Lesions
"I'm worried about a mole with an asymmetrical, uneven shape -- one half doesn't match the other on my neck because it showed up recently.",Melanoma
A raised bump on the back of my hands. it hasn't changed much. mild irritation.,Eczema
"Weird scaly, irritated skin on my chest, rough and thickened from scratching, no clue what it is",Atopic Dermatitis
I'm worried about a red patch on my leg because it showed up recently.,Psoriasis Lichen Planus
"There's a red patch on my neck with blurry edges that fade into normal skin, and feels dry and crusty when I run my finger over it.",Benign Keratosis-like Lesions
"I have a flat, pink-red scaly patch with a gritty texture on my sun-exposed skin on my chest, and flaky and thickened.",Benign Keratosis-like Lesions
"Burning between my toes -- athlete's foot causing cracked, peeling, white skin between my toes on my scalp.",Fungal Infections
A skin lesion on the back of my knuckles flares the cluster grew after I picked at it.,Viral Infections
I have a reddish mark on my finger and honestly keeps spreading into a small cluster,Viral Infections
"I have a circular scaly rash on my upper back and chest, and peeling and flaking.",Fungal Infections
I've had some mild discomfort for a while now. There's a scaly area on my face with irregular edges.,Fungal Infections
"My skin on my back has been off. a spot with irregular, notched borders. feels different from my other moles. a strange new sensation I never noticed before.",Melanoma
"When I sweat, occasional mild itching and skin irritation triggered by a certain soap or fabric behind my knees appear.",Eczema
"I notice no significant pain when my clothes rub against it. There's thickened, leathery patches on my arm.",Atopic Dermatitis
"I have scaly, irritated skin on the folds of my elbows and knees. feels dry and scaly to the touch. keeps returning in the same spots year after year. no significant pain.",Atopic Dermatitis
"I've had a scaly, wart-like bump on my face for a while, with no significant pain.",Seborrheic Keratoses
"A mole with multiple colors -- brown, black, red, and even some pale areas on my shoulder. started as a small mole and has grown noticeably bigger. a strange new sensation I never noticed before.",Melanoma
"Something on my upper back and chest looks like red, ring-shaped scaly patches and hasn't cleared up even after several weeks",Fungal Infections
Lately I've had a raised bump on my back that comes with a strange new sensation I never noticed before.,Melanoma
"Got a mole that has been visibly growing and changing over the past few months on my scalp, partly flat and partly raised within the same spot",Melanoma
"I have a shiny, pearly bump with tiny visible blood vessels running through it near my knee. rough-feeling in that spot. it showed up recently. mild itching.",Basal Cell Carcinoma
There's a discolored spot on my finger.,Viral Infections
"There's a scaly area on my back with irregular edges, and peeling and flaking.",Fungal Infections
"Something doesn't look right on my face: an open sore that bleeds, scabs over, and then reopens a few weeks later with an indistinct, difficult-to-define edge. smooth and shiny on the surface.",Basal Cell Carcinoma
"I have thick red raised plaques on my lower back, and thick and plaque-like.",Psoriasis Lichen Planus
A rough patch on my face. rough and flaky.,Benign Keratosis-like Lesions
"A raised bump, on my face, feels crusty and dry.",Eczema
I have a raised bump on my shoulder with somewhat defined edges.,Benign Keratosis-like Lesions
I've had no significant pain for a while now. There's a scaly area on my shoulder with irregular edges.,Seborrheic Keratoses
"Something doesn't look right on my chest: a discolored spot with irregular, notched, uneven borders. flaky and thickened.",Melanoma
I've got skin that leaks clear fluid after scratching on my chest.,Atopic Dermatitis
"It started as a mole with an uneven, asymmetrical shape on my back. Now feels different from my other moles. it hasn't changed much.",Melanoma
I have a mole that has been visibly growing and changing over the past few months on my shoulder. slightly raised and uneven. it's been there for several weeks. mild irritation.,Melanoma
"The skin on my armpit shows a flat-topped warty bump that keeps multiplying, and I've been dealing with occasional mild itching.",Viral Infections
"Lately I've had a scaly, reddish-pink patch on my face that comes with mild itching.",Benign Keratosis-like Lesions
"The skin on my neck shows an inflamed patch, and I've been dealing with intense itching that gets worse at night.",Eczema
A rough patch on my neck. no real pain.,Basal Cell Carcinoma
"I've noticed dry, itchy patches that have been recurring since childhood on my neck lately.",Atopic Dermatitis
"When I sweat, I get a discolored spot on my back.",Viral Infections
I noticed small fluid-filled bumps on my hands. rough and flaky. it showed up recently.,Eczema
"Got a rough patch on my scalp, rough-feeling in that spot",Fungal Infections
An open sore that won't fully heal showed up on my shoulder a while back.,Basal Cell Carcinoma
"I have a red patch on my hands, and rough and gritty like sandpaper.",Benign Keratosis-like Lesions
"Cracked, dry skin that stings, on my leg, dry and cracked to the touch.",Eczema
I have a skin lesion on my leg with fuzzy borders.,Seborrheic Keratoses
I have a discolored spot on my toenail. dry and rough to the touch. it hasn't changed much. burning between my toes.,Fungal Infections
"When the weather changes, I get an inflamed patch inside my mouth.",Psoriasis Lichen Planus
"When I sweat, some mild discomfort and small flat-topped shiny purplish bumps on my arms appear.",Psoriasis Lichen Planus
"There's a waxy, 'stuck-on' looking growth that appears pasted onto the skin surface near my knee, and mild itching.",Seborrheic Keratoses
"My skin on my shoulder has been off. a mole with an uneven, asymmetrical shape. flaky and thickened. no real pain.",Melanoma
"There's patches with blurry, ill-defined edges that spread gradually on my face, dry and rough to the touch, not sure what it is",Eczema
"I notice no real pain, but it bleeds a little sometimes when I sweat. There's a skin lesion near my elbow.",Melanoma
"I have a bump that keeps bleeding even after a very minor bump or scrape on my ear, and rough-feeling in that spot.",Basal Cell Carcinoma
"There's a patch on my wrist. It looks like white, scaly patches. dry and rough to the touch. it showed up recently.",Fungal Infections
"There's a shiny, pearly bump with tiny visible blood vessels running through it on my shoulder -- dry and rough to the touch -- that it came on gradually.",Basal Cell Carcinoma
A rough patch on my shoulder flares when my clothes rub against it.,Benign Keratosis-like Lesions
"A reddish-brown patch that gets worse in hot, humid weather, on my back, dry and rough to the touch.",Fungal Infections
"A flat, pink-red scaly patch with a gritty texture on my sun-exposed skin, on my arm, flaky and thickened.",Benign Keratosis-like Lesions
There's a patch on the back of my knuckles. It looks like a discolored spot. dry and rough to the touch. showed up suddenly and multiplied into several bumps.,Viral Infections
Should I be worried about a red patch on my neck? smooth with a central dimple. grew slowly over several months.,Viral Infections
Should I be worried about a dark spot that's been changing on my feet? partly flat and partly raised within the same spot. it's been there for several weeks.,Melanoma
I've noticed no significant pain and there's a dark brown spot on my back. with fuzzy borders. it showed up recently.,Melanoma
A single-colored mole that looks exactly the same as it did years ago showed up on my leg and has been completely stable,Melanocytic Nevi
"There's a cluster of small flesh-colored bumps on my scalp, rough-feeling in that spot, not sure what it is",Viral Infections
I'm worried about a raised bump on my scalp because it showed up recently.,Viral Infections
A reddish mark showed up near my elbow a while back.,Benign Keratosis-like Lesions
"There's a bump that keeps bleeding even after a very minor bump or scrape near my knee, and mild irritation but nothing painful.",Basal Cell Carcinoma
"Dry, red inflamed patches on my wrist. with fuzzy borders.",Atopic Dermatitis
"I have a rough-surfaced growth on my neck. dry and scaly. it came on gradually. no pain, just a rough texture I can feel.",Benign Keratosis-like Lesions
"I noticed a small, uniform dark brown spot with no irregular areas on my back. rough and flaky. it came on gradually.",Melanocytic Nevi
I've noticed no significant pain and there's a skin lesion on my feet. with irregular edges. grew slowly over several months.,Viral Infections
I have a rough patch on my back and honestly it's been there for a while,Atopic Dermatitis
"There's small circular bald patches on my scalp on my feet, dry and scaly, not sure what it is",Fungal Infections
"There's a flat, slightly rough patch darker than the surrounding skin on my scalp -- flaky and thickened -- and mild irritation.",Benign Keratosis-like Lesions
"No triggers -- it's been the same in all seasons, a small, uniform dark brown spot with no irregular areas near my knee gets worse.",Melanocytic Nevi
"There's a plantar wart on my heel that hurts when I walk on the sole of my foot, and no pain at all, just an odd texture.",Viral Infections
I have a raised bump on my shoulder.,Basal Cell Carcinoma
"So near my elbow there's raw, inflamed skin, and constant urge to scratch",Eczema
"Something on my face looks like a warty, barnacle-like bump with a rough, pitted surface and it hasn't changed much",Seborrheic Keratoses
"The skin on my wrist shows a raised bump, and I've been dealing with no real pain.",Benign Keratosis-like Lesions
"Weird red patches with silvery-white scales on my forearm, covered in thick silvery scales, no clue what it is",Psoriasis Lichen Planus
Burning between my toes -- a raised bump on my feet.,Fungal Infections
There's an inflamed patch on my forearm -- rough-feeling in that spot -- and no real pain.,Atopic Dermatitis
"An inflamed patch on my feet. with distinct, punched-out looking edges.",Seborrheic Keratoses
"A raised bump on my forearm, occasional itching, been there ages",Benign Keratosis-like Lesions
I've noticed pinpoint bleeding spots when the scale is removed on my chest lately.,Psoriasis Lichen Planus
"So I've got a red patch on my face, with mild itching",Melanoma
"A plantar wart on my heel that hurts when I walk on my back, mild irritation, been there ages",Viral Infections
It started as a scaly area on my shoulder. Now dry and scaly. has been a recurring problem since I was young.,Atopic Dermatitis
"So on my arm there's a discolored spot, and some mild discomfort",Viral Infections
"Something showed up on my neck. It's a shiny, pearly bump with tiny visible blood vessels running through it with fuzzy borders. dry and rough to the touch. some mild discomfort.",Basal Cell Carcinoma
"A hard, rough-surfaced growth showed up on my hands and keeps spreading into a small cluster",Viral Infections
"Got a small, shiny, pearly bump near my elbow and the scab keeps falling off and the raw area underneath comes back",Basal Cell Carcinoma
It started as symmetrical red patches on both sides of my body on my wrist. Now rough and flaky. flares and then settles down.,Atopic Dermatitis
"A skin lesion on my chest, occasional mild itching, been there ages",Melanoma
A raised bump on my back flares when I sweat.,Basal Cell Carcinoma
"When I sweat, some mild discomfort and a raised bump near my knee appear.",Melanoma
A rough patch on my ears. feels dry and crusty when I run my finger over it.,Benign Keratosis-like Lesions
There's skin prone to frequent infections from all the scratching around my eyes -- rough and thickened from scratching -- that it came on gradually.,Atopic Dermatitis
"When I sweat, intense itching that gets worse at night and a reddish mark on my shoulder appear.",Eczema
"No real pain, just occasional bleeding after a minor bump -- a waxy, scar-like area on my hands.",Basal Cell Carcinoma
I've noticed no significant pain and there's small fluid-filled bumps on my hands. with irregular edges. flares and then settles down.,Eczema
There's a patch on my cheek. It looks like a bump that keeps bleeding even after a very minor bump or scrape. dry and scaly. it's been there for a while.,Basal Cell Carcinoma
"There's small flat-topped shiny purplish bumps on my chest, and some mild discomfort.",Psoriasis Lichen Planus
I've been watching a reddish mark on my forearm and it's been there for several weeks. occasional mild soreness.,Psoriasis Lichen Planus
"A cluster of small flesh-colored bumps on my back. with distinct, punched-out looking edges.",Viral Infections
"A rash that keeps expanding outward in a ring shape, near my elbow, dry and rough to the touch.",Fungal Infections
"The skin on my hands shows a scaly area, and I've been dealing with mild itching.",Viral Infections
"There's a round, well-defined growth on my wrist with distinct, punched-out looking edges, and waxy and slightly greasy to the touch.",Seborrheic Keratoses
"A brown to dark brown raised plaque with a greasy, waxy feel on my shoulder flares when I sweat.",Seborrheic Keratoses
"A ring-shaped rash with a raised border, on my forearm, dry and rough to the touch.",Fungal Infections
I'm not sure what a dry patch near my elbow is -- dry and scaly and no real pain.,Seborrheic Keratoses
"Weird a smooth, symmetric mole on my back, rough and flaky, no clue what it is",Melanocytic Nevi
"There's a rough, sandpaper-like patch that feels much rougher than it looks on my chest.",Benign Keratosis-like Lesions
I've got a flat-topped warty bump that keeps multiplying on my wrist.,Viral Infections
Scaly red patches showed up on my wrist and it hasn't changed much,Eczema
"There's a rough patch on my face -- rough and flaky -- and no real pain, but it bleeds a little sometimes.",Melanoma
Lately I've had a discolored spot near my knee that comes with some mild discomfort.,Benign Keratosis-like Lesions
Something showed up on my torso. It's a raised bump with a distinct circular outer rim. rough and flaky. mild itching.,Fungal Infections
I developed a skin lesion on my neck that comes with mild itching.,Viral Infections
"Got a brown to dark brown raised plaque with a greasy, waxy feel on my shoulder, rough-feeling in that spot",Seborrheic Keratoses
"Something on my chest looks like a waxy, 'stuck-on' looking growth that appears pasted onto the skin surface and it's been there for several weeks",Seborrheic Keratoses
I'm noticing skin prone to frequent infections from all the scratching on my scalp.,Atopic Dermatitis
"So I've got a pink growth with a slightly sunken, crater-like center on my back, with no real pain",Basal Cell Carcinoma
"Something showed up on my hands. It's athlete's foot causing cracked, peeling, white skin between my toes with irregular edges. flaky and thickened. some mild discomfort.",Fungal Infections
A hard lump with visible black specks that look like seeds showed up near my knee a while back.,Viral Infections
"I have white, scaly patches on my scalp with peeling and flaking.",Fungal Infections
I noticed a spot that's larger than a pencil eraser and keeps getting bigger near my elbow. feels different from my other moles. it hasn't changed much.,Melanoma
"There's a rough, sandpaper-like patch on my leg.",Benign Keratosis-like Lesions
"Got a bump that keeps bleeding even after a very minor bump or scrape on my arm, the center feels soft and tends to crust over",Basal Cell Carcinoma
"A plantar wart on my heel that hurts when I walk, on my face, rough-feeling in that spot.",Viral Infections
"I have painful when I put weight on it, and there's a scaly area on my chest.",Viral Infections
I'm noticing a pink bump with a sunken center on my neck.,Basal Cell Carcinoma
"I have a perfectly round, evenly colored brown spot that hasn't changed at all near my knee.",Melanocytic Nevi
"I have a dry, crusty spot on a sun-damaged area that keeps peeling off and returning near my knee and honestly seems to be slowly getting larger",Benign Keratosis-like Lesions
"After I cut myself shaving near the area, I get a hard lump with visible black specks that look like seeds on my face.",Viral Infections
"A small, dry, crusty spot on my scalp. occasional mild itching.",Benign Keratosis-like Lesions
"In dry weather, some mild discomfort and thick red raised plaques inside my mouth appear.",Psoriasis Lichen Planus
"I have a thin, thread-like skin tag growing on my eyelid on my face. rough-feeling in that spot. it's been there for a while. no real pain.",Viral Infections
"I have a rough, sandpaper-like patch on my chest. dry and rough to the touch. it came on gradually. tenderness when I press on it.",Benign Keratosis-like Lesions
I've got a discolored spot on my arm -- rough-feeling in that spot -- and no significant pain,Atopic Dermatitis
"So on my elbows and knees there's small flat-topped shiny purplish bumps, and mild irritation",Psoriasis Lichen Planus
"The skin on my arm shows symmetrical red patches on both sides of my body, and I've been dealing with no significant pain.",Atopic Dermatitis
"There's a shiny, pearly bump with tiny visible blood vessels running through it on my leg.",Basal Cell Carcinoma
There's a bump that keeps bleeding even after a very minor bump or scrape on my chest.,Basal Cell Carcinoma
I'm concerned about a reddish mark behind my knees that it's been there for several weeks -- no significant pain.,Eczema
"The skin on the back of my knuckles shows a thin, thread-like skin tag growing on my eyelid, and I've been dealing with no real pain.",Viral Infections
"I have white, scaly patches on my chest with dry and scaly.",Fungal Infections
"Something doesn't look right on my back: cracked, dry skin that stings with no sharp edge, just gradually redder skin. dry and rough to the touch.",Eczema
Something doesn't look right on my chest: a red patch with fuzzy borders. slightly raised but soft.,Melanocytic Nevi
Lately I've had a reddish mark on my arm that comes with occasional itching.,Benign Keratosis-like Lesions
"A hard, rough-surfaced growth appeared on my feet a while ago. with irregular edges. dry and scaly. keeps spreading into a small cluster.",Viral Infections
A discolored spot showed up near my knee a while back.,Seborrheic Keratoses
A skin lesion appeared on my scalp a while ago. with irregular edges. rough like sandpaper on the surface. has stayed about the same size for weeks.,Viral Infections
I have a cluster of small flesh-colored bumps on my wrist with rough and irregular.,Viral Infections
"I have occasional mild itching, and there's white, scaly patches on my scalp.",Fungal Infections
"I have occasional mild itching, and there's scaly red patches on the inside of my elbows.",Eczema
"I notice occasional mild itching no triggers -- it's been the same in all seasons. There's a small, uniform dark brown spot with no irregular areas on my arm.",Melanocytic Nevi
"I've had mild itching for a while now. There's sharply defined, scaly plaques near my elbow with fuzzy borders.",Psoriasis Lichen Planus
"I've had no discomfort, it just won't go away for a while now. There's a dry patch on my back with irregular edges.",Basal Cell Carcinoma
"When I sweat, burning between my toes and white, scaly patches on my fingernail appear.",Fungal Infections
A skin lesion on my feet. peeling and flaking.,Fungal Infections
"Weird a pigmented spot on my shoulder, dry and scaly, no clue what it is",Melanocytic Nevi
Something showed up on my scalp. It's a scaly area with a clearly defined circular border. dry and rough to the touch. no significant pain.,Viral Infections
"I have cracked, peeling skin on my forearm, and dry and rough to the touch.",Fungal Infections
"When my clothes rub against it, athlete's foot causing cracked, peeling, white skin between my toes on my face gets worse.",Fungal Infections
A scaly area showed up on my feet and it hasn't changed much,Basal Cell Carcinoma
My skin on my feet has been off. thick silvery-white scales that flake off in sheets. feels rough and raised. some mild discomfort.,Psoriasis Lichen Planus
"Something's going on on my back. It's a perfectly round, evenly colored brown spot that hasn't changed at all. slightly raised but soft. mild itching.",Melanocytic Nevi
Something showed up on my scalp. It's a hard lump with visible black specks that look like seeds with somewhat defined edges. smooth with a central dimple. occasional mild itching.,Viral Infections
"Mild irritation -- patches with blurry, ill-defined edges that spread gradually on my forearm.",Eczema
"There's a reddish mark on my face, and nothing unusual, it's just always been there.",Melanocytic Nevi
"When I sweat, a discolored spot on my elbows and knees gets worse.",Psoriasis Lichen Planus
A scaly spot that's tender when I rub it firmly showed up on my face and it came on gradually,Benign Keratosis-like Lesions
"Lately I've had cracked, peeling skin on my leg that comes with no real pain.",Fungal Infections
"I've had a dry, crusty spot on a sun-damaged area that keeps peeling off and returning on my forearm for some time. flaky and thickened. mild itching.",Benign Keratosis-like Lesions
"Something doesn't look right on my face: a brown to dark brown raised patch with a clearly defined, elevated border. feels like it's sitting on top of the skin rather than growing from it.",Seborrheic Keratoses
"Got a small, round, evenly colored brown spot on my leg and it came on gradually",Melanocytic Nevi
My skin on my face has been off. bumps with a fine white lacy pattern on the surface. rough-feeling in that spot. mild itching.,Psoriasis Lichen Planus
"I have occasional mild itching, and there's a raised bump on my hands.",Psoriasis Lichen Planus
There's a single-colored mole that looks exactly the same as it did years ago on my chest with fuzzy borders. even and smooth to the touch. no real pain.,Melanocytic Nevi
"Got a scaly, wart-like bump on my neck, rough-feeling in that spot",Seborrheic Keratoses
"The skin on my neck shows a red patch, and I've been dealing with mild irritation.",Melanocytic Nevi
"The skin on my feet has changed. There's a flat, tan-colored mark now. slightly raised but soft. stays exactly the same.",Melanocytic Nevi
Something's going on on my face. It's a scaly area. rough-feeling in that spot. some mild discomfort.,Fungal Infections
I'm not sure what a red patch on my chest is -- rough and flaky and no significant pain.,Viral Infections
"I developed cracked, peeling skin on my scalp that comes with no real pain.",Fungal Infections
I have a slightly raised rough patch that bleeds lightly when I scratch it on my chest and honestly it's been there for a while,Benign Keratosis-like Lesions
I'm noticing a growth that bleeds on my scalp.,Basal Cell Carcinoma
"It started changing after a lot of sun exposure, no real pain, but it bleeds a little sometimes and a rough patch on my scalp appear.",Melanoma
"Lately I've had a dry, crusty spot on a sun-damaged area that keeps peeling off and returning on the back of my hands that comes with tenderness when I press on it.",Benign Keratosis-like Lesions
"When I walk barefoot in public areas, burning between my toes and white, scaly patches on my face appear.",Fungal Infections
"Lately I've had a waxy, 'stuck-on' looking growth that appears pasted onto the skin surface on my shoulder that comes with mild irritation.",Seborrheic Keratoses
Lately I've had small circular bald patches on my scalp on my hands that comes with no real pain.,Fungal Infections
I have a raised bump near my knee and honestly it came on gradually,Melanocytic Nevi
"The skin on my face has changed. There's a rough, cauliflower-like bump with tiny black dots on the surface now. flaky and thickened. it's been there for several weeks.",Viral Infections
Small rough bumps covering my upper arms and thighs on my shoulder. with somewhat defined edges.,Atopic Dermatitis
"The skin on my scalp shows a growth that looks like it could be lifted off with a fingernail, and I've been dealing with occasional mild itching.",Seborrheic Keratoses
"I'm not sure what sharply defined plaques with very clear, distinct edges on my hands is -- flaky and thickened and some mild discomfort.",Psoriasis Lichen Planus
Lately I've had a growth that looks like it could be lifted off with a fingernail on my back that comes with mild itching.,Seborrheic Keratoses
"I'm noticing cracked, dry skin on my leg.",Atopic Dermatitis
"I have a symmetric mole with a smooth, even border on my arm with irregular edges.",Melanocytic Nevi
"So I've got a waxy, scar-like area on my back, with no real pain",Basal Cell Carcinoma
"I have a pink growth with a slightly sunken, crater-like center on my cheek with smooth and shiny on the surface.",Basal Cell Carcinoma
"It started as a scaly, reddish-pink patch on my hands. Now dry and rough to the touch. it hasn't changed much.",Benign Keratosis-like Lesions
"I've got a skin lesion on my arm -- rough and flaky -- and nothing unusual, it's just always been there",Melanocytic Nevi
A raised bump on my feet flares when the weather changes.,Psoriasis Lichen Planus
"I have a cluster of small flesh-colored bumps on my forearm, and rough and flaky.",Viral Infections
I've got skin that weeps and crusts over on my wrist -- rough and flaky -- and no significant pain,Eczema
I have patches on the extensor surface -- the outside of my elbows and knees on my wrists and honestly it's been there for a while,Psoriasis Lichen Planus
I have a raised bump on the back of my hands and honestly keeps coming back in the same spot after it peels off,Benign Keratosis-like Lesions
I have a red patch on my arm and honestly it's been there for several weeks,Psoriasis Lichen Planus
"A skin lesion, on my shoulder, rough and flaky.",Eczema
"When my clothes rub against it, I get a dry patch near my elbow.",Fungal Infections
"An inflamed patch, on my back, flaky and thickened.",Atopic Dermatitis
"When my clothes rub against it, no itching or pain at all and an inflamed patch on my wrist appear.",Melanocytic Nevi
"I have mild irritation, and there's a shiny, pearly bump with tiny visible blood vessels running through it on my scalp.",Basal Cell Carcinoma
"Lately I've had patches with blurry, ill-defined edges that spread gradually on my neck that comes with itchy and irritated.",Eczema
"There's blistering skin that bursts and leaves raw, wet patches near my elbow, and mild irritation.",Eczema
"There's a hard lump with visible black specks that look like seeds on my face with somewhat defined edges, and dry and rough to the touch.",Viral Infections
A flat-topped warty bump that keeps multiplying on my face. with fuzzy borders.,Viral Infections
A single-colored mole that looks exactly the same as it did years ago showed up on my face a while back.,Melanocytic Nevi
"The skin on my feet shows a mole that has been visibly growing and changing over the past few months, and I've been dealing with some mild discomfort.",Melanoma
"I have a cluster of small flesh-colored bumps on my arm, and flaky and thickened.",Viral Infections
"On my back: a warty, barnacle-like bump with a rough, pitted surface. it came on gradually.",Seborrheic Keratoses
"I've noticed occasional mild itching and there's blistering skin that bursts and leaves raw, wet patches on my eyelids. with somewhat defined edges. it came on gradually.",Eczema
A rash that keeps expanding outward in a ring shape showed up on my arm a while back.,Fungal Infections
"When the weather changes, I get a raised bump on my wrist.",Fungal Infections
"Got a raised bump on my chest, rough and flaky",Eczema
"Something on the back of my hands looks like a scaly, reddish-pink patch and the crust falls off and then regrows",Benign Keratosis-like Lesions
Something near my elbow looks like a rough patch and it came on gradually,Eczema
The skin on my shoulder has changed. There's a scaly area now. rough-feeling in that spot. it's been there for a while.,Seborrheic Keratoses
It started as a plantar wart on my heel that hurts when I walk near my elbow. Now flaky and thickened. it came on gradually.,Viral Infections
"There's an inflamed patch on my arm with blurry edges that fade into normal skin, and feels tender when pressed.",Benign Keratosis-like Lesions
There's a reddish mark on my bald scalp -- dry and rough to the touch -- and occasional mild itching.,Benign Keratosis-like Lesions
"I'm not sure what a dry, crusty spot on a sun-damaged area that keeps peeling off and returning on my leg is -- rough-feeling in that spot and some mild discomfort.",Benign Keratosis-like Lesions
Something showed up on the inside of my elbows. It's an inflamed patch with irregular edges. dry and scaly. no real pain.,Eczema
"So on the back of my knuckles there's a small rough bump, and occasional mild itching",Viral Infections
"I've had no significant pain for a while now. There's a smooth, pearly bump with a small dimple in the center on my wrist with somewhat defined edges.",Viral Infections
A ring-shaped rash with a raised scaly outer border and clearer skin in the middle showed up on my wrist a while back.,Fungal Infections
"When the weather changes, I get a reddish mark on my neck.",Psoriasis Lichen Planus
I've got a pigmented spot on my face.,Melanocytic Nevi
"There's a patch on my neck. It looks like a hard, rough-surfaced growth. hard and firm to the touch. keeps spreading into a small cluster.",Viral Infections
"There's a raised, warty growth around my eyes with irregular edges, and rough and irregular.",Viral Infections
"A shiny, pearly bump with tiny visible blood vessels running through it showed up on my forehead a while back.",Basal Cell Carcinoma
"I noticed small circular bald patches on my scalp on my face, along with occasional mild itching.",Fungal Infections
"Weird a scaly area on my elbows and knees, covered in thick silvery scales, no clue what it is",Psoriasis Lichen Planus
"Lately I've had a shiny, pearly bump with tiny visible blood vessels running through it near my elbow that comes with no real pain.",Basal Cell Carcinoma
"There's a scaly area on my shoulder, and occasional mild soreness.",Psoriasis Lichen Planus
"There's pinpoint bleeding spots when the scale is removed near my elbow, and no significant pain.",Psoriasis Lichen Planus
"I have mild irritation, along with a rough patch on my armpit with fuzzy borders.",Viral Infections
"I've had a round, well-defined growth on my face that has been slowly growing thicker over several years.",Seborrheic Keratoses
"I have sharply defined plaques with very clear, distinct edges on my hands and honestly it's been there for a while",Psoriasis Lichen Planus
On my face: a mole with several colors mixed in. it hasn't changed much.,Melanoma
I'm worried about a skin lesion near my knee because the crust falls off and then regrows.,Benign Keratosis-like Lesions
I've got a rough patch on my scalp.,Basal Cell Carcinoma
Something's going on near my knee. It's a skin lesion. flaky and thickened. mild itching.,Fungal Infections
"I've had a flat, slightly rough patch darker than the surrounding skin on my face for some time. rough and flaky. mild irritation.",Benign Keratosis-like Lesions
"I've had sharply defined plaques with very clear, distinct edges on my arm for a while, with some mild discomfort.",Psoriasis Lichen Planus
I'm not sure what a mole with several colors mixed in on my feet is -- dry and scaly and no real pain.,Melanoma
"I've got a smooth, symmetric mole on my shoulder.",Melanocytic Nevi
The skin on my elbows and knees has changed. There's red patches with silvery-white scales now. dry and scaly. has lasted for months without going away.,Psoriasis Lichen Planus
"I'm not sure what a spot with irregular, notched borders on my chest is -- rough-feeling in that spot and occasional mild itching.",Melanoma
I have a scaly area on my neck.,Eczema
The skin on my scalp has changed. There's a pigmented spot now. rough and flaky. it's been there for a while.,Melanoma
"There's an inflamed patch on my hands, and no significant pain.",Fungal Infections
I have an inflamed patch near my elbow with dry and scaly.,Atopic Dermatitis
"Near my knee: a smooth, symmetric mole. has been there since I was a kid and never changed.",Melanocytic Nevi
It started as scaly red patches on my shoulder. Now rough and flaky. it came on gradually.,Psoriasis Lichen Planus
"Weird a pigmented spot on my shoulder, slightly raised and uneven, no clue what it is",Melanoma
A discolored spot on my forearm. with blurry borders that blend into surrounding skin.,Atopic Dermatitis
"I'm worried about a pink growth with a slightly sunken, crater-like center near my elbow because it hasn't changed much.",Basal Cell Carcinoma
I have a discolored spot on my leg and honestly it came on gradually,Viral Infections
"I have a raised bump on my chest, and flaky and thickened.",Eczema
"A spot with jagged, notched, irregular borders, on my arm, rough and flaky.",Melanoma
Should I be worried about a plantar wart on my heel that hurts when I walk on my back? rough and irregular. it hasn't changed much.,Viral Infections
Should I be worried about a ring-shaped rash with a raised scaly outer border and clearer skin in the middle on my groin and inner thigh? dry and rough to the touch. it came on gradually.,Fungal Infections
"So on my bald scalp there's a small, dry, crusty spot, and occasional itching",Benign Keratosis-like Lesions
I've noticed mild irritation and there's a growth that looks like it could be lifted off with a fingernail on my face. with fuzzy borders. it's been there for several weeks.,Seborrheic Keratoses
"My skin on my feet has been off. a flat, slightly rough patch darker than the surrounding skin. feels dry and crusty when I run my finger over it. mild itching.",Benign Keratosis-like Lesions
Something on my face looks like a scaly area and it came on gradually,Seborrheic Keratoses
A discolored spot on my arm flares when my clothes rub against it.,Melanocytic Nevi
I've got a reddish mark on my forearm -- rough-feeling in that spot -- and no significant pain,Atopic Dermatitis
"I have a perfectly round, evenly colored brown spot that hasn't changed at all on my back.",Melanocytic Nevi
I've noticed some mild discomfort and there's a discolored spot on my back. with fuzzy borders. it's been there for a while.,Atopic Dermatitis
I've had an inflamed patch near my elbow that it came on gradually.,Seborrheic Keratoses
"A cluster of small flesh-colored bumps, on my arm, rough and flaky.",Viral Infections
There's an inflamed patch on my bald scalp -- rough-feeling in that spot -- and no real pain.,Benign Keratosis-like Lesions
"It started as a symmetric mole with a smooth, even border on my back. Now even and smooth to the touch. it's been there for several weeks.",Melanocytic Nevi
"I developed a hard, rough-surfaced growth on my feet that comes with mild discomfort when I press on it.",Viral Infections
On my feet: small rough bumps covering my upper arms and thighs. it's been there for several weeks.,Atopic Dermatitis
"A bump that keeps bleeding even after a very minor bump or scrape, on my leg, dry and scaly.",Basal Cell Carcinoma
"Got a scaly, wart-like bump on my neck, waxy and slightly greasy to the touch",Seborrheic Keratoses
"I've had mild itching for a while now. There's cracked, dry skin that stings on my leg with irregular edges.",Eczema
"When the weather changes, some mild discomfort and a single-colored mole that looks exactly the same as it did years ago on my face appear.",Melanocytic Nevi
Something's going on on my neck. It's a ring-shaped rash with a raised border. rough and flaky. some mild discomfort.,Fungal Infections
I noticed a hereditary skin condition -- my sibling has it too on the back of my hands. rough-feeling in that spot. keeps returning in the same spots year after year.,Atopic Dermatitis
"The skin on my scalp shows skin that leaks clear fluid after scratching, and I've been dealing with intense itching that wakes me up at night.",Atopic Dermatitis
"Sharply defined, scaly plaques on my wrists. dry and scaly.",Psoriasis Lichen Planus
A scaly area showed up on my neck and stays exactly the same,Melanocytic Nevi
Should I be worried about a discolored spot on my shoulder? rough and flaky. it's been there for a while.,Melanocytic Nevi
"Got a rash that keeps expanding outward in a ring shape on my face, dry and rough to the touch",Fungal Infections
I have a dry patch on my arm.,Seborrheic Keratoses
A raised bump on my neck. mild itching.,Melanoma
Got a dry patch on my neck and it's been there for several weeks,Melanocytic Nevi
"There's patches on the extensor surface -- the outside of my elbows and knees on my scalp with clear, well-demarcated borders. rough-feeling in that spot. no significant pain.",Psoriasis Lichen Planus
A red patch near my elbow. some mild discomfort.,Seborrheic Keratoses
I'm concerned about a discolored spot on my neck that it's been there for several weeks -- occasional mild itching.,Benign Keratosis-like Lesions
I'm noticing a discolored spot on my back.,Melanocytic Nevi
There's a circular scaly rash on my wrist.,Fungal Infections
Got a dry patch on my shoulder and has been changing shape and color over the last few months,Melanoma
I've had no real pain for a while now. There's a reddish mark on my arm with irregular edges.,Eczema
"I noticed a brown to dark brown raised plaque with a greasy, waxy feel on my scalp, along with no significant pain.",Seborrheic Keratoses
"I'm noticing a small, uniform dark brown spot with no irregular areas on my leg.",Melanocytic Nevi
"So on my trunk there's a tan to dark brown growth that looks thicker and greasier than a normal mole, and no real pain",Seborrheic Keratoses
I have skin that breaks open and oozes when it flares on my feet with dry and rough to the touch.,Eczema
"A smooth, pearly bump with a small dimple in the center, on my neck, rough-feeling in that spot.",Viral Infections
I'm noticing a skin lesion on my face.,Fungal Infections
"There's a smooth, pearly bump with a small dimple in the center on my scalp, and occasional mild itching.",Viral Infections
"Should I be worried about a scaly, wart-like bump on my face? rough and bumpy on the surface. it hasn't changed much.",Seborrheic Keratoses
"I'm noticing cracked, dry skin that stings on my wrists.",Eczema
"Something's going on near my knee. It's athlete's foot causing cracked, peeling, white skin between my toes. peeling and flaking. no real pain.",Fungal Infections
"Got dry, scaly skin on my arms, dry and scaly",Psoriasis Lichen Planus
"I'm worried about raw, weeping patches that crust over as they heal on my wrists because it's been there for a while.",Eczema
I've got an inflamed patch on my scalp.,Melanoma
A ring-shaped rash with a raised scaly outer border and clearer skin in the middle near my knee. intense itching and burning.,Fungal Infections
I have a discolored spot on my hands with somewhat defined edges.,Benign Keratosis-like Lesions
I've had a discolored spot on my arm that it's been there for several weeks.,Psoriasis Lichen Planus
I've had an itch that triggers before any visible rash appears on my chest for some time. flaky and thickened. intense itching that wakes me up at night.,Atopic Dermatitis
"I have a growth that bleeds on my cheek. flaky and thickened. hasn't healed in over two months despite repeated scabbing. no discomfort, it just won't go away.",Basal Cell Carcinoma
"When the weather changes, burning between my toes and a discolored spot on my groin and inner thigh appear.",Fungal Infections
"Weird a dry patch on my shoulder, even and smooth to the touch, no clue what it is",Melanocytic Nevi
Thick silvery-white scales that flake off in sheets on my shins. keeps flaking off no matter what I do. occasional mild itching.,Psoriasis Lichen Planus
"I have occasional itching around the bump, and there's a raised, well-defined bump on my hands.",Viral Infections
"A smooth, symmetric mole on my face. slightly raised but soft.",Melanocytic Nevi
"When the weather changes, I get a scaly, wart-like bump on my face.",Seborrheic Keratoses
"When my clothes rub against it, I get a reddish mark near my knee.",Basal Cell Carcinoma
"I have a scaly, reddish-pink patch on my shoulder, and rough and flaky.",Benign Keratosis-like Lesions
"I've got raw, weeping patches that crust over as they heal on my neck.",Eczema
Something doesn't look right on my leg: a dry patch with fuzzy borders. dry and scaly.,Melanoma
I notice mild itching when I sweat. There's an inflamed patch on my leg.,Atopic Dermatitis
"The skin on my back shows patches that ooze clear fluid when I scratch, and I've been dealing with some mild discomfort.",Eczema
"I've had a stinging feeling especially after sweating for a while now. There's a reddish-brown patch that gets worse in hot, humid weather near my knee with fuzzy borders.",Fungal Infections
"There's a rough, sandpaper-like patch that feels much rougher than it looks on my chest with irregular edges. rough-feeling in that spot. no significant pain.",Benign Keratosis-like Lesions
"My skin on my shoulder has been off. a reddish-brown patch that gets worse in hot, humid weather. rough and flaky. no real pain.",Fungal Infections
"A ring-shaped rash with a raised scaly outer border and clearer skin in the middle on my chest. rough around the border, softer in the center.",Fungal Infections
I have a rough-surfaced growth on my back. rough and flaky. it hasn't changed much. no real pain.,Seborrheic Keratoses
I developed a bump that keeps bleeding even after a very minor bump or scrape on my arm that comes with mild irritation but nothing painful.,Basal Cell Carcinoma
"A mole with an asymmetrical, uneven shape -- one half doesn't match the other on my chest, mild irritation, been there ages",Melanoma
On my scalp: small circular bald patches on my scalp. it's been there for a while.,Fungal Infections
I've got a reddish mark on my arm.,Melanoma
"I have no discomfort whatsoever, and there's a symmetric mole with a smooth, even border on my back.",Melanocytic Nevi
"On my back: a mole with an uneven, asymmetrical shape. has been changing shape and color over the last few months.",Melanoma
"A red patch, on my forearm, thick and plaque-like.",Psoriasis Lichen Planus
I'm not sure what an inflamed patch on my forearm is -- dry and scaly and mild irritation.,Eczema
I developed a growth that looks like it could be lifted off with a fingernail on my neck that comes with mild irritation when it catches on something.,Seborrheic Keratoses
"I'm concerned about sharply defined plaques with very clear, distinct edges on my forearm that it's been there for several weeks -- itching that can get severe.",Psoriasis Lichen Planus
I have a skin lesion on my wrist and honestly it hasn't changed much,Benign Keratosis-like Lesions
"Lately I've had a small, shiny, pearly bump on my shoulder that comes with occasional mild itching.",Basal Cell Carcinoma
"I've had skin irritation triggered by a certain soap or fabric on my eyelids for a while, with itchy and irritated.",Eczema
"When I sweat, a soft, dome-shaped mole that's been stable for as long as I can remember on my feet gets worse.",Melanocytic Nevi
There's a red patch on my back -- dry and cracked to the touch -- that keeps returning in the same spots year after year.,Atopic Dermatitis
There's a reddish mark on the sole of my foot -- rough and flaky -- and mild itching.,Fungal Infections
I notice no significant pain when I sweat. There's a rough patch near my knee.,Atopic Dermatitis
"I've noticed no significant pain and there's thick silvery-white scales that flake off in sheets on my wrist. with clear, well-demarcated borders. it's been there for a while.",Psoriasis Lichen Planus
"There's thickened, leathery patches on my neck with indistinct, gradually fading edges. rough-feeling in that spot. mild itching.",Atopic Dermatitis
"I have blistering skin that bursts and leaves raw, wet patches on my eyelids with dry and scaly.",Eczema
Skin prone to frequent infections from all the scratching around my eyes. itching so bad it keeps me awake.,Atopic Dermatitis
Something doesn't look right on my neck: a skin lesion with irregular edges. rough-feeling in that spot.,Benign Keratosis-like Lesions
"I noticed a shiny, pearly bump with tiny visible blood vessels running through it on my forehead, along with no real pain.",Basal Cell Carcinoma
I'm not sure what a plantar wart on my heel that hurts when I walk near my elbow is -- rough-feeling in that spot and no real pain.,Viral Infections
I've got a hereditary skin condition -- my sibling has it too on my shoulder.,Atopic Dermatitis
"I'm worried about raw, weeping patches that crust over as they heal on my wrists because it's been there for several weeks.",Eczema
I'm not sure what a growth that bleeds on my feet is -- rough and flaky and occasional mild itching.,Melanoma
I've been watching a cluster of small flesh-colored bumps on my hands and it's been there for a while. occasional itching around the bump.,Viral Infections
"Something showed up on my hands. It's a flat, pink-red scaly patch with a gritty texture on my sun-exposed skin with ill-defined, gradual borders. feels tender when pressed. some mild discomfort.",Benign Keratosis-like Lesions
"The cluster grew after I picked at it, I get a reddish mark on my face.",Viral Infections
"Got a scaly area on my shoulder, rough-feeling in that spot",Seborrheic Keratoses
Something's going on on my scalp. It's a reddish mark. dry and rough to the touch. some mild discomfort.,Viral Infections
"When I sweat, I get a scaly, wart-like bump on my arm.",Seborrheic Keratoses
"So I've got a single-colored mole that looks exactly the same as it did years ago on my shoulder, with mild itching",Melanocytic Nevi
"I'm concerned about a spot with jagged, notched, irregular borders on my shoulder that looks completely different compared to a year ago -- no real pain.",Melanoma
A scaly area showed up on my shoulder a while back.,Fungal Infections
"I'm worried about a flat, slightly rough patch darker than the surrounding skin on my ears because seems to be slowly getting larger.",Benign Keratosis-like Lesions
I have a red patch near my elbow with dry and rough to the touch.,Seborrheic Keratoses
"On my scalp: a flat, slightly rough patch darker than the surrounding skin. it showed up recently.",Benign Keratosis-like Lesions
"There's raw, weeping patches that crust over as they heal on my scalp with blurry, ill-defined edges, and rough and leathery feeling.",Eczema
"When I sweat, scaly, irritated skin on my hands gets worse.",Atopic Dermatitis
"I've got blistering skin that bursts and leaves raw, wet patches on my wrist.",Eczema
"Athlete's foot causing cracked, peeling, white skin between my toes on my back, no real pain.",Fungal Infections
A red patch showed up on my leg and keeps spreading into a small cluster,Viral Infections
"I'm noticing a slightly raised, uniform-colored bump on my leg.",Melanocytic Nevi
Something showed up near my elbow. It's a dry patch with fuzzy borders. dry and rough to the touch. occasional mild itching.,Atopic Dermatitis
"I've got a thin, thread-like skin tag growing on my eyelid on my hands -- rough like sandpaper on the surface -- and no real pain",Viral Infections
I've had a ring-shaped rash with a raised border on my chest that it came on gradually.,Fungal Infections
I've had a discolored spot on my feet that it hasn't changed much.,Fungal Infections
"It started as a waxy, scar-like area on my shoulder. Now dry and scaly. keeps bleeding, scabbing over, and then reopening.",Basal Cell Carcinoma
"There's a rough, sandpaper-like patch that feels much rougher than it looks near my elbow, and mild stinging or burning feeling.",Benign Keratosis-like Lesions
"An inflamed patch on my back, no significant pain, been there ages",Seborrheic Keratoses
"There's dry, red inflamed patches on my hands with blurry borders that blend into surrounding skin. feels dry and scaly to the touch. some mild discomfort.",Atopic Dermatitis
A dry patch showed up on my upper back and chest a while back.,Fungal Infections
"I have occasional mild itching, along with red, inflamed areas on my wrists with somewhat defined edges.",Eczema
"A flat, slightly rough patch darker than the surrounding skin showed up on my neck a while back.",Benign Keratosis-like Lesions
There's a reddish mark on my chest -- dry and rough to the touch -- and no significant pain.,Melanoma
"I have no significant pain, and there's a raised bump on my face.",Psoriasis Lichen Planus
There's a skin lesion on my face -- rough and flaky -- and mild itching.,Melanocytic Nevi
I've had a scaly area on my forearm for some time. rough-feeling in that spot. mild itching.,Viral Infections
"I have a symmetric mole with a smooth, even border on my face. even and smooth to the touch. it's been there for a while. nothing unusual, it's just always been there.",Melanocytic Nevi
"I developed a waxy, 'stuck-on' looking growth that appears pasted onto the skin surface on my face that comes with no pain, just occasional mild itching if clothing rubs it.",Seborrheic Keratoses
My skin on my back has been off. a rough-surfaced growth. feels dry and crusty when I run my finger over it. tenderness when I press on it.,Benign Keratosis-like Lesions
"When my clothes rub against it, I get a growth that looks like it could be lifted off with a fingernail on my arm.",Seborrheic Keratoses
I developed an inflamed patch near my elbow that comes with mild irritation.,Viral Infections
"I've noticed a raised, well-defined bump on my armpit lately.",Viral Infections
"I'm worried about a small, uniform dark brown spot with no irregular areas on my face because stays exactly the same.",Melanocytic Nevi
"Weird a brown to dark brown raised patch near my knee, dry and rough to the touch, no clue what it is",Seborrheic Keratoses
"I developed a brown to dark brown raised plaque with a greasy, waxy feel on my arm that comes with some mild discomfort.",Seborrheic Keratoses
"I noticed skin that breaks open and oozes when it flares on my scalp, along with no significant pain.",Eczema
Lately I've had a red patch on my arm that comes with no real pain.,Eczema
"So on my forehead there's an inflamed patch, and no discomfort, it just won't go away",Basal Cell Carcinoma
The skin on my hands has changed. There's a slightly raised rough patch that bleeds lightly when I scratch it now. dry and scaly. it hasn't changed much.,Benign Keratosis-like Lesions
I have a raised bump on my hands. dry and scaly. it's been there for a while. no real pain.,Benign Keratosis-like Lesions
"So on my shoulder there's a bump that keeps bleeding even after a very minor bump or scrape, and occasional mild itching",Basal Cell Carcinoma
"There's an itch that triggers before any visible rash appears on my shoulder, and itchy and irritated.",Atopic Dermatitis
There's a dry patch on my leg -- rough and flaky -- that it came on gradually.,Melanoma
"I've noticed a thin, thread-like skin tag growing on my eyelid on the back of my knuckles lately.",Viral Infections
"When I sweat, a waxy, scar-like area on my cheek gets worse.",Basal Cell Carcinoma
An inflamed patch on my face flares when the weather changes.,Seborrheic Keratoses
I have a reddish mark on my feet with irregular edges.,Melanocytic Nevi
A rough patch near my knee. no real pain.,Eczema
"When the weather changes, I get a rough patch on my forearm.",Seborrheic Keratoses
I notice no significant pain when my clothes rub against it. There's a skin lesion on my chest.,Psoriasis Lichen Planus
I've got a spot that's larger than a pencil eraser and keeps getting bigger on my wrist -- dry and scaly -- and some mild discomfort,Melanoma
I've noticed a discolored spot on my arm lately.,Melanocytic Nevi
"There's a scaly, wart-like bump on my trunk with somewhat defined edges. dry and scaly. no pain, just occasional mild itching if clothing rubs it.",Seborrheic Keratoses
"There's a patch near my knee. It looks like a waxy, 'stuck-on' looking growth that appears pasted onto the skin surface. flaky and thickened. it showed up recently.",Seborrheic Keratoses
"It started changing after a lot of sun exposure, no significant pain and a mole with multiple colors -- brown, black, red, and even some pale areas on my leg appear.",Melanoma
"I've had no significant pain for a while now. There's a scaly, reddish-pink patch on my face with blurry edges that fade into normal skin.",Benign Keratosis-like Lesions
I have a rough patch on my scalp.,Melanoma
"A discolored spot on my neck. with translucent, blurry borders.",Basal Cell Carcinoma
I noticed a pink bump with a sunken center on my nose. the center feels soft and tends to crust over. it showed up recently.,Basal Cell Carcinoma
"Something's going on on my leg. It's a spot with jagged, notched, irregular borders. rough-feeling in that spot. mild itching.",Melanoma
The skin on my chest has changed. There's an itch that triggers before any visible rash appears now. dry and scaly. it's been there for several weeks.,Atopic Dermatitis
"When my clothes rub against it, I get a hard, rough-surfaced growth on my neck.",Viral Infections
I have an inflamed patch on my wrist.,Melanoma
"I noticed a flat, tan-colored mark on my forearm, along with mild itching.",Melanocytic Nevi
I have an inflamed patch on my forearm. dry and rough to the touch. it's been there for a while. constant urge to scratch that never really goes away.,Atopic Dermatitis
I've been watching small rough bumps covering my upper arms and thighs on my shoulder and it's been there for several weeks. itching so bad it keeps me awake.,Atopic Dermatitis
"I have a smooth, pearly bump with a small dimple in the center on my forearm.",Viral Infections
"I noticed a warty, barnacle-like bump with a rough, pitted surface on my hands. dry and rough to the touch. stayed the same size for a long time but got darker recently.",Seborrheic Keratoses
"There's a flat, tan-colored mark on my wrist, and no real pain.",Melanocytic Nevi
A mole that has been visibly growing and changing over the past few months near my knee. occasional mild itching.,Melanoma
"Scaly red patches on my neck, some mild discomfort, been there ages",Eczema
"There's a thick, yellowed, crumbly nail that's lifting off the nail bed on my forearm with a well-defined ring-shaped border. soft and macerated where skin touches skin. no real pain.",Fungal Infections
"A soft, dome-shaped mole that's been stable for as long as I can remember on my face. it hasn't changed much. no itching or pain at all.",Melanocytic Nevi
I've had a raised bump near my elbow that it hasn't changed much.,Viral Infections
"I noticed dry, red inflamed patches on my cheeks. flaky and thickened. it hasn't changed much.",Atopic Dermatitis
"I have sharply defined, scaly plaques near my elbow, and dry and scaly.",Psoriasis Lichen Planus
I'm noticing a scaly area on my back.,Seborrheic Keratoses
"I'm concerned about a mole with multiple colors -- brown, black, red, and even some pale areas on my back that looks completely different compared to a year ago -- occasional mild itching.",Melanoma
"Dry, itchy patches that have been recurring since childhood showed up on my neck a while back.",Atopic Dermatitis
"I have a rough, sandpaper-like patch that feels much rougher than it looks on my bald scalp with irregular edges.",Benign Keratosis-like Lesions
"When my clothes rub against it, a waxy, scar-like flat patch with an indistinct border on my chest gets worse.",Basal Cell Carcinoma
"A symmetric mole with a smooth, even border appeared near my elbow a while ago. with symmetric, clean borders. dry and scaly. it's been there for several weeks.",Melanocytic Nevi
"My skin on my neck is doing something weird -- a raised, well-defined bump",Seborrheic Keratoses
"I have mild stinging or burning feeling, along with a dry patch on my hands with fuzzy borders.",Benign Keratosis-like Lesions
"A circular scaly rash on my groin and inner thigh, no significant pain.",Fungal Infections
"Lately I've had white, scaly patches on my hands that comes with mild itching that worsens in humid weather.",Fungal Infections
My skin on the sole of my foot is doing something weird -- a cluster of small flesh-colored bumps,Viral Infections
"I've had a rough, sandpaper-like patch that feels much rougher than it looks on my wrist for some time. rough and flaky. mild irritation.",Benign Keratosis-like Lesions
I developed an open sore that won't fully heal near my knee that comes with some mild discomfort.,Basal Cell Carcinoma
"I'm concerned about a flat, pink-red scaly patch with a gritty texture on my sun-exposed skin on my neck that it came on gradually -- no real pain.",Benign Keratosis-like Lesions
I've had a scaly spot that's tender when I rub it firmly on my forearm for some time. dry and rough to the touch. mild stinging or burning feeling.,Benign Keratosis-like Lesions
"A discolored spot on my chest, mild irritation, been there ages",Viral Infections
On my feet: a reddish mark. started as a small mole and has grown noticeably bigger.,Melanoma
"Something showed up on my lower back. It's small flat-topped shiny purplish bumps with precise, punched-out looking borders. covered in thick silvery scales. itchy and irritated.",Psoriasis Lichen Planus
"An inflamed patch, near my knee, dry and rough to the touch.",Basal Cell Carcinoma
"I have a stinging sensation where the skin cracks at the edges, and there's patches on the extensor surface -- the outside of my elbows and knees near my knee.",Psoriasis Lichen Planus
"So I've got red, ring-shaped scaly patches on the sole of my foot, with no significant pain",Fungal Infections
"There's skin that breaks open and oozes when it flares on my leg, and mild irritation.",Eczema
On my hands: a scaly area. it hasn't changed much.,Basal Cell Carcinoma
"My skin on my face is doing something weird -- a mole with an uneven, asymmetrical shape",Melanoma
My skin on my neck has been off. an inflamed patch. dry and rough to the touch. painful when I put weight on it.,Viral Infections
"Weird a growth that looks like it could be lifted off with a fingernail on my back, dry and rough to the touch, no clue what it is",Seborrheic Keratoses
I have a red patch on my wrists with irregular edges.,Atopic Dermatitis
"A mole with an asymmetrical, uneven shape -- one half doesn't match the other appeared on my chest a while ago. with somewhat defined edges. rough and flaky. it came on gradually.",Melanoma
A pigmented spot showed up on my scalp and started as a small mole and has grown noticeably bigger,Melanoma
"Patches with blurry, ill-defined edges that spread gradually near my knee, itchy and irritated, been there ages",Eczema
"There's dry, scaly skin on my wrist, and occasional mild soreness.",Psoriasis Lichen Planus
Got a growth that looks like it could be lifted off with a fingernail on my neck and it showed up recently,Seborrheic Keratoses
There's a patch on my scalp. It looks like a slightly raised rough patch that bleeds lightly when I scratch it. feels tender when pressed. seems to be slowly getting larger.,Benign Keratosis-like Lesions
A skin lesion showed up on my back and it's been there for a while,Psoriasis Lichen Planus
"Raw, inflamed skin showed up near my knee a while back.",Eczema
"I've got a thin, thread-like skin tag growing on my eyelid near my elbow.",Viral Infections
I have a rough patch on my hands with dry and scaly.,Eczema
"Lately I've had a mole with an uneven, asymmetrical shape on my chest that comes with no real pain, but it bleeds a little sometimes.",Melanoma
"A brown to dark brown raised plaque with a greasy, waxy feel showed up near my elbow and has been slowly growing thicker over several years",Seborrheic Keratoses
"I have an open sore that bleeds, scabs over, and then reopens a few weeks later on my neck with somewhat defined edges.",Basal Cell Carcinoma
"A pink growth with a slightly sunken, crater-like center appeared on my wrist a while ago. with fuzzy borders. smooth and shiny on the surface. it's been there for several weeks.",Basal Cell Carcinoma
There's a patch on my shoulder. It looks like a red patch. dry and scaly. showed up suddenly and multiplied into several bumps.,Viral Infections
"I have some mild discomfort, along with skin prone to frequent infections from all the scratching on my shoulder with fuzzy borders.",Atopic Dermatitis
I notice mild itching it started changing after a lot of sun exposure. There's a reddish mark on my arm.,Melanoma
"A flat, reddish, scaly patch on my face, mild irritation but nothing painful.",Basal Cell Carcinoma
"I've had sharply defined plaques with very clear, distinct edges on my chest that keeps flaking off no matter what I do.",Psoriasis Lichen Planus
"Something's going on on my forearms. It's a flat, pink-red scaly patch with a gritty texture on my sun-exposed skin. dry and rough to the touch. mild irritation.",Benign Keratosis-like Lesions
"I have occasional mild itching, and there's a rash that keeps expanding outward in a ring shape on my arm.",Fungal Infections
"I've had scaly red patches near my elbow for a while, with occasional mild itching.",Eczema
I'm concerned about a growth that looks like it could be lifted off with a fingernail on my trunk that it's been there for a while -- no discomfort unless I scratch it.,Seborrheic Keratoses
A rash that keeps expanding outward in a ring shape on my forearm. it came on gradually. no real pain.,Fungal Infections
"Got a scaly area on my scalp, rough and leathery feeling",Eczema
My skin on my neck is doing something weird -- a plantar wart on my heel that hurts when I walk,Viral Infections
"I have a small rough bump on the back of my knuckles, and dry and scaly.",Viral Infections
There's a patch on my forearm. It looks like patches on the extensor surface -- the outside of my elbows and knees. rough and flaky. has lasted for months without going away.,Psoriasis Lichen Planus
"There's an open sore that won't fully heal on my neck with somewhat defined edges, and rough-feeling in that spot.",Basal Cell Carcinoma
There's a growth that bleeds on my arm with somewhat defined edges. dry and rough to the touch. occasional mild itching.,Melanoma
"There's a rough patch on my arm with fuzzy borders, and rough-feeling in that spot.",Eczema
There's an inflamed patch on my scalp -- dry and cracked to the touch -- that has been a recurring problem since I was young.,Atopic Dermatitis
"I have a slightly raised rough patch that bleeds lightly when I scratch it near my elbow with a somewhat irregular, flat border.",Benign Keratosis-like Lesions
A rough-surfaced growth on my scalp. with somewhat defined edges.,Seborrheic Keratoses
"I've got scaly, irritated skin on the folds of my elbows and knees.",Atopic Dermatitis
I've had a brown to dark brown raised patch on my shoulder that it hasn't changed much.,Seborrheic Keratoses
I noticed a red patch on my scalp. dry and scaly. it's been there for several weeks.,Seborrheic Keratoses
"I've had a waxy, 'stuck-on' looking growth that appears pasted onto the skin surface on my forearm that it showed up recently.",Seborrheic Keratoses
I've had a reddish mark on my wrists that has been a recurring problem since I was young.,Atopic Dermatitis
I've had a skin lesion near my knee for some time. flaky and thickened. mild itching.,Benign Keratosis-like Lesions
"I've got a small, uniform dark brown spot with no irregular areas on my feet.",Melanocytic Nevi
"Got a dry patch on my face, flaky and thickened",Psoriasis Lichen Planus
Lately I've had thick silvery-white scales that flake off in sheets on my face that comes with occasional mild itching.,Psoriasis Lichen Planus
"I've had a dry, crusty spot on a sun-damaged area that keeps peeling off and returning on my wrist that seems to be slowly getting larger.",Benign Keratosis-like Lesions
"When the weather changes, a skin lesion on my hands gets worse.",Eczema
"I've noticed a waxy, scar-like flat patch with an indistinct border on my forearm lately.",Basal Cell Carcinoma
"It started as a smooth, pearly bump with a small dimple in the center on my neck. Now dry and rough to the touch. it came on gradually.",Viral Infections
"I have a growth that bleeds on my scalp and honestly keeps bleeding, scabbing over, and then reopening",Basal Cell Carcinoma
Lately I've had a scaly area on my chest that comes with no significant pain.,Melanoma
I've got symmetrical red patches on both sides of my body on my back.,Atopic Dermatitis
"I've got a dry, crusty spot on a sun-damaged area that keeps peeling off and returning on my feet -- flaky and thickened -- and mild itching",Benign Keratosis-like Lesions
"There's a ring-shaped rash with a raised border on my toenail, and a stinging feeling especially after sweating.",Fungal Infections
"I have an open sore that bleeds, scabs over, and then reopens a few weeks later on my chest.",Basal Cell Carcinoma
I'm not sure what a plantar wart on my heel that hurts when I walk on my wrist is -- hard and firm to the touch and occasional mild itching.,Viral Infections
"The skin near my elbow shows a circular scaly rash, and I've been dealing with some mild discomfort.",Fungal Infections
"The skin on the back of my hands shows cracked, dry skin that stings, and I've been dealing with occasional mild itching.",Eczema
"I noticed cracked, peeling skin on my arm, along with burning between my toes.",Fungal Infections
"Something's going on on my wrist. It's dry, scaly skin. flaky when I run my hand over it. mild irritation.",Psoriasis Lichen Planus
I'm concerned about a discolored spot on my chest that it's been there for a while -- mild irritation.,Melanoma
"My skin on my feet has been off. thickened, leathery patches. rough and flaky. no significant pain.",Atopic Dermatitis
"My skin on my face has been off. a mole with an asymmetrical, uneven shape -- one half doesn't match the other. dry and rough to the touch. occasional mild itching.",Melanoma
The skin on my chest has changed. There's a rough-surfaced growth now. flaky and thickened. stayed the same size for a long time but got darker recently.,Seborrheic Keratoses
There's a reddish-brown rash near my knee.,Fungal Infections
"Weird a warty, barnacle-like bump with a rough, pitted surface on my trunk, dry and scaly, no clue what it is",Seborrheic Keratoses
"A thin, thread-like skin tag growing on my eyelid showed up on my face and it's been there for several weeks",Viral Infections
A dark brown spot on my back. flaky and thickened.,Melanoma
"I have no real pain, but it bleeds a little sometimes, along with a mole with multiple colors -- brown, black, red, and even some pale areas on my scalp with jagged edges that look ragged.",Melanoma
"There's a hard lump with visible black specks that look like seeds near my knee, rough like sandpaper on the surface, not sure what it is",Viral Infections
I'm not sure what a rough patch on my forearm is -- dry and rough to the touch and no itching or pain at all.,Melanocytic Nevi
"So on my neck there's patches that ooze and crust, and itching so bad it keeps me awake",Eczema
Something showed up near my knee. It's a plantar wart on my heel that hurts when I walk with somewhat defined edges. smooth with a central dimple. no real pain.,Viral Infections
"I have blistering skin that bursts and leaves raw, wet patches on my scalp with irregular edges.",Eczema
I noticed a ring-shaped rash with a raised scaly outer border and clearer skin in the middle near my knee. rough-feeling in that spot. it's been there for a while.,Fungal Infections
"The skin near my elbow shows a raised, well-defined bump, and I've been dealing with no real pain.",Seborrheic Keratoses
"I've had a waxy, scar-like area on my forehead that it's been there for several weeks.",Basal Cell Carcinoma
I notice no significant pain when my clothes rub against it. There's scaly red patches near my knee.,Psoriasis Lichen Planus
Something on my hands looks like a raised bump and keeps coming back every winter when the air gets dry,Eczema
"Weird small rough bumps covering my upper arms and thighs on my leg, rough-feeling in that spot, no clue what it is",Atopic Dermatitis
"Something doesn't look right on my leg: a mole with an asymmetrical, uneven shape -- one half doesn't match the other with somewhat defined edges. flaky and thickened.",Melanoma
My skin on my forearm is doing something weird -- a red patch,Atopic Dermatitis
There's a patch on my wrist. It looks like a spot that's larger than a pencil eraser and keeps getting bigger. rough-feeling in that spot. it came on gradually.,Melanoma
"I noticed small flat-topped shiny purplish bumps on my arm, along with itching that can get severe.",Psoriasis Lichen Planus
"I have red, inflamed areas on my shoulder.",Atopic Dermatitis
"I've noticed some mild discomfort and there's a dry, crusty spot on a sun-damaged area that keeps peeling off and returning on my bald scalp. with ill-defined, gradual borders. it's been there for several weeks.",Benign Keratosis-like Lesions
There's thick red raised plaques on my feet.,Psoriasis Lichen Planus
"The skin around my eyes shows symmetrical red patches on both sides of my body, and I've been dealing with mild irritation.",Atopic Dermatitis
The skin on my leg has changed. There's a dry patch now. flaky and thickened. it's been there for several weeks.,Benign Keratosis-like Lesions
Something doesn't look right on my wrist: a tan to dark brown growth that looks thicker and greasier than a normal mole with somewhat defined edges. rough-feeling in that spot.,Seborrheic Keratoses
I'm noticing a dry patch on my lower lip.,Benign Keratosis-like Lesions
"There's athlete's foot causing cracked, peeling, white skin between my toes on my leg.",Fungal Infections
"Should I be worried about a mole with multiple colors -- brown, black, red, and even some pale areas on my face? slightly raised and uneven. looks completely different compared to a year ago.",Melanoma
I'm worried about a plantar wart on my heel that hurts when I walk on my arm because it's been there for several weeks.,Viral Infections
I have a rough patch on my feet and honestly it came on gradually,Melanocytic Nevi
There's a flat-topped warty bump that keeps multiplying on my leg -- dry and scaly -- and no significant pain.,Viral Infections
Got a mole with several colors mixed in on my leg and has started bleeding and crusting on its own,Melanoma
I've got small flat-topped shiny purplish bumps on my arm.,Psoriasis Lichen Planus
"So I've got patches on the extensor surface -- the outside of my elbows and knees on my neck, with a stinging sensation where the skin cracks at the edges",Psoriasis Lichen Planus
"I noticed a hereditary skin condition -- my sibling has it too on my arm, along with itching so bad it keeps me awake.",Atopic Dermatitis
I've been watching patches on the extensor surface -- the outside of my elbows and knees on my shoulder and it showed up recently. mild itching.,Psoriasis Lichen Planus
"On areas that get a lot of sun exposure, mild itching and a scaly area on my wrist appear.",Benign Keratosis-like Lesions
"I'm noticing a soft, dome-shaped mole that's been stable for as long as I can remember on my arm.",Melanocytic Nevi
"So I've got a rough patch on my scalp, with mild irritation when it catches on something",Seborrheic Keratoses
"My skin on my chest is doing something weird -- a brown to dark brown raised plaque with a greasy, waxy feel",Seborrheic Keratoses
On my shoulder: a reddish-brown rash. keeps expanding outward from the center.,Fungal Infections
I have a scaly area on my shoulder with rough and flaky.,Seborrheic Keratoses
"A dry, crusty spot on a sun-damaged area that keeps peeling off and returning on my leg flares when I sweat.",Benign Keratosis-like Lesions
I'm concerned about a dark brown spot on my back that it's been there for several weeks -- no real pain.,Melanoma
"There's a reddish-brown patch that gets worse in hot, humid weather on my scalp with somewhat defined edges, and flaky and thickened.",Fungal Infections
"On areas that get a lot of sun exposure, I get a scaly area on my neck.",Benign Keratosis-like Lesions
"Weird sharply defined, scaly plaques inside my mouth, rough and flaky, no clue what it is",Psoriasis Lichen Planus
"There's a flat, pink-red scaly patch with a gritty texture on my sun-exposed skin on my feet -- flaky and thickened -- that it's been there for several weeks.",Benign Keratosis-like Lesions
"Something on my face looks like a rough, cauliflower-like bump with tiny black dots on the surface and it showed up recently",Viral Infections
A red patch appeared on my shoulder a while ago. with somewhat defined edges. rough-feeling in that spot. it showed up recently.,Fungal Infections
"Something doesn't look right on my nose: a pink bump with a sunken center with an indistinct, difficult-to-define edge. dry and scaly.",Basal Cell Carcinoma
"There's a hereditary skin condition -- my sibling has it too on my cheeks with fuzzy borders, and flaky and thickened.",Atopic Dermatitis
"I have some mild discomfort, and there's a mole with several colors mixed in on my scalp.",Melanoma
My skin on my neck is doing something weird -- a skin lesion,Melanoma
"A raised, warty growth on my armpit. it's been there for several weeks. occasional itching around the bump.",Viral Infections
"Something on my leg looks like a discolored spot and keeps bleeding, scabbing over, and then reopening",Basal Cell Carcinoma
"I've got a warty, barnacle-like bump with a rough, pitted surface on my wrist -- rough and flaky -- and no significant pain",Seborrheic Keratoses
"So I've got a rough patch on my neck, with occasional mild itching",Benign Keratosis-like Lesions
"I have mild itching, and there's a cluster of small flesh-colored bumps on my leg.",Viral Infections
"I've been watching a symmetric mole with a smooth, even border on my back and hasn't changed in size, shape, or color. no discomfort whatsoever.",Melanocytic Nevi
I have skin prone to frequent infections from all the scratching on my arm with dry and rough to the touch.,Atopic Dermatitis
"I have white, scaly patches on my wrist.",Fungal Infections
"My skin on the sole of my foot is doing something weird -- athlete's foot causing cracked, peeling, white skin between my toes",Fungal Infections
"I developed a brown to dark brown raised plaque with a greasy, waxy feel on my back that comes with no significant pain.",Seborrheic Keratoses
"So on my hands there's red, inflamed areas, and no significant pain",Eczema
"I developed a waxy, stuck-on looking growth on my back that comes with mild irritation when it catches on something.",Seborrheic Keratoses
"I've had a symmetric mole with a smooth, even border on my leg that it's been there for several weeks.",Melanocytic Nevi
I've had patches that ooze clear fluid when I scratch near my elbow that it showed up recently.,Eczema
I noticed a dry patch on my feet. dry and scaly. it showed up recently.,Seborrheic Keratoses
An inflamed patch appeared on my face a while ago. with somewhat defined edges. rough and flaky. it hasn't changed much.,Melanoma
I have a reddish mark near my knee with dry and rough to the touch.,Benign Keratosis-like Lesions
"Red, inflamed areas on the back of my hands. with blurry, ill-defined edges.",Eczema
It started as an inflamed patch on my hands. Now rough-feeling in that spot. it came on gradually.,Atopic Dermatitis
"I've had white, scaly patches on my arm for some time. dry and scaly. mild itching.",Fungal Infections
"When my clothes rub against it, I get a soft, dome-shaped mole that's been stable for as long as I can remember on my forearm.",Melanocytic Nevi
Lately I've had a discolored spot on my shoulder that comes with mild itching.,Basal Cell Carcinoma
Something's going on on my back. It's a red patch. dry and rough to the touch. mild itching.,Eczema
"Got a slightly raised, uniform-colored bump on my forearm, rough-feeling in that spot",Melanocytic Nevi
I have thick red raised plaques on my back with fuzzy borders.,Psoriasis Lichen Planus
"I've had a small, dry, crusty spot on my chest for a while, with no significant pain.",Benign Keratosis-like Lesions
"There's red to brownish-gray patches on my feet, flaky and thickened, not sure what it is",Eczema
"I've noticed no discomfort unless I scratch it and there's a brown to dark brown raised plaque with a greasy, waxy feel near my elbow. with distinct, punched-out looking edges. it's been there for several weeks.",Seborrheic Keratoses
A discolored spot on my face. occasional mild itching.,Seborrheic Keratoses
"Got a scaly area on my lower back, flaky when I run my hand over it",Psoriasis Lichen Planus
I'm not sure what a reddish mark on my back is -- flaky and thickened and mild itching.,Fungal Infections
I notice no significant pain when I sweat. There's a scaly area on my face.,Basal Cell Carcinoma
"When my clothes rub against it, a perfectly round, evenly colored brown spot that hasn't changed at all on my neck gets worse.",Melanocytic Nevi
"I developed a spot that's larger than a pencil eraser and keeps getting bigger on my forearm that comes with no real pain, but it bleeds a little sometimes.",Melanoma
I've got a skin lesion on my leg.,Viral Infections
"When I sweat, intense itching and burning and a raised bump on my toenail appear.",Fungal Infections
I've noticed occasional mild itching and there's an inflamed patch on my wrist. with irregular edges. it came on gradually.,Fungal Infections
"In hot and humid weather, mild itching and white, scaly patches on my scalp appear.",Fungal Infections
I've had a plantar wart on my heel that hurts when I walk near my knee for some time. rough-feeling in that spot. occasional mild itching.,Viral Infections
"Weird a skin lesion on my face, feels like it's sitting on top of the skin rather than growing from it, no clue what it is",Seborrheic Keratoses
"I have a hard, rough-surfaced growth on my neck. hard and firm to the touch. it hasn't changed much. no significant pain.",Viral Infections
"The skin on my face has changed. There's a thin, thread-like skin tag growing on my eyelid now. rough and irregular. showed up suddenly and multiplied into several bumps.",Viral Infections
"Weird a perfectly round, evenly colored brown spot that hasn't changed at all on my leg, slightly raised but soft, no clue what it is",Melanocytic Nevi
"I'm concerned about a scaly, wart-like bump on my neck that stayed the same size for a long time but got darker recently -- mild irritation when it catches on something.",Seborrheic Keratoses
"There's a soft, dome-shaped mole that's been stable for as long as I can remember on my forearm.",Melanocytic Nevi
I have an inflamed patch on my scalp with irregular edges.,Atopic Dermatitis
I have a discolored spot behind my knees. rough and leathery feeling. flares and then settles down. mild irritation.,Eczema
"Plaques appearing exactly where my skin was scratched or injured, on my arm, thick and plaque-like.",Psoriasis Lichen Planus
"A flat, pink-red scaly patch with a gritty texture on my sun-exposed skin on my feet flares when the weather changes.",Benign Keratosis-like Lesions
"Itchy red patches on the inside of my elbows, some mild discomfort.",Eczema
"When the weather changes, mild irritation and a mole that has been visibly growing and changing over the past few months on my shoulder appear.",Melanoma
"Something on my forearm looks like red, inflamed areas and has been a recurring problem since I was young",Atopic Dermatitis
On my wrists: patches that ooze and crust. it showed up recently.,Eczema
I have red to brownish-gray patches on my shoulder and honestly flares and then settles down,Eczema
"I developed a scaly, wart-like bump on my neck that comes with mild irritation when it catches on something.",Seborrheic Keratoses
"A thick, yellowed, crumbly nail that's lifting off the nail bed on my scalp. dry and scaly.",Fungal Infections
An inflamed patch on my leg flares when I sweat.,Melanoma
"Weird a discolored spot near my knee, dry and cracked to the touch, no clue what it is",Eczema
"A raised, warty growth showed up on my scalp and it came on gradually",Viral Infections
There's plaques appearing exactly where my skin was scratched or injured on my wrist.,Psoriasis Lichen Planus
I've got a ring-shaped rash with a raised border near my elbow -- dry and rough to the touch -- and mild itching,Fungal Infections
I'm noticing a reddish mark on my forearms.,Benign Keratosis-like Lesions
"The skin on my forearm shows a spot with jagged, notched, irregular borders, and I've been dealing with mild itching.",Melanoma
"I've had a skin lesion on my armpit for a while, with occasional mild itching.",Viral Infections
There's small circular bald patches on my scalp on my forearm with fuzzy borders. rough and flaky. no real pain.,Fungal Infections
"I have a dark brown spot on my face, and slightly raised but soft.",Melanocytic Nevi
I'm worried about a cluster of small flesh-colored bumps near my knee because it came on gradually.,Viral Infections
"I've had a reddish mark on my chest for a while, with no significant pain.",Eczema
"I have a flat, pink-red scaly patch with a gritty texture on my sun-exposed skin on my chest. rough and flaky. it's been there for a while. no real pain.",Benign Keratosis-like Lesions
"I have a raised bump on my forearm, and rough-feeling in that spot.",Benign Keratosis-like Lesions
I've noticed patches that ooze clear fluid when I scratch on my leg lately.,Eczema
A ring-shaped rash with a raised scaly outer border and clearer skin in the middle on my forearm. occasional mild itching.,Fungal Infections
I'm worried about a skin lesion on my shoulder because it showed up recently.,Psoriasis Lichen Planus
"So I've got a raised bump on my shoulder, with no real pain, just occasional bleeding after a minor bump",Basal Cell Carcinoma
"Something doesn't look right on my feet: a brown to dark brown raised plaque with a greasy, waxy feel with a clearly defined, elevated border. dry and scaly.",Seborrheic Keratoses
There's skin prone to frequent infections from all the scratching on my wrists.,Atopic Dermatitis
There's a skin lesion on my hands.,Melanoma
"There's thick red raised plaques on my neck, and no significant pain.",Psoriasis Lichen Planus
A raised bump showed up on the back of my hands a while back.,Eczema
"I have small circular bald patches on my scalp on my wrist, and dry and scaly.",Fungal Infections
"I've noticed a burning feeling when I sweat and there's patches that ooze clear fluid when I scratch on my hands. with blurry, ill-defined edges. it's been there for a while.",Eczema
I developed a raised bump on my shoulder that comes with some mild discomfort.,Atopic Dermatitis
I have a skin lesion on my shoulder with rough-feeling in that spot.,Melanocytic Nevi
Something doesn't look right on my wrist: a dry patch with irregular edges. rough and flaky.,Atopic Dermatitis
On the sole of my foot: a hard lump with visible black specks that look like seeds. it hasn't changed much.,Viral Infections
I've been watching skin that breaks open and oozes when it flares on my hands and spreads a bit more every time I scratch it. occasional mild itching.,Eczema
"A shiny, pearly bump with tiny visible blood vessels running through it showed up on my neck a while back.",Basal Cell Carcinoma
"Got a spot with jagged, notched, irregular borders on my scalp and it's been there for several weeks",Melanoma
"There's red, ring-shaped scaly patches on my leg, dry and rough to the touch, not sure what it is",Fungal Infections
"I've noticed a scaly, wart-like bump on my trunk lately.",Seborrheic Keratoses
"I have a dry, crusty spot on a sun-damaged area that keeps peeling off and returning on my arm with irregular edges.",Benign Keratosis-like Lesions
"I have no significant pain, and there's a scaly area on my feet.",Seborrheic Keratoses
Something showed up on my arm. It's an inflamed patch with irregular edges. rough and flaky. occasional mild itching.,Basal Cell Carcinoma
"Got a dark spot that's been changing on my face, flaky and thickened",Melanoma
"Raw, weeping patches that crust over as they heal near my elbow. with fuzzy borders.",Eczema
I've had thick silvery-white scales that flake off in sheets on my lower back for some time. flaky when I run my hand over it. mild itching.,Psoriasis Lichen Planus
"There's a soft, dome-shaped mole that's been stable for as long as I can remember on my scalp.",Melanocytic Nevi
"There's a rough patch near my elbow, and some mild discomfort.",Melanocytic Nevi
"There's a brown to dark brown raised plaque with a greasy, waxy feel on my shoulder.",Seborrheic Keratoses
A red patch showed up near my knee and it's been there for several weeks,Viral Infections
Small flat-topped shiny purplish bumps near my knee. occasional mild soreness.,Psoriasis Lichen Planus
"I have mild itching, along with cracked, dry skin on my back with irregular edges.",Atopic Dermatitis
"Should I be worried about a perfectly round, evenly colored brown spot that hasn't changed at all on my back? rough-feeling in that spot. it's been there for several weeks.",Melanocytic Nevi
I'm worried about skin that breaks open and oozes when it flares on my leg because it's been there for several weeks.,Eczema
The skin on my shoulder has changed. There's a discolored spot now. rough-feeling in that spot. it's been there for a while.,Eczema
"I have a brown to dark brown raised plaque with a greasy, waxy feel on my hands.",Seborrheic Keratoses
My skin on my face is doing something weird -- a dry patch,Fungal Infections
I'm not sure what a dry patch on my wrists is -- rough-feeling in that spot and no significant pain.,Eczema
"A waxy, 'stuck-on' looking growth that appears pasted onto the skin surface, on my neck, rough and flaky.",Seborrheic Keratoses
"Whenever I use a harsh soap or detergent, a skin lesion on my shoulder gets worse.",Eczema
"So I've got a round, well-defined growth on my neck, with occasional mild itching",Seborrheic Keratoses
"I noticed a thick, yellowed, crumbly nail that's lifting off the nail bed on my arm. flaky and thickened. it hasn't changed much.",Fungal Infections
"I've noticed dry, red inflamed patches on my back lately.",Atopic Dermatitis
"I have patches with blurry, ill-defined edges that spread gradually on my leg with poorly defined borders that fade into normal skin.",Eczema
I noticed a ring-shaped rash with a raised scaly outer border and clearer skin in the middle on my arm. rough and flaky. it's been there for several weeks.,Fungal Infections
I notice no significant pain when my clothes rub against it. There's a pigmented spot on my scalp.,Melanoma
I'm concerned about a pigmented spot on my leg that looks completely different compared to a year ago -- no real pain.,Melanoma
"The skin on my neck shows a growth that looks like it could be lifted off with a fingernail, and I've been dealing with no real pain.",Seborrheic Keratoses
I'm noticing a dry patch near my elbow.,Psoriasis Lichen Planus
"My skin on my shoulder has been off. a reddish-brown patch that gets worse in hot, humid weather. dry and scaly. some mild discomfort.",Fungal Infections
"My skin on my scalp has been off. white, scaly patches. dry and scaly. occasional mild itching.",Fungal Infections
I've noticed occasional mild itching and there's a scaly area on my wrist. with fuzzy borders. it's been there for several weeks.,Eczema
My skin on my forearm is doing something weird -- symmetrical red patches on both sides of my body,Atopic Dermatitis
"Something on my shoulder looks like red, inflamed areas and keeps returning in the same spots year after year",Atopic Dermatitis
A scaly area showed up near my knee a while back.,Eczema
"I've had a reddish mark on my face for a while, with no significant pain.",Benign Keratosis-like Lesions
The skin on my forearms has changed. There's a scaly spot that's tender when I rub it firmly now. dry and rough to the touch. seems to be slowly getting larger.,Benign Keratosis-like Lesions
"Something showed up on my forehead. It's a small, shiny, pearly bump with an indistinct, difficult-to-define edge. rough and flaky. occasional mild itching.",Basal Cell Carcinoma
Lately I've had a rough patch on my scalp that comes with no significant pain.,Viral Infections
"I developed dry, red inflamed patches on my chest that comes with no significant pain.",Atopic Dermatitis
I'm concerned about a scaly area on my hands that it came on gradually -- no significant pain.,Viral Infections
"Got a skin lesion on my face, the skin there is thickened from years of scratching",Eczema
"So near my knee there's a ring-shaped rash with a raised scaly outer border and clearer skin in the middle, and mild itching",Fungal Infections
"When I wear synthetic fabrics, no real pain and patches that ooze and crust on my neck appear.",Eczema
"There's a mole with an uneven, asymmetrical shape on my forearm, rough and flaky, not sure what it is",Melanoma
I developed a skin lesion on my hands that comes with occasional mild soreness.,Psoriasis Lichen Planus
"Got a rough-surfaced growth on my lower lip, rough-feeling in that spot",Benign Keratosis-like Lesions
"Something showed up on my face. It's a raised bump with blurry edges that fade into normal skin. feels dry and crusty when I run my finger over it. no pain, just a rough texture I can feel.",Benign Keratosis-like Lesions
"There's a patch near my knee. It looks like a flat, tan-colored mark. slightly raised but soft. it's been there for a while.",Melanocytic Nevi
I've noticed a discolored spot on my face lately.,Fungal Infections
"Weird small rough bumps covering my upper arms and thighs on my forearm, the skin there is leathery and thick, no clue what it is",Atopic Dermatitis
"The skin on my shoulder shows thick silvery-white scales that flake off in sheets, and I've been dealing with itchy and irritated.",Psoriasis Lichen Planus
There's a pigmented spot on my leg -- rough and flaky -- that started as a small mole and has grown noticeably bigger.,Melanoma
"When I sweat, a growth that bleeds on my scalp gets worse.",Basal Cell Carcinoma
A growth that looks like it could be lifted off with a fingernail on my leg. rough-feeling in that spot.,Seborrheic Keratoses
A skin lesion showed up on my leg and has been slowly growing thicker over several years,Seborrheic Keratoses
I'm worried about a hereditary skin condition -- my sibling has it too on my neck because it's been there for several weeks.,Atopic Dermatitis
The skin on my chest has changed. There's a scaly spot that's tender when I rub it firmly now. rough and flaky. it's been there for several weeks.,Benign Keratosis-like Lesions
"Weird a spot with irregular, notched borders on my arm, dry and scaly, no clue what it is",Melanoma
"I noticed a rough patch on my chest, along with mild itching.",Melanoma
"I have mild itching, along with a scaly area on my hands with somewhat defined edges.",Basal Cell Carcinoma
A bump that keeps bleeding even after a very minor bump or scrape showed up on my back and it's been there for several weeks,Basal Cell Carcinoma
"There's a brown to dark brown raised plaque with a greasy, waxy feel on my neck -- dry and scaly -- that it's been there for a while.",Seborrheic Keratoses
"Lately I've had a waxy, 'stuck-on' looking growth that appears pasted onto the skin surface on my back that comes with no significant pain.",Seborrheic Keratoses
"An open sore that bleeds, scabs over, and then reopens a few weeks later on my chest. keeps bleeding, scabbing over, and then reopening. no significant pain.",Basal Cell Carcinoma
"When I sweat, mild itching and a reddish mark near my knee appear.",Basal Cell Carcinoma
Something's going on on my back. It's a red patch. dry and rough to the touch. no significant pain.,Basal Cell Carcinoma
"The skin on my back shows a reddish mark, and I've been dealing with no real pain.",Melanocytic Nevi
"I have no significant pain, and there's a perfectly round, evenly colored brown spot that hasn't changed at all on my forearm.",Melanocytic Nevi
"No triggers -- it's been the same in all seasons, no discomfort whatsoever and a flat, tan-colored mark on my scalp appear.",Melanocytic Nevi
Got a rough-surfaced growth near my elbow and stayed the same size for a long time but got darker recently,Seborrheic Keratoses
I've had a reddish mark near my knee that the crust falls off and then regrows.,Benign Keratosis-like Lesions
"I've been watching a waxy, 'stuck-on' looking growth that appears pasted onto the skin surface on my hands and it showed up recently. mild itching.",Seborrheic Keratoses
"There's a hard, rough-surfaced growth on my leg.",Viral Infections
There's a mole that has been visibly growing and changing over the past few months on my wrist.,Melanoma
A skin lesion on my scalp. dry and rough to the touch.,Basal Cell Carcinoma
I have patches on the extensor surface -- the outside of my elbows and knees on my feet with rough-feeling in that spot.,Psoriasis Lichen Planus
"Sharply defined plaques with very clear, distinct edges on my feet. flaky and thickened.",Psoriasis Lichen Planus
"Got a scaly area on my forearm, rough-feeling in that spot",Benign Keratosis-like Lesions
I developed a raised bump on my face that comes with mild irritation.,Melanocytic Nevi
"There's scaly, irritated skin on my neck, and no significant pain.",Atopic Dermatitis
"Patches with blurry, ill-defined edges that spread gradually showed up on my scalp and it came on gradually",Eczema
There's a patch on my wrist. It looks like a scaly area. flaky and thickened. it hasn't changed much.,Psoriasis Lichen Planus
I have a skin lesion on my back. flaky and thickened. it's been there for a while. no significant pain.,Melanoma
"There's a bump that keeps bleeding even after a very minor bump or scrape on my shoulder with fuzzy borders, and rough-feeling in that spot.",Basal Cell Carcinoma
"There's a scaly, wart-like bump on my wrist with sharp, well-defined, stuck-on looking edges. feels like it's sitting on top of the skin rather than growing from it. mild itching.",Seborrheic Keratoses
"I noticed a dark brown spot on my hands, along with some mild discomfort.",Melanocytic Nevi
It started as red to brownish-gray patches near my elbow. Now dry and rough to the touch. it came on gradually.,Eczema
"I have a reddish mark on my face, and dry and rough to the touch.",Atopic Dermatitis
My skin on my arm has been off. a single-colored mole that looks exactly the same as it did years ago. smooth and flat against my skin. no discomfort whatsoever.,Melanocytic Nevi
"Weird a cluster of small flesh-colored bumps on my feet, hard and firm to the touch, no clue what it is",Viral Infections
"A small, uniform dark brown spot with no irregular areas on my scalp. it showed up recently. mild itching.",Melanocytic Nevi
There's patches that ooze clear fluid when I scratch near my knee with somewhat defined edges. rough and leathery feeling. no real pain.,Eczema
I've had a red patch on my scalp for some time. flaky and thickened. occasional mild itching.,Atopic Dermatitis
"A small, shiny, pearly bump on my feet. it's been there for several weeks. mild itching.",Basal Cell Carcinoma
"I noticed a mole that has been visibly growing and changing over the past few months on my arm, along with a strange new sensation I never noticed before.",Melanoma
"When my clothes rub against it, I get a mole with an asymmetrical, uneven shape -- one half doesn't match the other on my arm.",Melanoma
I've noticed a skin lesion on my shoulder lately.,Melanocytic Nevi
"There's a dry patch on my wrist, rough and flaky, not sure what it is",Benign Keratosis-like Lesions
I've been watching a hereditary skin condition -- my sibling has it too on my hands and it's been there for a while. mild itching.,Atopic Dermatitis
Something on my hands looks like a red patch and it's been there for a while,Basal Cell Carcinoma
"When I sweat, a rough patch on my forearm gets worse.",Melanoma
"I have a thick, yellowed, crumbly nail that's lifting off the nail bed on my upper back and chest. dry and scaly. it came on gradually. no significant pain.",Fungal Infections
"Got a scaly area near my elbow, rough-feeling in that spot",Melanoma
"I have a raised bump on my scalp. rough and flaky. stayed the same size for a long time but got darker recently. no pain, just occasional mild itching if clothing rubs it.",Seborrheic Keratoses
"Weird a growth that bleeds on my face, dry and rough to the touch, no clue what it is",Melanoma
An inflamed patch on my upper back and chest. with a distinct circular outer rim.,Fungal Infections
"There's a round, well-defined growth on my shoulder.",Seborrheic Keratoses
"Something's going on on my shoulder. It's a waxy, 'stuck-on' looking growth that appears pasted onto the skin surface. dry and scaly. no discomfort unless I scratch it.",Seborrheic Keratoses
"When I sweat, a reddish mark on my lower lip gets worse.",Benign Keratosis-like Lesions
"Got a dry, crusty spot on a sun-damaged area that keeps peeling off and returning on my bald scalp and it's been there for a while",Benign Keratosis-like Lesions
"A red patch on my chest, mild itching, been there ages",Fungal Infections
Got a rough patch near my knee and it hasn't changed much,Atopic Dermatitis
"Weird a scaly spot that's tender when I rub it firmly on my lower lip, dry and rough to the touch, no clue what it is",Benign Keratosis-like Lesions
"My skin on my finger is doing something weird -- a thin, thread-like skin tag growing on my eyelid",Viral Infections
I have skin that weeps and crusts over on my chest with dry and scaly.,Eczema
"Got a waxy, 'stuck-on' looking growth that appears pasted onto the skin surface on my shoulder, dry and rough to the touch",Seborrheic Keratoses
Something showed up on my scalp. It's a rash that keeps expanding outward in a ring shape with fuzzy borders. dry and scaly. some mild discomfort.,Fungal Infections
"There's a reddish mark on my scalp, and no significant pain.",Melanocytic Nevi
"A dark spot that's been changing appeared near my knee a while ago. with an asymmetric, non-circular outline. flaky and thickened. it hasn't changed much.",Melanoma
"There's a waxy, stuck-on looking growth on my neck, rough and flaky, not sure what it is",Seborrheic Keratoses
"So I've got a scaly, reddish-pink patch on my forearms, with no real pain",Benign Keratosis-like Lesions
On my shoulder: a pink bump with a sunken center. it's been there for several weeks.,Basal Cell Carcinoma
"I've noticed mild itching and there's a pink bump with a sunken center on my scalp. with a rolled, slightly raised outer edge. it hasn't changed much.",Basal Cell Carcinoma
I have a mole that has been visibly growing and changing over the past few months on my shoulder with somewhat defined edges.,Melanoma
"Got a smooth, symmetric mole on my hands and has been completely stable",Melanocytic Nevi
I've been watching a single-colored mole that looks exactly the same as it did years ago near my knee and it came on gradually. no significant pain.,Melanocytic Nevi
"Something doesn't look right on my shoulder: a symmetric mole with a smooth, even border with somewhat defined edges. smooth and flat against my skin.",Melanocytic Nevi
Got a discolored spot on my hands and it showed up recently,Basal Cell Carcinoma
I have a single-colored mole that looks exactly the same as it did years ago on my back and honestly it showed up recently,Melanocytic Nevi
"So I've got a discolored spot on my back, with occasional mild itching",Melanocytic Nevi
I have scaly red patches on my arm.,Psoriasis Lichen Planus
"Weird a ring-shaped rash with a raised scaly outer border and clearer skin in the middle near my knee, flaky and thickened, no clue what it is",Fungal Infections
"I have a waxy, 'stuck-on' looking growth that appears pasted onto the skin surface on my scalp, and rough and bumpy on the surface.",Seborrheic Keratoses
"A dark brown spot on my arm. with symmetric, clean borders.",Melanocytic Nevi
Something on my scalp looks like an inflamed patch and it hasn't changed much,Fungal Infections
"I've had skin that weeps and crusts over on my eyelids for a while, with occasional mild itching.",Eczema
"Something's going on on my hands. It's a mole with an asymmetrical, uneven shape -- one half doesn't match the other. rough-feeling in that spot. no real pain.",Melanoma
I've noticed mild irritation and there's a scaly area on my leg. with somewhat defined edges. it hasn't changed much.,Melanoma
"Got a rough patch on my scalp, flaky and thickened",Benign Keratosis-like Lesions
I'm worried about an inflamed patch on my scalp because it's been there for a while.,Seborrheic Keratoses
"I'm noticing a flat, tan-colored mark on my leg.",Melanocytic Nevi
"I've got a soft, dome-shaped mole that's been stable for as long as I can remember on my wrist -- even and smooth to the touch -- and occasional mild itching",Melanocytic Nevi
I have a growth that looks like it could be lifted off with a fingernail near my knee with fuzzy borders.,Seborrheic Keratoses
"So I've got a ring-shaped rash with a raised border on my shoulder, with some mild discomfort",Fungal Infections
I've got a slightly raised rough patch that bleeds lightly when I scratch it on my wrist.,Benign Keratosis-like Lesions
"A symmetric mole with a smooth, even border on my forearm. it came on gradually. occasional mild itching.",Melanocytic Nevi
"A round, well-defined growth on my shoulder, no discomfort unless I scratch it.",Seborrheic Keratoses
"I've had mild itching that worsens in humid weather for a while now. There's a red patch on my torso with a clearly raised, scaly outer edge.",Fungal Infections
My skin on my feet has been off. a rough-surfaced growth. dry and rough to the touch. no real pain.,Benign Keratosis-like Lesions
There's a raised bump between my toes.,Fungal Infections
"A growth that bleeds, near my elbow, smooth and shiny on the surface.",Basal Cell Carcinoma
I've noticed a rough patch on my ears lately.,Benign Keratosis-like Lesions
Something's going on on my wrist. It's a dry patch. dry and scaly. mild itching.,Melanoma
I'm worried about a discolored spot around my eyes because showed up suddenly and multiplied into several bumps.,Viral Infections
"I noticed a discolored spot on my arm, along with mild itching.",Psoriasis Lichen Planus
"I'm noticing thickened, leathery patches on my leg.",Atopic Dermatitis
I've noticed a scaly area near my elbow lately.,Benign Keratosis-like Lesions
"Weird a ring-shaped rash with a raised scaly outer border and clearer skin in the middle on my back, dry and rough to the touch, no clue what it is",Fungal Infections
"So I've got a flat, slightly rough patch darker than the surrounding skin on my scalp, with occasional mild itching",Benign Keratosis-like Lesions
"There's a pigmented spot on my stomach, flaky and thickened, not sure what it is",Melanocytic Nevi
I've been watching thick silvery-white scales that flake off in sheets on my chest and it hasn't changed much. mild irritation.,Psoriasis Lichen Planus
"Something's going on on my arm. It's thickened, leathery patches. flaky and thickened. a burning, stinging feeling after I sweat.",Atopic Dermatitis
"There's a rough patch near my knee, flaky when I run my hand over it, not sure what it is",Psoriasis Lichen Planus
"Something doesn't look right on my neck: a rough, sandpaper-like patch that feels much rougher than it looks with ill-defined, gradual borders. dry and scaly.",Benign Keratosis-like Lesions
"When I sweat, constant urge to scratch and patches that ooze and crust on my neck appear.",Eczema
I have a rough patch on my back and honestly it hasn't changed much,Seborrheic Keratoses
I have a single-colored mole that looks exactly the same as it did years ago on my shoulder. dry and rough to the touch. has been completely stable. no itching or pain at all.,Melanocytic Nevi
"Near my knee: a spot with jagged, notched, irregular borders. it's been there for several weeks.",Melanoma
"I've noticed no significant pain and there's dry, itchy patches that have been recurring since childhood on my wrist. with indistinct, gradually fading edges. it's been there for a while.",Atopic Dermatitis
I notice mild irritation it started changing after a lot of sun exposure. There's a growth that bleeds on my scalp.,Melanoma
Small rough bumps covering my upper arms and thighs on my arm. dry and rough to the touch.,Atopic Dermatitis
I've got an itch that triggers before any visible rash appears on my feet -- rough-feeling in that spot -- and occasional mild itching,Atopic Dermatitis
"I noticed a waxy, 'stuck-on' looking growth that appears pasted onto the skin surface near my elbow. rough and flaky. has been slowly growing thicker over several years.",Seborrheic Keratoses
My skin on my feet is doing something weird -- a rough-surfaced growth,Benign Keratosis-like Lesions
Something's going on on my shoulder. It's pinpoint bleeding spots when the scale is removed. dry and rough to the touch. no real pain.,Psoriasis Lichen Planus
"When the weather changes, an open sore that bleeds, scabs over, and then reopens a few weeks later near my elbow gets worse.",Basal Cell Carcinoma
A plantar wart on my heel that hurts when I walk on the sole of my foot flares when my clothes rub against it.,Viral Infections
"There's a rough patch near my elbow with fuzzy borders, and flaky and thickened.",Melanoma
"I developed athlete's foot causing cracked, peeling, white skin between my toes on my scalp that comes with no significant pain.",Fungal Infections
"Got a single-colored mole that looks exactly the same as it did years ago on my stomach, smooth and flat against my skin",Melanocytic Nevi
"My skin on my hands is doing something weird -- a raised, well-defined bump",Viral Infections
"The skin on my chest shows a discolored spot, and I've been dealing with no significant pain.",Basal Cell Carcinoma
I've had a scaly area near my elbow for some time. rough-feeling in that spot. mild itching.,Fungal Infections
"On my forearm: a round, well-defined growth. it came on gradually.",Seborrheic Keratoses
"There's dry, itchy patches that have been recurring since childhood near my knee with somewhat defined edges. dry and scaly. mild itching.",Atopic Dermatitis
"I have a thin, thread-like skin tag growing on my eyelid on my neck with rough-feeling in that spot.",Viral Infections
"Patches that ooze and crust on my feet, occasional mild itching, been there ages",Eczema
"It started as dry, scaly skin on my wrists. Now flaky and thickened. it hasn't changed much.",Psoriasis Lichen Planus
"Cracked, peeling skin on my face, no significant pain, been there ages",Fungal Infections
"I have no significant pain, and there's a spot that's larger than a pencil eraser and keeps getting bigger on my chest.",Melanoma
"In cold, dry weather, constant urge to scratch and patches that ooze and crust on my chest appear.",Eczema
"I have cracked, dry skin on my feet with rough and flaky.",Atopic Dermatitis
"Something doesn't look right on my shoulder: dry, itchy patches that have been recurring since childhood with somewhat defined edges. the skin there is leathery and thick.",Atopic Dermatitis
"Weird scaly, irritated skin on my cheeks, the skin there is leathery and thick, no clue what it is",Atopic Dermatitis
No significant pain -- small circular bald patches on my scalp on my toenail.,Fungal Infections
"Cracked, peeling skin on the sole of my foot. no real pain.",Fungal Infections
"I'm worried about a mole with an asymmetrical, uneven shape -- one half doesn't match the other near my elbow because it's been there for several weeks.",Melanoma
I have a raised bump on my arm with irregular edges.,Benign Keratosis-like Lesions
"The skin on my eyelids has changed. There's red, inflamed areas now. rough and flaky. it showed up recently.",Eczema
"A symmetric mole with a smooth, even border, on my face, flaky and thickened.",Melanocytic Nevi
"Lately I've had red, inflamed areas on my leg that comes with mild itching.",Atopic Dermatitis
There's a rough patch on my shoulder with fuzzy borders. dry and rough to the touch. occasional mild itching.,Benign Keratosis-like Lesions
"So on my arm there's a raised, well-defined bump, and no significant pain",Viral Infections
I notice no discomfort unless I scratch it when the weather changes. There's a brown to dark brown raised patch on my hands.,Seborrheic Keratoses
"A rough, cauliflower-like bump with tiny black dots on the surface on my face. with fuzzy borders.",Viral Infections
Got a small rough bump near my knee and it came on gradually,Viral Infections
A dark brown spot showed up on my leg a while back.,Melanocytic Nevi
"White, scaly patches on my chest. flaky and thickened.",Fungal Infections
Small flat-topped shiny purplish bumps on my shoulder. with fuzzy borders.,Psoriasis Lichen Planus
"My skin on my chest has been off. a raised, well-defined bump. hard and firm to the touch. no real pain.",Viral Infections
"I have a symmetric mole with a smooth, even border on my arm. flaky and thickened. has been completely stable. mild irritation.",Melanocytic Nevi
"I've been watching a thin, thread-like skin tag growing on my eyelid around my eyes and it hasn't changed much. no significant pain.",Viral Infections
"Lately I've had dry, itchy patches that have been recurring since childhood near my knee that comes with mild itching.",Atopic Dermatitis
Lately I've had a dark brown spot on my feet that comes with some mild discomfort.,Melanoma
"I notice no significant pain when I wear synthetic fabrics. There's patches with blurry, ill-defined edges that spread gradually on my hands.",Eczema
I have a skin lesion on my groin and inner thigh and honestly it's been there for a while,Fungal Infections
"I've got thickened, leathery patches on my neck.",Atopic Dermatitis
Should I be worried about a reddish mark on my lower back? feels rough and raised. it showed up recently.,Psoriasis Lichen Planus
Got a rough patch on my leg and looks completely different compared to a year ago,Melanoma
I have a single-colored mole that looks exactly the same as it did years ago on my neck.,Melanocytic Nevi
Something doesn't look right near my knee: an inflamed patch with fuzzy borders. flaky and thickened.,Melanoma
The skin on my arm has changed. There's a dark brown spot now. dry and scaly. it's been there for several weeks.,Melanocytic Nevi
"There's cracked, peeling skin on my fingernail -- soft and macerated where skin touches skin -- and a stinging feeling especially after sweating.",Fungal Infections
"A reddish-brown patch that gets worse in hot, humid weather near my knee flares when I sweat.",Fungal Infections
I've noticed a red patch near my elbow lately.,Melanocytic Nevi
"I have dry, itchy patches that have been recurring since childhood on my back and honestly it hasn't changed much",Atopic Dermatitis
"A rough, cauliflower-like bump with tiny black dots on the surface on my armpit. with fuzzy borders.",Viral Infections
Something showed up on my hands. It's a rough patch with fuzzy borders. dry and scaly. a strange new sensation I never noticed before.,Melanoma
"Got a rough, sandpaper-like patch on my hands and the crust falls off and then regrows",Benign Keratosis-like Lesions
I'm not sure what a dry patch on my scalp is -- crumbly and brittle on the nail and burning between my toes.,Fungal Infections
"I developed a flat, reddish, scaly patch on my neck that comes with no significant pain.",Basal Cell Carcinoma
"Cracked, dry skin on my hands. itching so bad it keeps me awake.",Atopic Dermatitis
"I noticed dry, itchy patches that have been recurring since childhood near my knee, along with intense itching that wakes me up at night.",Atopic Dermatitis
A reddish mark showed up on my groin and inner thigh a while back.,Fungal Infections
I've got a tan to dark brown growth that looks thicker and greasier than a normal mole on my chest.,Seborrheic Keratoses
"I have no significant pain, and there's a reddish mark on my feet.",Atopic Dermatitis
Something on my ears looks like a scaly area and it's been there for a while,Benign Keratosis-like Lesions
"I noticed a symmetric mole with a smooth, even border on my face, along with mild irritation.",Melanocytic Nevi
I've been watching a tan to dark brown growth that looks thicker and greasier than a normal mole on my chest and it hasn't changed much. occasional mild itching.,Seborrheic Keratoses
"I noticed a rough, cauliflower-like bump with tiny black dots on the surface on the sole of my foot, along with no pain at all, just an odd texture.",Viral Infections
Got a reddish mark on my back and has been flaring on and off for months,Eczema
I developed a skin lesion on my scalp that comes with mild itching.,Melanoma
"I've had no real pain, just occasional bleeding after a minor bump for a while now. There's a waxy, scar-like flat patch with an indistinct border on my feet with irregular edges.",Basal Cell Carcinoma
"When the weather changes, mild irritation and a skin lesion on my shoulder appear.",Melanoma
I'm worried about a raised bump on the folds of my elbows and knees because it's been there for several weeks.,Atopic Dermatitis
I notice some mild discomfort when my clothes rub against it. There's a single-colored mole that looks exactly the same as it did years ago on my stomach.,Melanocytic Nevi
A skin lesion appeared on my feet a while ago. with irregular edges. dry and rough to the touch. it came on gradually.,Basal Cell Carcinoma
I'm noticing a plantar wart on my heel that hurts when I walk on my feet.,Viral Infections
I have a rough patch on my arm with somewhat defined edges.,Melanocytic Nevi
"I have a spot with jagged, notched, irregular borders on my leg and honestly looks completely different compared to a year ago",Melanoma
A reddish mark appeared near my knee a while ago. with irregular edges. rough-feeling in that spot. it came on gradually.,Basal Cell Carcinoma
"Red, inflamed areas, on my shoulder, dry and cracked to the touch.",Eczema
"I have a dry, crusty spot on a sun-damaged area that keeps peeling off and returning on my scalp. rough-feeling in that spot. it's been there for several weeks. no real pain.",Benign Keratosis-like Lesions
"My skin near my knee has been off. a small, shiny, pearly bump. flaky and thickened. occasional mild itching.",Basal Cell Carcinoma
Something showed up on my hands. It's pinpoint bleeding spots when the scale is removed with irregular edges. rough-feeling in that spot. occasional mild itching.,Psoriasis Lichen Planus
"A pink growth with a slightly sunken, crater-like center showed up on my feet and it came on gradually",Basal Cell Carcinoma
"When I sweat, a hard, rough-surfaced growth on the back of my knuckles gets worse.",Viral Infections
"The skin on my wrist shows red, ring-shaped scaly patches, and I've been dealing with occasional mild itching.",Psoriasis Lichen Planus
Bumps with a fine white lacy pattern on the surface on my neck. flaky and thickened.,Psoriasis Lichen Planus
I have a red patch on my scalp. rough and flaky. it showed up recently. mild irritation when it catches on something.,Seborrheic Keratoses
Symmetrical red patches on both sides of my body on my wrist. flares and then settles down. no significant pain.,Atopic Dermatitis
"Lately I've had red, inflamed areas on my face that comes with itchy and irritated.",Atopic Dermatitis
"A mole with an asymmetrical, uneven shape -- one half doesn't match the other on my back, some mild discomfort.",Melanoma
I noticed skin irritation triggered by a certain soap or fabric on my arm. feels crusty and dry. it came on gradually.,Eczema
I've had a growth that looks like it could be lifted off with a fingernail on my face for some time. feels like it's sitting on top of the skin rather than growing from it. occasional mild itching.,Seborrheic Keratoses
"I developed a rough, sandpaper-like patch on the back of my hands that comes with occasional mild itching.",Benign Keratosis-like Lesions
I've noticed a pigmented spot on my leg lately.,Melanoma
"I've had an itch that triggers before any visible rash appears near my knee for a while, with occasional mild itching.",Atopic Dermatitis
"My skin on the back of my hands has been off. thickened, leathery patches. rough-feeling in that spot. no real pain.",Atopic Dermatitis
"I've had an inflamed patch on my leg for a while, with no significant pain.",Melanocytic Nevi
There's a patch on my scalp. It looks like an inflamed patch. smooth and shiny on the surface. it's been there for a while.,Basal Cell Carcinoma
"A tan to dark brown growth that looks thicker and greasier than a normal mole, on my shoulder, rough and bumpy on the surface.",Seborrheic Keratoses
"Near my elbow: cracked, dry skin that stings. it's been there for several weeks.",Eczema
Should I be worried about a dry patch on my neck? rough and flaky. it's been there for a while.,Fungal Infections
"I've had a discolored spot on my back for a while, with no real pain.",Atopic Dermatitis
An inflamed patch showed up on my forearm and it showed up recently,Melanoma
Got a brown to dark brown raised patch on my chest and stayed the same size for a long time but got darker recently,Seborrheic Keratoses
It started as a scaly area on my neck. Now rough-feeling in that spot. it's been there for a while.,Atopic Dermatitis
I've had a reddish mark on my chest for some time. dry and scaly. no significant pain.,Fungal Infections
"I have no significant pain, along with a skin lesion on the back of my hands with fuzzy borders.",Atopic Dermatitis
"Weird dry, scaly skin inside my mouth, thick and plaque-like, no clue what it is",Psoriasis Lichen Planus
"Got a hereditary skin condition -- my sibling has it too on my feet, dry and scaly",Atopic Dermatitis
I'm not sure what thick silvery-white scales that flake off in sheets on my back is -- dry and rough to the touch and occasional mild soreness.,Psoriasis Lichen Planus
I've noticed burning between my toes and there's a ring-shaped rash with a raised border on my upper back and chest. with fuzzy borders. it hasn't changed much.,Fungal Infections
I noticed a slightly raised rough patch that bleeds lightly when I scratch it on my face. flaky and thickened. it showed up recently.,Benign Keratosis-like Lesions
"When the weather changes, I get a dry patch on my leg.",Melanocytic Nevi
"A smooth, pearly bump with a small dimple in the center on my shoulder. it's been there for a while. no significant pain.",Viral Infections
"I notice some mild discomfort in cold, dry weather. There's patches with blurry, ill-defined edges that spread gradually on my hands.",Eczema
My skin inside my mouth has been off. a skin lesion. flaky and thickened. itching that can get severe.,Psoriasis Lichen Planus
"Bumps with a fine white lacy pattern on the surface on my neck, mild irritation, been there ages",Psoriasis Lichen Planus
"I've been watching a perfectly round, evenly colored brown spot that hasn't changed at all near my elbow and stays exactly the same. occasional mild itching.",Melanocytic Nevi
Got a skin lesion on the folds of my elbows and knees and keeps returning in the same spots year after year,Atopic Dermatitis
"Should I be worried about a dry, crusty spot on a sun-damaged area that keeps peeling off and returning on my wrist? rough and gritty like sandpaper. it came on gradually.",Benign Keratosis-like Lesions
I have symmetrical red patches on both sides of my body on my scalp with irregular edges.,Atopic Dermatitis
"The skin on my face shows sharply defined plaques with very clear, distinct edges, and I've been dealing with itching that can get severe.",Psoriasis Lichen Planus
I have a rough patch on my shoulder. flaky and thickened. it showed up recently. occasional mild itching.,Melanocytic Nevi
I've got an inflamed patch on my leg.,Fungal Infections
"Something on my back looks like cracked, peeling skin and it hasn't changed much",Fungal Infections
There's a scaly spot that's tender when I rub it firmly on my scalp with fuzzy borders. rough-feeling in that spot. occasional mild itching.,Benign Keratosis-like Lesions
"Something doesn't look right on my forearm: raw, inflamed skin with poorly defined borders that fade into normal skin. rough-feeling in that spot.",Eczema
"When the weather changes, a slightly raised rough patch that bleeds lightly when I scratch it on my leg gets worse.",Benign Keratosis-like Lesions
I developed a mole with several colors mixed in on my face that comes with itching and occasional soreness around it.,Melanoma
My skin on my forearm is doing something weird -- small circular bald patches on my scalp,Fungal Infections
"I've had thick red raised plaques on my feet for a while, with no significant pain.",Psoriasis Lichen Planus
"Cracked, dry skin that stings on my wrist, occasional mild itching.",Eczema
I'm not sure what a reddish mark on my elbows and knees is -- dry and rough to the touch and itchy and irritated.,Psoriasis Lichen Planus
Something on my back looks like a small rough bump and has stayed about the same size for weeks,Viral Infections
"Something's going on on my scalp. It's a small, shiny, pearly bump. smooth and shiny on the surface. no discomfort, it just won't go away.",Basal Cell Carcinoma
There's a flat-topped warty bump that keeps multiplying on my hands -- dry and scaly -- and mild itching.,Viral Infections
"I have a growth that looks like it could be lifted off with a fingernail on my scalp, and flaky and thickened.",Seborrheic Keratoses
There's an inflamed patch on my forearm.,Basal Cell Carcinoma
"There's thickened, leathery patches on my scalp, the skin there is leathery and thick, not sure what it is",Atopic Dermatitis
"So I've got a slightly raised, uniform-colored bump near my knee, with no itching or pain at all",Melanocytic Nevi
"There's a raised, warty growth on my armpit.",Viral Infections
"I've got a rough, sandpaper-like patch on my neck.",Benign Keratosis-like Lesions
There's a raised bump on my neck -- rough and flaky -- that has been slowly growing thicker over several years.,Seborrheic Keratoses
"Got a waxy, scar-like area on my scalp and it hasn't changed much",Basal Cell Carcinoma
Got bumps with a fine white lacy pattern on the surface on my wrists and showed up as small dots and then grew into larger plaques,Psoriasis Lichen Planus
On my chest: an inflamed patch. it showed up recently.,Benign Keratosis-like Lesions
"I've got red, inflamed areas near my elbow -- dry and rough to the touch -- and mild itching",Atopic Dermatitis
"I have no real pain, along with a scaly area on my feet with irregular edges.",Eczema
"I have a red patch on my leg, and rough-feeling in that spot.",Atopic Dermatitis
"There's a scaly area on my neck with fuzzy borders. flaky and thickened. no discomfort, it just won't go away.",Basal Cell Carcinoma
"I have raw, inflamed skin on my fingers.",Eczema
"Weird a hard lump with visible black specks that look like seeds on my scalp, flaky and thickened, no clue what it is",Viral Infections
"So on my scalp there's a waxy, scar-like flat patch with an indistinct border, and some mild discomfort",Basal Cell Carcinoma
Lately I've had small rough bumps covering my upper arms and thighs on my back that comes with no significant pain.,Atopic Dermatitis
I'm worried about small flat-topped shiny purplish bumps on my shoulder because it hasn't changed much.,Psoriasis Lichen Planus
Should I be worried about a pigmented spot on my hands? flaky and thickened. it came on gradually.,Melanoma
An inflamed patch showed up on my hands and clears up for a few weeks and then flares back up,Eczema
My skin on my upper back and chest is doing something weird -- a reddish-brown rash,Fungal Infections
A reddish mark around my eyes. with blurry borders that blend into surrounding skin.,Atopic Dermatitis
I have pinpoint bleeding spots when the scale is removed on my shins with flaky and rough.,Psoriasis Lichen Planus
"So I've got a dry patch on my shoulder, with no real pain",Viral Infections
"I've noticed a thick, yellowed, crumbly nail that's lifting off the nail bed on my forearm lately.",Fungal Infections
"I've got a hard, rough-surfaced growth on my hands.",Viral Infections
A discolored spot appeared on my scalp a while ago. with irregular edges. dry and scaly. it's been there for several weeks.,Benign Keratosis-like Lesions
I'm concerned about a scaly area on my forearm that it hasn't changed much -- occasional mild soreness.,Psoriasis Lichen Planus
Something's going on near my knee. It's a dry patch. dry and scaly. a strange new sensation I never noticed before.,Melanoma
"I'm concerned about a scaly, wart-like bump on my shoulder that has been slowly growing thicker over several years -- no discomfort unless I scratch it.",Seborrheic Keratoses
"When the weather changes, a red patch on my feet gets worse.",Psoriasis Lichen Planus
"The skin on my feet shows blistering skin that bursts and leaves raw, wet patches, and I've been dealing with itching so bad it keeps me awake.",Eczema
I have a skin lesion on my wrist with somewhat defined edges.,Eczema
There's skin that leaks clear fluid after scratching near my knee -- rough and thickened from scratching -- that it came on gradually.,Atopic Dermatitis
"Something doesn't look right on my shoulder: athlete's foot causing cracked, peeling, white skin between my toes with fuzzy borders. dry and rough to the touch.",Fungal Infections
Got a scaly area on my neck and it's been there for a while,Psoriasis Lichen Planus
"I've had no real pain, but it bleeds a little sometimes for a while now. There's a dark spot that's been changing on my arm with jagged edges that look ragged.",Melanoma
"Something doesn't look right on my shoulder: an open sore that won't fully heal with translucent, blurry borders. rough-feeling in that spot.",Basal Cell Carcinoma
"I have some mild discomfort, and there's a rough-surfaced growth on my feet.",Benign Keratosis-like Lesions
A skin lesion on my hands flares when I sweat.,Viral Infections
"I noticed a dark brown spot near my elbow, along with no discomfort whatsoever.",Melanocytic Nevi
"I noticed a dry patch on my chest, along with occasional itching.",Benign Keratosis-like Lesions
"Mild itching -- a warty, barnacle-like bump with a rough, pitted surface on my shoulder.",Seborrheic Keratoses
"A round, well-defined growth on my shoulder, mild irritation when it catches on something, been there ages",Seborrheic Keratoses
"Something's going on on my shoulder. It's cracked, dry skin. dry and scaly. a burning, stinging feeling after I sweat.",Atopic Dermatitis
"It started as an open sore that bleeds, scabs over, and then reopens a few weeks later on my leg. Now the center feels soft and tends to crust over. it showed up recently.",Basal Cell Carcinoma
"A small, uniform dark brown spot with no irregular areas on my hands. it came on gradually. no real pain.",Melanocytic Nevi
I developed a reddish mark on my hands that comes with mild irritation.,Fungal Infections
Should I be worried about an inflamed patch on my leg? rough and flaky. it's been there for a while.,Fungal Infections
"So on my face there's a smooth, symmetric mole, and mild irritation",Melanocytic Nevi
"I've noticed tenderness when I press on it and there's a dry, crusty spot on a sun-damaged area that keeps peeling off and returning on the back of my hands. with somewhat defined edges. keeps coming back in the same spot after it peels off.",Benign Keratosis-like Lesions
I notice mild irritation when my clothes rub against it. There's patches that ooze clear fluid when I scratch on my hands.,Eczema
"I have patches with blurry, ill-defined edges that spread gradually on my arm.",Eczema
A bump that keeps bleeding even after a very minor bump or scrape on my wrist. it's been there for a while. no real pain.,Basal Cell Carcinoma
My skin on my arm has been off. bumps with a fine white lacy pattern on the surface. dry and scaly. no significant pain.,Psoriasis Lichen Planus
I have a bump that keeps bleeding even after a very minor bump or scrape on my neck with fuzzy borders.,Basal Cell Carcinoma
Something doesn't look right near my elbow: an inflamed patch with blurry edges that fade into normal skin. feels dry and crusty when I run my finger over it.,Benign Keratosis-like Lesions
"So on my hands there's skin irritation triggered by a certain soap or fabric, and severe itching I can barely control",Eczema
Something showed up on my arm. It's symmetrical red patches on both sides of my body with blurry borders that blend into surrounding skin. rough-feeling in that spot. mild itching.,Atopic Dermatitis
"A pink growth with a slightly sunken, crater-like center appeared on my nose a while ago. with irregular edges. flaky and thickened. it hasn't changed much.",Basal Cell Carcinoma
"I have a mole with an uneven, asymmetrical shape on my shoulder, and partly flat and partly raised within the same spot.",Melanoma
"I have some mild discomfort, along with a ring-shaped rash with a raised scaly outer border and clearer skin in the middle on my forearm with fuzzy borders.",Fungal Infections
"I've got a spot with jagged, notched, irregular borders on my back.",Melanoma
Lately I've had a rough-surfaced growth on my shoulder that comes with no real pain.,Seborrheic Keratoses
"There's a pink growth with a slightly sunken, crater-like center on my back -- flaky and thickened -- and mild itching.",Basal Cell Carcinoma
It started as a reddish mark on my hands. Now rough and irregular. it showed up recently.,Viral Infections
"A scaly, wart-like bump on my shoulder, mild irritation when it catches on something.",Seborrheic Keratoses
"On areas that get a lot of sun exposure, no pain, just a rough texture I can feel and a rough-surfaced growth on my forearms appear.",Benign Keratosis-like Lesions
"I noticed an inflamed patch near my knee, along with mild itching.",Atopic Dermatitis
I have a dark brown spot on my hands with feels different from my other moles.,Melanoma
There's a rough patch on my elbows and knees -- flaky and thickened -- and itchy and irritated.,Psoriasis Lichen Planus
I've had some mild discomfort for a while now. There's a raised bump on my scalp with irregular edges.,Eczema
I've got scaly red patches near my elbow -- covered in thick silvery scales -- and some mild discomfort,Psoriasis Lichen Planus
My skin near my knee is doing something weird -- scaly red patches,Eczema
"So on my lower lip there's a slightly raised rough patch that bleeds lightly when I scratch it, and mild stinging or burning feeling",Benign Keratosis-like Lesions
"There's an inflamed patch on my shoulder with fuzzy borders, and rough-feeling in that spot.",Seborrheic Keratoses
I'm concerned about a scaly area on my arm that has persisted for a long time without clearing -- mild irritation.,Psoriasis Lichen Planus
"I have sharply defined plaques with very clear, distinct edges on my arm with dry and scaly.",Psoriasis Lichen Planus
"I've had a perfectly round, evenly colored brown spot that hasn't changed at all on my back for a while, with no significant pain.",Melanocytic Nevi
I notice painful when I put weight on it after I cut myself shaving near the area. There's a red patch around my eyes.,Viral Infections
I've noticed a pigmented spot on my neck lately.,Melanocytic Nevi
"I've had dry, scaly skin on my lower back for some time. dry and rough to the touch. mild irritation.",Psoriasis Lichen Planus
I'm not sure what scaly red patches on my face is -- feels crusty and dry and some mild discomfort.,Eczema
"I'm not sure what a rough, sandpaper-like patch that feels much rougher than it looks on my neck is -- dry and rough to the touch and no real pain.",Benign Keratosis-like Lesions
My skin on my neck is doing something weird -- a dry patch,Viral Infections
"I'm concerned about an open sore that bleeds, scabs over, and then reopens a few weeks later on my feet that it's been there for a while -- mild itching.",Basal Cell Carcinoma
"There's a scaly area on my neck with translucent, blurry borders, and dry and scaly.",Basal Cell Carcinoma
My skin on my feet has been off. thick red raised plaques. flaky when I run my hand over it. no real pain.,Psoriasis Lichen Planus
"I've got a flat, reddish, scaly patch on my scalp -- flaky and thickened -- and no real pain",Basal Cell Carcinoma
"I have a thick, yellowed, crumbly nail that's lifting off the nail bed near my elbow and honestly it came on gradually",Fungal Infections
"A warty, barnacle-like bump with a rough, pitted surface on my neck, mild irritation.",Seborrheic Keratoses
"Got a round, well-defined growth on my chest, rough and flaky",Seborrheic Keratoses
"A small, uniform dark brown spot with no irregular areas on my forearm. with an even, clearly defined edge.",Melanocytic Nevi
"A waxy, scar-like flat patch with an indistinct border showed up near my knee and it's been there for a while",Basal Cell Carcinoma
"The skin on my back has changed. There's a small, dry, crusty spot now. flaky and thickened. has been there for months without healing completely.",Benign Keratosis-like Lesions
"Got athlete's foot causing cracked, peeling, white skin between my toes on my scalp, soft and macerated where skin touches skin",Fungal Infections
"Weird an inflamed patch on my forearm, rough and flaky, no clue what it is",Melanocytic Nevi
"Got a dry patch on my feet and hasn't changed in size, shape, or color",Melanocytic Nevi
I've noticed a strange new sensation I never noticed before and there's a dry patch on my face. with somewhat defined edges. it showed up recently.,Melanoma
"So I've got a rough patch on my hands, with mild itching",Atopic Dermatitis
"My skin on my scalp is doing something weird -- a reddish-brown patch that gets worse in hot, humid weather",Fungal Infections
"It started as blistering skin that bursts and leaves raw, wet patches on my chest. Now rough and leathery feeling. it came on gradually.",Eczema
A mole that has been visibly growing and changing over the past few months on my shoulder. rough and flaky.,Melanoma
Lately I've had a scaly area on my arm that comes with some mild discomfort.,Viral Infections
"When the weather changes, I get a rough patch on my scalp.",Viral Infections
I've noticed mild itching and there's a reddish mark on my face. with somewhat defined edges. it showed up recently.,Melanoma
"My skin on my feet has been off. thickened, leathery patches. dry and rough to the touch. itchy and irritated.",Atopic Dermatitis
"An itch that triggers before any visible rash appears on my arm, occasional mild itching.",Atopic Dermatitis
"I notice no significant pain when my clothes rub against it. There's a brown to dark brown raised plaque with a greasy, waxy feel on my shoulder.",Seborrheic Keratoses
I have a rough patch on my face with fuzzy borders.,Atopic Dermatitis
I've had a burning feeling when I sweat for a while now. There's scaly red patches on my hands with irregular edges.,Eczema
"A small, uniform dark brown spot with no irregular areas on my back flares no triggers -- it's been the same in all seasons.",Melanocytic Nevi
There's a rash that keeps expanding outward in a ring shape on my arm -- peeling and flaking -- and burning between my toes.,Fungal Infections
"When the weather changes, a scaly, reddish-pink patch on my forearm gets worse.",Benign Keratosis-like Lesions
"A rough-surfaced growth on my forearm, mild stinging or burning feeling.",Benign Keratosis-like Lesions
Should I be worried about a pigmented spot on my stomach? dry and rough to the touch. has looked exactly the same for years.,Melanocytic Nevi
I've noticed an inflamed patch near my knee lately.,Benign Keratosis-like Lesions
"So I've got a reddish mark on my back, with some mild discomfort",Fungal Infections
"There's a reddish mark on my leg, rough and flaky, not sure what it is",Eczema
"There's a spot with jagged, notched, irregular borders on my shoulder, and no significant pain.",Melanoma
"There's a pigmented spot on my feet, and mild itching.",Melanocytic Nevi
A red patch showed up on my hands a while back.,Viral Infections
"Lately I've had sharply defined, scaly plaques on my scalp that comes with some mild discomfort.",Psoriasis Lichen Planus
A flat-topped warty bump that keeps multiplying on my wrist. mild itching.,Viral Infections
"There's a dark brown spot on my chest, feels different from my other moles, not sure what it is",Melanoma
There's a reddish mark inside my mouth.,Psoriasis Lichen Planus
Skin prone to frequent infections from all the scratching on my chest. with irregular edges.,Atopic Dermatitis
I'm not sure what a pigmented spot on my scalp is -- feels different from my other moles and no real pain.,Melanoma
Should I be worried about a discolored spot on my forearm? dry and scaly. it showed up recently.,Eczema
It started as a single-colored mole that looks exactly the same as it did years ago on my hands. Now dry and scaly. it's been there for a while.,Melanocytic Nevi
Occasional mild itching -- scaly red patches on my neck.,Eczema
"I noticed a slightly raised rough patch that bleeds lightly when I scratch it on my shoulder, along with no significant pain.",Benign Keratosis-like Lesions
"When the weather changes, a ring-shaped rash with a raised scaly outer border and clearer skin in the middle on my chest gets worse.",Fungal Infections
"I have no real pain, and there's a warty, barnacle-like bump with a rough, pitted surface on my chest.",Seborrheic Keratoses
"I'm worried about a round, well-defined growth on my chest because it's been there for a while.",Seborrheic Keratoses
"Lately I've had patches with blurry, ill-defined edges that spread gradually behind my knees that comes with no significant pain.",Eczema
Lately I've had a skin lesion near my elbow that comes with mild irritation.,Viral Infections
"Inside my mouth: sharply defined, scaly plaques. it hasn't changed much.",Psoriasis Lichen Planus
"There's a hereditary skin condition -- my sibling has it too on the back of my hands, flaky and thickened, not sure what it is",Atopic Dermatitis
"No triggers -- it's been the same in all seasons, I get an inflamed patch on my arm.",Melanocytic Nevi
"There's a red patch near my elbow, and occasional mild itching.",Seborrheic Keratoses
"Red, inflamed areas on my forearm. it showed up recently. a burning, stinging feeling after I sweat.",Atopic Dermatitis
A discolored spot on my arm. it showed up recently. some mild discomfort.,Melanocytic Nevi
"I've had an inflamed patch on my chest for a while, with some mild discomfort.",Melanocytic Nevi
Lately I've had a mole that started bleeding on its own without any injury on my arm that comes with mild itching.,Melanoma
"I have a small rough bump on my finger with a rough, uneven surface and irregular edges.",Viral Infections
A scaly spot that's tender when I rub it firmly appeared on the back of my hands a while ago. with somewhat defined edges. rough-feeling in that spot. it's been there for several weeks.,Benign Keratosis-like Lesions
Got a raised bump on my scalp and has been there for months without healing completely,Benign Keratosis-like Lesions
Something's going on on my scalp. It's a growth that bleeds. rough-feeling in that spot. no significant pain.,Melanoma
I've noticed no real pain and there's a mole that started bleeding on its own without any injury on my neck. with irregular edges. it hasn't changed much.,Melanoma
"A skin lesion near my knee, severe itching I can barely control, been there ages",Eczema
"An open sore that bleeds, scabs over, and then reopens a few weeks later on my shoulder. it hasn't changed much. no real pain.",Basal Cell Carcinoma
Something on my face looks like a rough patch and it's been there for a while,Psoriasis Lichen Planus
"When the weather changes, a mole that started bleeding on its own without any injury on my leg gets worse.",Melanoma
I've had a rough patch on my wrist that it's been there for several weeks.,Melanocytic Nevi
"Got a single-colored mole that looks exactly the same as it did years ago on my arm, rough-feeling in that spot",Melanocytic Nevi
I have a skin lesion on my toenail.,Fungal Infections
"When my clothes rub against it, occasional mild itching and a single-colored mole that looks exactly the same as it did years ago on my back appear.",Melanocytic Nevi
Something's going on on my arm. It's a pigmented spot. smooth and flat against my skin. no itching or pain at all.,Melanocytic Nevi
A hereditary skin condition -- my sibling has it too appeared on my back a while ago. with irregular edges. dry and rough to the touch. keeps returning in the same spots year after year.,Atopic Dermatitis
"Sharply defined, scaly plaques showed up on my scalp and has persisted for a long time without clearing",Psoriasis Lichen Planus
The skin on my wrist has changed. There's a dry patch now. rough and flaky. it hasn't changed much.,Benign Keratosis-like Lesions
Something on my shoulder looks like symmetrical red patches on both sides of my body and it's been there for a while,Atopic Dermatitis
"I noticed a hard, rough-surfaced growth on the back of my knuckles. rough like sandpaper on the surface. it showed up recently.",Viral Infections
"The skin on my shoulder shows small fluid-filled bumps, and I've been dealing with occasional mild itching.",Eczema
Small flat-topped shiny purplish bumps on my chest. a stinging sensation where the skin cracks at the edges.,Psoriasis Lichen Planus
I have a scaly area on my neck and honestly it's been there for several weeks,Benign Keratosis-like Lesions
"There's a discolored spot on my chest, and no significant pain.",Psoriasis Lichen Planus
My skin on my feet is doing something weird -- a hereditary skin condition -- my sibling has it too,Atopic Dermatitis
I've had a raised bump near my knee that it showed up recently.,Atopic Dermatitis
"When the weather changes, I get a dark brown spot near my knee.",Melanoma
"When I sweat, I get a brown to dark brown raised plaque with a greasy, waxy feel on my wrist.",Seborrheic Keratoses
"My skin on my chest has been off. small rough bumps covering my upper arms and thighs. feels dry and scaly to the touch. a burning, stinging feeling after I sweat.",Atopic Dermatitis
A scaly area showed up on my neck a while back.,Seborrheic Keratoses
"Weird a discolored spot on my wrist, rough and flaky, no clue what it is",Seborrheic Keratoses
"I've had some mild discomfort for a while now. There's a scaly area on my shoulder with a clearly raised, scaly outer edge.",Fungal Infections
"I noticed an inflamed patch on my neck, along with some mild discomfort.",Viral Infections
"A spot with jagged, notched, irregular borders on my shoulder. with somewhat defined edges.",Melanoma
"I have a smooth, symmetric mole on my face with even and smooth to the touch.",Melanocytic Nevi
"On my feet: dry, red inflamed patches. it showed up recently.",Atopic Dermatitis
"There's a plantar wart on my heel that hurts when I walk on my face, rough-feeling in that spot, not sure what it is",Viral Infections
There's skin prone to frequent infections from all the scratching on my cheeks -- rough and flaky -- and occasional mild itching.,Atopic Dermatitis
"I've had a scaly spot that's tender when I rub it firmly on my ears for a while, with no real pain.",Benign Keratosis-like Lesions
I'm concerned about a rough patch on my scalp that it showed up recently -- mild irritation but nothing painful.,Basal Cell Carcinoma
"When the weather changes, I get red to brownish-gray patches near my elbow.",Eczema
"Athlete's foot causing cracked, peeling, white skin between my toes near my knee flares when the weather changes.",Fungal Infections
A spot that's larger than a pencil eraser and keeps getting bigger on my forearm. itching and occasional soreness around it.,Melanoma
On my face: a ring-shaped rash with a raised scaly outer border and clearer skin in the middle. it's been there for several weeks.,Fungal Infections
"I've had a small, dry, crusty spot on my ears for some time. rough-feeling in that spot. no real pain.",Benign Keratosis-like Lesions
I developed a dry patch on my forearm that comes with itchy and irritated.,Psoriasis Lichen Planus
"A small, uniform dark brown spot with no irregular areas on my leg. with symmetric, clean borders.",Melanocytic Nevi
"It started changing after a lot of sun exposure, I get a dry patch on my neck.",Melanoma
"I'm worried about a rough, cauliflower-like bump with tiny black dots on the surface on my armpit because it came on gradually.",Viral Infections
"A flat, reddish, scaly patch on my neck, no discomfort, it just won't go away.",Basal Cell Carcinoma
Something's going on near my elbow. It's a skin lesion. rough and flaky. no real pain.,Fungal Infections
"When my clothes rub against it, a rough patch on my feet gets worse.",Seborrheic Keratoses
Should I be worried about a reddish mark on my bald scalp? flaky and thickened. it's been there for several weeks.,Benign Keratosis-like Lesions
"Cracked, peeling skin on my groin and inner thigh. with irregular edges.",Fungal Infections
"When I sweat, I get a bump that keeps bleeding even after a very minor bump or scrape on my hands.",Basal Cell Carcinoma
"Athlete's foot causing cracked, peeling, white skin between my toes showed up on my torso a while back.",Fungal Infections
I noticed symmetrical red patches on both sides of my body on my neck. dry and scaly. it's been there for several weeks.,Atopic Dermatitis
There's a dry patch on my groin and inner thigh with irregular edges. flaky and thickened. intense itching and burning.,Fungal Infections
"Something on my ear looks like a waxy, scar-like flat patch with an indistinct border and it's been there for several weeks",Basal Cell Carcinoma
I'm not sure what a reddish mark on my face is -- dry and rough to the touch and occasional mild itching.,Fungal Infections
I have a plantar wart on my heel that hurts when I walk near my elbow with flaky and thickened.,Viral Infections
A single-colored mole that looks exactly the same as it did years ago near my elbow. occasional mild itching.,Melanocytic Nevi
My skin on my wrist has been off. a scaly area. flaky and thickened. mild irritation.,Basal Cell Carcinoma
"Raw, weeping patches that crust over as they heal on my wrists. rough-feeling in that spot.",Eczema
"Weird a hereditary skin condition -- my sibling has it too on my shoulder, dry and scaly, no clue what it is",Atopic Dermatitis
There's thick silvery-white scales that flake off in sheets on my face -- thick and plaque-like -- and mild irritation.,Psoriasis Lichen Planus
There's a patch on my arm. It looks like a scaly area. flaky and thickened. it came on gradually.,Melanocytic Nevi
"I have no significant pain, and there's itchy red patches near my elbow.",Eczema
I've been watching an inflamed patch on my arm and it showed up recently. occasional mild itching.,Basal Cell Carcinoma
I've noticed a dry patch on my shins lately.,Psoriasis Lichen Planus
"I have an inflamed patch on my toenail with rough around the border, softer in the center.",Fungal Infections
A red patch on the back of my hands. dry and cracked to the touch.,Atopic Dermatitis
"There's a patch on my feet. It looks like raw, weeping patches that crust over as they heal. feels crusty and dry. has been flaring on and off for months.",Eczema
"The skin on my face shows a slightly raised rough patch that bleeds lightly when I scratch it, and I've been dealing with occasional itching.",Benign Keratosis-like Lesions
"I noticed a red patch on my neck, along with occasional mild itching.",Benign Keratosis-like Lesions
"A red patch on my shoulder, itching and occasional soreness around it.",Melanoma
On my neck: a skin lesion. has been changing shape and color over the last few months.,Melanoma
"There's a red patch on my scalp, and mild stinging or burning feeling.",Benign Keratosis-like Lesions
I've got a plantar wart on my heel that hurts when I walk on my wrist -- rough-feeling in that spot -- and mild itching,Viral Infections
There's a patch on my face. It looks like a reddish mark. rough-feeling in that spot. it's been there for a while.,Seborrheic Keratoses
There's an inflamed patch on my leg.,Melanoma
"I've had a warty, barnacle-like bump with a rough, pitted surface on my trunk for some time. rough-feeling in that spot. mild irritation.",Seborrheic Keratoses
"Got a red patch on my arms, dry and rough to the touch",Psoriasis Lichen Planus
"Scaly, irritated skin on my cheeks, constant urge to scratch that never really goes away.",Atopic Dermatitis
I have a rough patch on my forearm.,Benign Keratosis-like Lesions
"So I've got a brown to dark brown raised plaque with a greasy, waxy feel on my trunk, with occasional mild itching",Seborrheic Keratoses
"A spot with irregular, notched borders appeared on my scalp a while ago. with fuzzy borders. dry and scaly. it hasn't changed much.",Melanoma
"I've had a flat, pink-red scaly patch with a gritty texture on my sun-exposed skin on my feet for some time. rough and gritty like sandpaper. no real pain.",Benign Keratosis-like Lesions
There's a red patch around my eyes.,Atopic Dermatitis
"Something doesn't look right on my neck: a flat, slightly rough patch darker than the surrounding skin with somewhat defined edges. flaky and thickened.",Benign Keratosis-like Lesions
"I've had some mild discomfort for a while now. There's a flat, pink-red scaly patch with a gritty texture on my sun-exposed skin on my back with a somewhat irregular, flat border.",Benign Keratosis-like Lesions
"Something on my feet looks like a brown to dark brown raised plaque with a greasy, waxy feel and it hasn't changed much",Seborrheic Keratoses
"I have mild itching, and there's a dry patch on my scalp.",Benign Keratosis-like Lesions
I've been watching a rough patch on my arm and it's been there for a while. some mild discomfort.,Atopic Dermatitis
"I've got a waxy, 'stuck-on' looking growth that appears pasted onto the skin surface on my neck -- dry and rough to the touch -- and mild itching",Seborrheic Keratoses
"I've got a small, round, evenly colored brown spot on my arm.",Melanocytic Nevi
Should I be worried about scaly red patches near my elbow? dry and rough to the touch. it came on gradually.,Psoriasis Lichen Planus
I have small rough bumps covering my upper arms and thighs on my arm.,Atopic Dermatitis
It started as a scaly area on my hands. Now rough-feeling in that spot. it showed up recently.,Fungal Infections
I'm not sure what a rough patch on my feet is -- rough and flaky and occasional mild itching.,Viral Infections
"Mild itching -- a flat, reddish, scaly patch on my back.",Basal Cell Carcinoma
"A waxy, scar-like area showed up near my knee and it's been there for several weeks",Basal Cell Carcinoma
Mild irritation -- small flat-topped shiny purplish bumps on my shoulder.,Psoriasis Lichen Planus
"I have no real pain, but it bleeds a little sometimes, along with a spot that's larger than a pencil eraser and keeps getting bigger on my chest with jagged edges that look ragged.",Melanoma
Something's going on near my knee. It's a rough patch. feels crusty and dry. mild itching.,Eczema
"Weird skin that breaks open and oozes when it flares on my face, rough-feeling in that spot, no clue what it is",Eczema
I have a tan to dark brown growth that looks thicker and greasier than a normal mole on my scalp with feels like it's sitting on top of the skin rather than growing from it.,Seborrheic Keratoses
I've got a rough patch on my feet.,Atopic Dermatitis
I've noticed a dry patch on my chest lately.,Basal Cell Carcinoma
"My skin on my arm has been off. blistering skin that bursts and leaves raw, wet patches. rough and leathery feeling. mild itching.",Eczema
"Got an inflamed patch on my arm, partly flat and partly raised within the same spot",Melanoma
"I've had a rough patch on my forearm for some time. rough-feeling in that spot. no discomfort, it just won't go away.",Basal Cell Carcinoma
"I have a smooth, pearly bump with a small dimple in the center on the sole of my foot with flaky and thickened.",Viral Infections
"My skin on my chest has been off. a hard, rough-surfaced growth. rough and irregular. painful when I put weight on it.",Viral Infections
There's a skin lesion on my scalp -- hard and firm to the touch -- and no real pain.,Viral Infections
"I have no discomfort whatsoever, along with an inflamed patch on my wrist with irregular edges.",Melanocytic Nevi
I've had an inflamed patch on my shoulder that it's been there for a while.,Viral Infections
It started as patches that ooze and crust on my wrists. Now dry and scaly. it showed up recently.,Eczema
I'm noticing itchy red patches on my hands.,Eczema
"So I've got a slightly raised rough patch that bleeds lightly when I scratch it on my face, with mild itching",Benign Keratosis-like Lesions
A hereditary skin condition -- my sibling has it too on my leg. occasional mild itching.,Atopic Dermatitis
"Occasional mild itching -- a pink growth with a slightly sunken, crater-like center on my scalp.",Basal Cell Carcinoma
"I have an open sore that bleeds, scabs over, and then reopens a few weeks later on my shoulder and honestly it's been there for a while",Basal Cell Carcinoma
Got a single-colored mole that looks exactly the same as it did years ago on my hands and it's been there for several weeks,Melanocytic Nevi
My skin on my wrist is doing something weird -- skin that breaks open and oozes when it flares,Eczema
There's a patch near my knee. It looks like a rough patch. rough-feeling in that spot. it hasn't changed much.,Melanocytic Nevi
"Something showed up on my arm. It's a rough, cauliflower-like bump with tiny black dots on the surface with somewhat defined edges. flaky and thickened. no significant pain.",Viral Infections
"There's a pink growth with a slightly sunken, crater-like center on my face, rough and flaky, not sure what it is",Basal Cell Carcinoma
"I have a rough, sandpaper-like patch on my hands and honestly it came on gradually",Benign Keratosis-like Lesions
I've been watching an inflamed patch on my scalp and it's been there for a while. no significant pain.,Basal Cell Carcinoma
There's a spot that's larger than a pencil eraser and keeps getting bigger on my arm -- rough and flaky -- that it came on gradually.,Melanoma
"I'm concerned about a smooth, symmetric mole on my wrist that it came on gradually -- occasional mild itching.",Melanocytic Nevi
I have a dry patch near my knee.,Basal Cell Carcinoma
"It started as a raised, well-defined bump on my chest. Now dry and scaly. it's been there for a while.",Viral Infections
"There's scaly red patches on my lower back with somewhat defined edges, and dry and rough to the touch.",Psoriasis Lichen Planus
I developed a rough-surfaced growth on my chest that comes with mild itching.,Seborrheic Keratoses
A rough patch showed up on my face a while back.,Basal Cell Carcinoma
I've got a red patch on my leg.,Viral Infections
"I'm noticing a rough, cauliflower-like bump with tiny black dots on the surface on my wrist.",Viral Infections
"There's a mole that has been visibly growing and changing over the past few months on my wrist with fuzzy borders, and rough-feeling in that spot.",Melanoma
No real pain -- an inflamed patch on my neck.,Seborrheic Keratoses
"I've had a raised, well-defined bump on my feet for some time. waxy and slightly greasy to the touch. no significant pain.",Seborrheic Keratoses
"I have no discomfort, it just won't go away, and there's a pink growth with a slightly sunken, crater-like center near my elbow.",Basal Cell Carcinoma
I'm concerned about an inflamed patch on my shoulder that it showed up recently -- mild irritation.,Fungal Infections
"I noticed a reddish mark on my back, along with occasional mild itching.",Psoriasis Lichen Planus
I'm noticing a skin lesion on my arm.,Benign Keratosis-like Lesions
I've had skin that leaks clear fluid after scratching around my eyes that it hasn't changed much.,Atopic Dermatitis
Got a dark brown spot near my knee and it hasn't changed much,Melanoma
"I have mild irritation, and there's raw, inflamed skin on my leg.",Eczema
There's a raised bump on my shoulder -- feels dry and scaly to the touch -- that has come and gone since childhood.,Atopic Dermatitis
"A waxy, stuck-on looking growth on my hands. with fuzzy borders.",Seborrheic Keratoses
"Weird a raised bump on my arm, dry and scaly, no clue what it is",Seborrheic Keratoses
I'm noticing a dry patch near my elbow.,Benign Keratosis-like Lesions
"I've had patches that ooze clear fluid when I scratch on my leg for a while, with constant urge to scratch.",Eczema
"I've had a small rough bump on my leg for a while, with painful when I put weight on it.",Viral Infections
"I've had a dry patch on my neck for a while, with no real pain.",Melanoma
A discolored spot appeared on my wrist a while ago. with somewhat defined edges. rough-feeling in that spot. it came on gradually.,Melanoma
A dry patch near my knee. with somewhat defined edges.,Melanoma
My skin on my chest is doing something weird -- a skin lesion,Seborrheic Keratoses
"There's a dry patch on my ankles, feels rough and raised, not sure what it is",Psoriasis Lichen Planus
"Something showed up on my stomach. It's a slightly raised, uniform-colored bump with symmetric, clean borders. rough and flaky. no itching or pain at all.",Melanocytic Nevi
"Got a dark brown spot on my wrist, smooth and flat against my skin",Melanocytic Nevi
"So I've got red, ring-shaped scaly patches near my elbow, with no significant pain",Fungal Infections
"Some mild discomfort -- red, ring-shaped scaly patches near my elbow.",Psoriasis Lichen Planus
"Got a smooth, pearly bump with a small dimple in the center on my feet, hard and firm to the touch",Viral Infections
"Cracked, dry skin on my neck. rough-feeling in that spot.",Atopic Dermatitis
A ring-shaped rash with a raised scaly outer border and clearer skin in the middle on my forearm. with fuzzy borders.,Fungal Infections
A raised bump showed up near my elbow and showed up suddenly and multiplied into several bumps,Viral Infections
"When I sweat, I get a warty, barnacle-like bump with a rough, pitted surface on my scalp.",Seborrheic Keratoses
A scaly area showed up on my fingernail and it's been there for several weeks,Fungal Infections
"I developed a smooth, symmetric mole on my leg that comes with no significant pain.",Melanocytic Nevi
There's a discolored spot on my chest with somewhat defined edges. smooth and flat against my skin. no itching or pain at all.,Melanocytic Nevi
"In dry weather, small flat-topped shiny purplish bumps on my elbows and knees gets worse.",Psoriasis Lichen Planus
"I've got a rough, cauliflower-like bump with tiny black dots on the surface on my arm.",Viral Infections
"A small rough bump on my feet, occasional mild itching, been there ages",Viral Infections
I've had itching so bad it keeps me awake for a while now. There's scaly red patches on my wrists with fuzzy borders.,Eczema
"There's a scaly spot that's tender when I rub it firmly on my lower lip with somewhat defined edges, and dry and rough to the touch.",Benign Keratosis-like Lesions
"I have mild itching, along with a thin, thread-like skin tag growing on my eyelid on my hands with irregular edges.",Viral Infections
There's a patch near my knee. It looks like a red patch. rough-feeling in that spot. it hasn't changed much.,Atopic Dermatitis
A tan to dark brown growth that looks thicker and greasier than a normal mole near my elbow. with somewhat defined edges.,Seborrheic Keratoses
"There's a pink growth with a slightly sunken, crater-like center on my shoulder with fuzzy borders. waxy and scar-like. occasional mild itching.",Basal Cell Carcinoma
A red patch near my elbow. occasional mild itching.,Melanocytic Nevi
"I have itching and occasional soreness around it, and there's a pigmented spot on my arm.",Melanoma
I'm concerned about a discolored spot on my wrists that it showed up recently -- itchy and irritated.,Eczema
"So I've got plaques appearing exactly where my skin was scratched or injured on my forearm, with some mild discomfort",Psoriasis Lichen Planus
"So on my face there's a small, round, evenly colored brown spot, and nothing unusual, it's just always been there",Melanocytic Nevi
I noticed a dry patch on my chest. slightly raised and uneven. has been changing shape and color over the last few months.,Melanoma
I noticed a slightly raised rough patch that bleeds lightly when I scratch it on my back. flaky and thickened. it's been there for several weeks.,Benign Keratosis-like Lesions
A skin lesion appeared on my neck a while ago. with blurry borders that blend into surrounding skin. flaky and thickened. has been a recurring problem since I was young.,Atopic Dermatitis
"I've got a soft, dome-shaped mole that's been stable for as long as I can remember on my stomach -- slightly raised but soft -- and no itching or pain at all",Melanocytic Nevi
I have plaques appearing exactly where my skin was scratched or injured on my shoulder and honestly it showed up recently,Psoriasis Lichen Planus
"I have thick silvery-white scales that flake off in sheets near my elbow, and flaky when I run my hand over it.",Psoriasis Lichen Planus
"I noticed a dark brown spot on my leg, along with occasional mild itching.",Melanocytic Nevi
"Something showed up on my hands. It's a scaly, reddish-pink patch with fuzzy borders. feels tender when pressed. tenderness when I press on it.",Benign Keratosis-like Lesions
"Something's going on on my leg. It's a rough, sandpaper-like patch. feels tender when pressed. mild stinging or burning feeling.",Benign Keratosis-like Lesions
It started as a ring-shaped rash with a raised border on my wrist. Now rough and flaky. it showed up recently.,Fungal Infections
"There's blistering skin that bursts and leaves raw, wet patches on my hands, the skin there is thickened from years of scratching, not sure what it is",Eczema
"My skin near my knee is doing something weird -- a symmetric mole with a smooth, even border",Melanocytic Nevi
I'm worried about a red patch on my hands because it showed up recently.,Fungal Infections
"I noticed a thin, thread-like skin tag growing on my eyelid on my shoulder. flaky and thickened. it's been there for a while.",Viral Infections
"The skin on my scalp has changed. There's scaly, irritated skin now. rough and flaky. it's been there for several weeks.",Atopic Dermatitis
I've noticed no significant pain and there's a plantar wart on my heel that hurts when I walk on my wrist. with irregular edges. it's been there for several weeks.,Viral Infections
"I've had a flat, pink-red scaly patch with a gritty texture on my sun-exposed skin on my chest for some time. flaky and thickened. mild irritation.",Benign Keratosis-like Lesions
"Something doesn't look right on my scalp: a cluster of small flesh-colored bumps with distinct, punched-out looking edges. smooth with a central dimple.",Viral Infections
"My skin on my leg is doing something weird -- a scaly, wart-like bump",Seborrheic Keratoses
"I have occasional mild itching, along with a waxy, 'stuck-on' looking growth that appears pasted onto the skin surface on my face with irregular edges.",Seborrheic Keratoses
I've had a dry patch on my forearm for some time. flaky and thickened. mild itching.,Basal Cell Carcinoma
"A scaly area on my scalp, occasional mild itching.",Seborrheic Keratoses
"I have tenderness when I press on it, and there's an inflamed patch on my face.",Benign Keratosis-like Lesions
"I've had no real pain, just occasional bleeding after a minor bump for a while now. There's a skin lesion on my forehead with an indistinct, difficult-to-define edge.",Basal Cell Carcinoma
"There's a dry patch on my feet with somewhat defined edges, and rough-feeling in that spot.",Benign Keratosis-like Lesions
"I developed a waxy, scar-like flat patch with an indistinct border near my elbow that comes with mild itching.",Basal Cell Carcinoma
"I have mild itching, along with a skin lesion on my feet with fuzzy borders.",Eczema
"A hard, rough-surfaced growth on my forearm. dry and scaly.",Viral Infections
I've got a scaly area on my face.,Fungal Infections
I've got a red patch on my neck -- the center feels soft and tends to crust over -- and mild itching,Basal Cell Carcinoma
"So I've got a scaly area near my elbow, with some mild discomfort",Seborrheic Keratoses
I've been watching a discolored spot on my feet and it's been there for several weeks. some mild discomfort.,Melanoma
I have skin prone to frequent infections from all the scratching on my neck and honestly flares and then settles down,Atopic Dermatitis
Skin prone to frequent infections from all the scratching appeared on my arm a while ago. with irregular edges. the skin there is leathery and thick. it's been there for several weeks.,Atopic Dermatitis
"So on my wrists there's an inflamed patch, and occasional mild itching",Atopic Dermatitis
"There's a rough patch on my chest with irregular edges, and feels like it's sitting on top of the skin rather than growing from it.",Seborrheic Keratoses
"I've noticed a dry, crusty spot on a sun-damaged area that keeps peeling off and returning on my leg lately.",Benign Keratosis-like Lesions
I'm concerned about a slightly raised rough patch that bleeds lightly when I scratch it on my wrist that it hasn't changed much -- mild irritation.,Benign Keratosis-like Lesions
"A scaly area, on my shoulder, dry and scaly.",Basal Cell Carcinoma
I have a reddish mark on my arm.,Melanoma
"I've had a dry, crusty spot on a sun-damaged area that keeps peeling off and returning on my face that it showed up recently.",Benign Keratosis-like Lesions
I'm worried about a hereditary skin condition -- my sibling has it too on my forearm because it hasn't changed much.,Atopic Dermatitis
I notice occasional mild itching when the weather changes. There's skin irritation triggered by a certain soap or fabric on my shoulder.,Eczema
"I've had scaly red patches on my wrists for a while, with occasional mild soreness.",Psoriasis Lichen Planus
"I've had a rough, cauliflower-like bump with tiny black dots on the surface on my hands for a while, with mild irritation.",Viral Infections
"I have a waxy, scar-like flat patch with an indistinct border on my neck.",Basal Cell Carcinoma
"There's a raised bump on my back, rough and leathery feeling, not sure what it is",Eczema
"I have an open sore that bleeds, scabs over, and then reopens a few weeks later on my forearm with fuzzy borders.",Basal Cell Carcinoma
I have a small rough bump on my armpit with fuzzy borders.,Viral Infections
"So I've got a discolored spot on my nose, with no discomfort, it just won't go away",Basal Cell Carcinoma
"So around my eyes there's skin prone to frequent infections from all the scratching, and mild irritation",Atopic Dermatitis
"A tan to dark brown growth that looks thicker and greasier than a normal mole near my elbow. with distinct, punched-out looking edges.",Seborrheic Keratoses
Something's going on on my scalp. It's a rough patch. rough-feeling in that spot. mild irritation.,Seborrheic Keratoses
There's a dry patch on my forearm.,Benign Keratosis-like Lesions
I'm worried about a dry patch near my elbow because it came on gradually.,Melanoma
My skin on my hands is doing something weird -- a rough patch,Melanocytic Nevi
"Something's going on on my feet. It's a pink growth with a slightly sunken, crater-like center. the center feels soft and tends to crust over. no real pain, just occasional bleeding after a minor bump.",Basal Cell Carcinoma
"I've got an open sore that bleeds, scabs over, and then reopens a few weeks later on my scalp -- waxy and scar-like -- and some mild discomfort",Basal Cell Carcinoma
"Something doesn't look right near my elbow: a soft, dome-shaped mole that's been stable for as long as I can remember with fuzzy borders. flaky and thickened.",Melanocytic Nevi
I'm worried about a scaly area near my knee because it's been there for several weeks.,Basal Cell Carcinoma
It started as a discolored spot on my forearm. Now flaky and thickened. it's been there for a while.,Melanocytic Nevi
I developed a skin lesion on my back that comes with no significant pain.,Basal Cell Carcinoma
"There's a discolored spot on my face, and mild itching.",Viral Infections
It started as a single-colored mole that looks exactly the same as it did years ago on my shoulder. Now rough and flaky. it came on gradually.,Melanocytic Nevi
"When the weather changes, patches that ooze clear fluid when I scratch on my wrist gets worse.",Eczema
A rough patch on my scalp. dry and rough to the touch.,Seborrheic Keratoses
"There's a scaly area on my shoulder, and painful when I put weight on it.",Viral Infections
"Something on my scalp looks like a dry, crusty spot on a sun-damaged area that keeps peeling off and returning and the crust falls off and then regrows",Benign Keratosis-like Lesions
"I've noticed no significant pain and there's blistering skin that bursts and leaves raw, wet patches on my wrist. with irregular edges. it's been there for a while.",Eczema
"Lately I've had a rough, sandpaper-like patch that feels much rougher than it looks on my ears that comes with occasional mild itching.",Benign Keratosis-like Lesions
"There's a mole with an uneven, asymmetrical shape on my shoulder, feels different from my other moles, not sure what it is",Melanoma
"A round, well-defined growth appeared on my forearm a while ago. with somewhat defined edges. dry and rough to the touch. has been slowly growing thicker over several years.",Seborrheic Keratoses
"A scaly, wart-like bump on my leg. with sharp, well-defined, stuck-on looking edges.",Seborrheic Keratoses
A circular scaly rash on the sole of my foot flares when my feet stay damp in sweaty shoes.,Fungal Infections
"There's a patch on the back of my knuckles. It looks like a raised, well-defined bump. rough-feeling in that spot. it's been there for a while.",Viral Infections
"I've had mild irritation for a while now. There's patches that ooze and crust on my neck with blurry, ill-defined edges.",Eczema
"There's an itch that triggers before any visible rash appears on the folds of my elbows and knees, flaky and thickened, not sure what it is",Atopic Dermatitis
I have a reddish mark on my scalp with feels crusty and dry.,Eczema
There's a scaly area on my arm with fuzzy borders. even and smooth to the touch. no significant pain.,Melanocytic Nevi
"I've had a symmetric mole with a smooth, even border on my forearm for some time. flaky and thickened. mild irritation.",Melanocytic Nevi
Something's going on on my leg. It's small flat-topped shiny purplish bumps. dry and scaly. no significant pain.,Psoriasis Lichen Planus
A rough patch appeared on my stomach a while ago. with irregular edges. even and smooth to the touch. it came on gradually.,Melanocytic Nevi
Patches on the extensor surface -- the outside of my elbows and knees on my scalp flares when my clothes rub against it.,Psoriasis Lichen Planus
"I'm noticing a shiny, pearly bump with tiny visible blood vessels running through it on my nose.",Basal Cell Carcinoma
"I've had symmetrical red patches on both sides of my body on my scalp for a while, with mild irritation.",Atopic Dermatitis
"I'm concerned about red, ring-shaped scaly patches on my forearm that it hasn't changed much -- no real pain.",Psoriasis Lichen Planus
"A warty, barnacle-like bump with a rough, pitted surface on my feet flares when I sweat.",Seborrheic Keratoses
"On my neck: a spot with irregular, notched borders. it hasn't changed much.",Melanoma
I'm noticing skin that breaks open and oozes when it flares on my scalp.,Eczema
"After a skin injury or scratch, I get sharply defined plaques with very clear, distinct edges on my arm.",Psoriasis Lichen Planus
"There's skin irritation triggered by a certain soap or fabric on my wrist, dry and scaly, not sure what it is",Eczema
No real pain -- an inflamed patch on my leg.,Fungal Infections
A ring-shaped rash with a raised scaly outer border and clearer skin in the middle showed up on my torso and hasn't cleared up even after several weeks,Fungal Infections
"I have a small rough bump on my finger, and dry and rough to the touch.",Viral Infections
"My skin on my scalp has been off. a rough, sandpaper-like patch. feels tender when pressed. occasional mild itching.",Benign Keratosis-like Lesions
I have patches that ooze clear fluid when I scratch on my neck and honestly it's been there for several weeks,Eczema
"A scaly, wart-like bump on my chest, no discomfort unless I scratch it, been there ages",Seborrheic Keratoses
There's a growth that looks like it could be lifted off with a fingernail on my face.,Seborrheic Keratoses
I noticed a plantar wart on my heel that hurts when I walk on my back. rough and flaky. has stayed about the same size for weeks.,Viral Infections
"I've had thickened, leathery patches on my cheeks that has come and gone since childhood.",Atopic Dermatitis
I have a circular scaly rash on my feet. peeling and flaking. keeps expanding outward from the center. mild irritation.,Fungal Infections
"Occasional mild itching -- sharply defined plaques with very clear, distinct edges on my shins.",Psoriasis Lichen Planus
On my back: a scaly area. it's been there for several weeks.,Fungal Infections
"I've been watching a reddish-brown patch that gets worse in hot, humid weather on my toenail and keeps expanding outward from the center. no real pain.",Fungal Infections
"I've got a small, dry, crusty spot on my hands.",Benign Keratosis-like Lesions
The skin on my shoulder has changed. There's a scaly area now. waxy and scar-like. it's been there for several weeks.,Basal Cell Carcinoma
My skin near my knee has been off. a skin lesion. waxy and slightly greasy to the touch. mild irritation when it catches on something.,Seborrheic Keratoses
"I have a raised bump on my wrist, and dry and scaly.",Benign Keratosis-like Lesions
"A perfectly round, evenly colored brown spot that hasn't changed at all, on my hands, flaky and thickened.",Melanocytic Nevi
"There's a shiny, pearly bump with tiny visible blood vessels running through it on my hands with translucent, blurry borders, and dry and scaly.",Basal Cell Carcinoma
"The skin on my forearm shows an inflamed patch, and I've been dealing with painful when I put weight on it.",Viral Infections
"When I sweat, no real pain and a dry patch on my shoulder appear.",Benign Keratosis-like Lesions
My skin on my face is doing something weird -- a red patch,Basal Cell Carcinoma
I've got an inflamed patch on my forearm -- dry and rough to the touch -- and no real pain,Fungal Infections
"So on my neck there's an inflamed patch, and mild irritation",Seborrheic Keratoses
A flat-topped warty bump that keeps multiplying on the back of my knuckles flares when I sweat.,Viral Infections
"The skin on my ears shows a flat, pink-red scaly patch with a gritty texture on my sun-exposed skin, and I've been dealing with no real pain.",Benign Keratosis-like Lesions
I have skin prone to frequent infections from all the scratching near my elbow with somewhat defined edges.,Atopic Dermatitis
"So on my face there's a discolored spot, and occasional mild itching",Melanocytic Nevi
No significant pain -- a flat-topped warty bump that keeps multiplying on my feet.,Viral Infections
I noticed a skin lesion on my shoulder. dry and scaly. it came on gradually.,Melanocytic Nevi
"I have occasional mild itching, and there's an inflamed patch on my wrist.",Seborrheic Keratoses
"A brown to dark brown raised plaque with a greasy, waxy feel on my scalp. it hasn't changed much. no significant pain.",Seborrheic Keratoses
Lately I've had a growth that bleeds on my nose that comes with mild irritation but nothing painful.,Basal Cell Carcinoma
"I've had a waxy, scar-like area on my arm for a while, with mild irritation.",Basal Cell Carcinoma
Lately I've had symmetrical red patches on both sides of my body on my wrists that comes with no significant pain.,Atopic Dermatitis
Something's going on on my neck. It's a cluster of small flesh-colored bumps. flaky and thickened. mild discomfort when I press on it.,Viral Infections
There's an inflamed patch on my leg.,Fungal Infections
"When I sweat, I get small rough bumps covering my upper arms and thighs on my arm.",Atopic Dermatitis
Got a discolored spot near my knee and it hasn't changed much,Seborrheic Keratoses
I've had a red patch on my scalp that it came on gradually.,Viral Infections
I've noticed no significant pain and there's a dry patch on my hands. with fuzzy borders. has started bleeding and crusting on its own.,Melanoma
I noticed a red patch on my hands. rough and flaky. comes back in the same spots every few months.,Psoriasis Lichen Planus
"No real pain -- a brown to dark brown raised plaque with a greasy, waxy feel on my back.",Seborrheic Keratoses
"I've had cracked, dry skin on my cheeks that it came on gradually.",Atopic Dermatitis
"Got a warty, barnacle-like bump with a rough, pitted surface on my arm, rough and bumpy on the surface",Seborrheic Keratoses
"A mole that has been visibly growing and changing over the past few months on my leg, mild irritation.",Melanoma
"So on my face there's a hard, rough-surfaced growth, and mild irritation",Viral Infections
There's thick red raised plaques on my face -- flaky and thickened -- and mild itching.,Psoriasis Lichen Planus
I noticed a rough patch on my leg. rough and flaky. it came on gradually.,Melanoma
"There's a patch on my leg. It looks like a scaly, wart-like bump. dry and rough to the touch. it's been there for several weeks.",Seborrheic Keratoses
A skin lesion showed up on my arm and it's been there for a while,Viral Infections
A rash that keeps expanding outward in a ring shape on my back flares when I sweat.,Fungal Infections
"A mole with an asymmetrical, uneven shape -- one half doesn't match the other on my back. it showed up recently. no significant pain.",Melanoma
Scaly red patches on my face. no significant pain.,Eczema
Something showed up on my neck. It's skin that breaks open and oozes when it flares with somewhat defined edges. the skin there is thickened from years of scratching. itching so bad it keeps me awake.,Eczema
"The skin on my scalp shows a rough, sandpaper-like patch, and I've been dealing with no significant pain.",Benign Keratosis-like Lesions
"A flat, tan-colored mark on my leg. with smooth, perfectly regular borders.",Melanocytic Nevi
Something's going on on my face. It's a dry patch. hard and firm to the touch. no real pain.,Viral Infections
A red patch near my elbow. no real pain.,Seborrheic Keratoses
"There's small circular bald patches on my scalp on my scalp, dry and scaly, not sure what it is",Fungal Infections
"So on my face there's plaques appearing exactly where my skin was scratched or injured, and no real pain",Psoriasis Lichen Planus
"I have a smooth, pearly bump with a small dimple in the center on my neck.",Viral Infections
Something on my arm looks like a spot that's larger than a pencil eraser and keeps getting bigger and has started bleeding and crusting on its own,Melanoma
"A spot with jagged, notched, irregular borders on my face, some mild discomfort.",Melanoma
"So I've got a bump that keeps bleeding even after a very minor bump or scrape on my scalp, with mild irritation",Basal Cell Carcinoma
"So I've got cracked, peeling skin on my leg, with a stinging feeling especially after sweating",Fungal Infections
"I noticed patches that ooze and crust on my wrist, along with itching so bad it keeps me awake.",Eczema
"I have occasional mild itching, and there's dry, itchy patches that have been recurring since childhood on my leg.",Atopic Dermatitis
"There's a scaly area on my leg, and mild irritation.",Melanoma
"There's a rough patch on my chest with sharp, well-defined, stuck-on looking edges. rough-feeling in that spot. mild irritation when it catches on something.",Seborrheic Keratoses
"Got a thick, yellowed, crumbly nail that's lifting off the nail bed on my arm and it hasn't changed much",Fungal Infections
I have patches on the extensor surface -- the outside of my elbows and knees on my neck. dry and rough to the touch. it's been there for several weeks. no significant pain.,Psoriasis Lichen Planus
A dry patch appeared on my leg a while ago. with fuzzy borders. flaky and thickened. it's been there for several weeks.,Basal Cell Carcinoma
"When the weather changes, no significant pain and a cluster of small flesh-colored bumps on the sole of my foot appear.",Viral Infections
"Something showed up on my forearm. It's a slightly raised, uniform-colored bump with fuzzy borders. dry and scaly. no discomfort whatsoever.",Melanocytic Nevi
"Something showed up on my leg. It's a perfectly round, evenly colored brown spot that hasn't changed at all with somewhat defined edges. even and smooth to the touch. mild irritation.",Melanocytic Nevi
My skin on my scalp has been off. a mole with several colors mixed in. rough and flaky. occasional mild itching.,Melanoma
An inflamed patch on my neck. it hasn't changed much. mild itching.,Fungal Infections
I have a hereditary skin condition -- my sibling has it too around my eyes and honestly it hasn't changed much,Atopic Dermatitis
"So I've got a red patch on my hands, with some mild discomfort",Fungal Infections
"When I sweat, I get a raised bump on my wrist.",Basal Cell Carcinoma
"I've been watching red, inflamed areas on my feet and it's been there for a while. some mild discomfort.",Atopic Dermatitis
"My skin on my back is doing something weird -- a flat, tan-colored mark",Melanocytic Nevi
A plantar wart on my heel that hurts when I walk on my hands. mild discomfort when I press on it.,Viral Infections
"Lately I've had a symmetric mole with a smooth, even border on my hands that comes with mild itching.",Melanocytic Nevi
"There's scaly, irritated skin on my hands.",Atopic Dermatitis
I've had red to brownish-gray patches behind my knees that it hasn't changed much.,Eczema
An inflamed patch on my arm. mild itching.,Atopic Dermatitis
I've got a mole that has been visibly growing and changing over the past few months on my arm -- dry and scaly -- and occasional mild itching,Melanoma
On my feet: a raised bump. it's been there for several weeks.,Benign Keratosis-like Lesions
"Got a smooth, pearly bump with a small dimple in the center on my shoulder and has stayed about the same size for weeks",Viral Infections
"Something doesn't look right between my toes: red, ring-shaped scaly patches with somewhat defined edges. rough and flaky.",Fungal Infections
"I have occasional mild itching, along with a mole that started bleeding on its own without any injury on my back with irregular edges.",Melanoma
"A waxy, stuck-on looking growth appeared on my face a while ago. with distinct, punched-out looking edges. rough and bumpy on the surface. it showed up recently.",Seborrheic Keratoses
There's small flat-topped shiny purplish bumps on my feet.,Psoriasis Lichen Planus
"I have a symmetric mole with a smooth, even border on my arm and honestly it's been there for a while",Melanocytic Nevi
"I developed a flat, tan-colored mark on my neck that comes with no real pain.",Melanocytic Nevi
A scaly area on my wrist. grew slowly over several months. some mild discomfort.,Viral Infections
"I have no significant pain, and there's patches that ooze clear fluid when I scratch on my hands.",Eczema
I have a red patch on my wrist. dry and scaly. it showed up recently. some mild discomfort.,Melanocytic Nevi
"I have occasional mild itching, along with a small, round, evenly colored brown spot on my arm with fuzzy borders.",Melanocytic Nevi
Something on my back looks like a raised bump and it came on gradually,Benign Keratosis-like Lesions
"I have a strange new sensation I never noticed before, and there's a dark brown spot on my arm.",Melanoma
I notice mild itching when my clothes rub against it. There's a reddish mark on my hands.,Benign Keratosis-like Lesions
I notice no real pain when the weather changes. There's a red patch on my neck.,Basal Cell Carcinoma
Should I be worried about patches on the extensor surface -- the outside of my elbows and knees on my chest? dry and scaly. it's been there for a while.,Psoriasis Lichen Planus
I have a skin lesion on my leg with fuzzy borders.,Atopic Dermatitis
"Something showed up on my forearm. It's a raised bump with fuzzy borders. dry and scaly. nothing unusual, it's just always been there.",Melanocytic Nevi
My skin on my wrist is doing something weird -- a mole that started bleeding on its own without any injury,Melanoma
"Something on the back of my knuckles looks like a raised, well-defined bump and has stayed about the same size for weeks",Viral Infections
"My skin on my scalp has been off. a warty, barnacle-like bump with a rough, pitted surface. flaky and thickened. no real pain.",Seborrheic Keratoses
"There's raw, inflamed skin on my wrists, and itchy and irritated.",Eczema
"Weird plaques appearing exactly where my skin was scratched or injured on my neck, dry and rough to the touch, no clue what it is",Psoriasis Lichen Planus
"I noticed a smooth, pearly bump with a small dimple in the center on my hands, along with some mild discomfort.",Viral Infections
"I've had patches with blurry, ill-defined edges that spread gradually on my fingers for a while, with mild irritation.",Eczema
On my forearm: a pigmented spot. it's been there for several weeks.,Melanoma
"I've been watching a thin, thread-like skin tag growing on my eyelid on my wrist and it's been there for several weeks. mild irritation.",Viral Infections
There's a pigmented spot on my back -- flaky and thickened -- and mild irritation.,Melanocytic Nevi
Bumps with a fine white lacy pattern on the surface on my scalp flares when the weather changes.,Psoriasis Lichen Planus
"I noticed red, ring-shaped scaly patches on my wrists. rough and flaky. it's been there for several weeks.",Psoriasis Lichen Planus
"I've had a burning, stinging feeling after I sweat for a while now. There's cracked, dry skin on my back with poorly defined edges.",Atopic Dermatitis
Near my elbow: a small rough bump. keeps spreading into a small cluster.,Viral Infections
"My skin on my chest is doing something weird -- a rough, sandpaper-like patch that feels much rougher than it looks",Benign Keratosis-like Lesions
"Dry, itchy patches that have been recurring since childhood on the folds of my elbows and knees, mild itching.",Atopic Dermatitis
I developed a plantar wart on my heel that hurts when I walk on my arm that comes with some mild discomfort.,Viral Infections
"So on my neck there's a growth that looks like it could be lifted off with a fingernail, and no pain, just occasional mild itching if clothing rubs it",Seborrheic Keratoses
"Cracked, dry skin showed up around my eyes a while back.",Atopic Dermatitis
"So on my feet there's a raised bump, and no real pain, but it bleeds a little sometimes",Melanoma
I have a skin lesion on my leg and honestly keeps spreading into a small cluster,Viral Infections
I've got a growth that bleeds near my knee -- rough-feeling in that spot -- and mild itching,Melanoma
"Weird a raised bump on my arm, dry and rough to the touch, no clue what it is",Fungal Infections
Something's going on on my nose. It's a bump that keeps bleeding even after a very minor bump or scrape. the center feels soft and tends to crust over. mild itching.,Basal Cell Carcinoma
"Something doesn't look right on my armpit: a hard, rough-surfaced growth with irregular edges. rough-feeling in that spot.",Viral Infections
"A slightly raised rough patch that bleeds lightly when I scratch it, on my chest, rough-feeling in that spot.",Benign Keratosis-like Lesions
"There's sharply defined, scaly plaques on my scalp with somewhat defined edges, and rough and flaky.",Psoriasis Lichen Planus
"My skin on my upper back and chest is doing something weird -- a thick, yellowed, crumbly nail that's lifting off the nail bed",Fungal Infections
"There's an inflamed patch near my elbow with irregular edges, and rough and flaky.",Basal Cell Carcinoma
"A scaly, reddish-pink patch on my forearm. with blurry edges that fade into normal skin.",Benign Keratosis-like Lesions
"There's thickened, leathery patches on my neck with poorly defined edges. dry and scaly. itching so bad it keeps me awake.",Atopic Dermatitis
"So on my nose there's a small, shiny, pearly bump, and mild irritation but nothing painful",Basal Cell Carcinoma
"The skin on my leg shows a scaly area, and I've been dealing with no real pain.",Viral Infections
"I have no real pain, along with an inflamed patch on my feet with somewhat defined edges.",Viral Infections
"I have a reddish mark near my knee with distinct, punched-out looking edges.",Seborrheic Keratoses
"I notice tenderness when I press on it when my clothes rub against it. There's a flat, slightly rough patch darker than the surrounding skin on my ears.",Benign Keratosis-like Lesions
"I've had cracked, dry skin that stings behind my knees for some time. rough-feeling in that spot. a burning feeling when I sweat.",Eczema
Plaques appearing exactly where my skin was scratched or injured showed up on my hands and it's been there for a while,Psoriasis Lichen Planus
I've had a red patch on my forearm for some time. feels tender when pressed. mild irritation.,Benign Keratosis-like Lesions
Something on my hands looks like a growth that looks like it could be lifted off with a fingernail and it came on gradually,Seborrheic Keratoses
"Should I be worried about a scaly area on my ear? rough-feeling in that spot. keeps bleeding, scabbing over, and then reopening.",Basal Cell Carcinoma
A growth that bleeds on my neck. dry and rough to the touch.,Melanoma
"Got a raised bump on my bald scalp, rough and gritty like sandpaper",Benign Keratosis-like Lesions
"I have mild itching, along with a waxy, stuck-on looking growth on my chest with somewhat defined edges.",Seborrheic Keratoses
"There's a red patch on my forehead with an indistinct, difficult-to-define edge, and smooth and shiny on the surface.",Basal Cell Carcinoma
"There's a warty, barnacle-like bump with a rough, pitted surface on my back -- rough and flaky -- and no pain, just occasional mild itching if clothing rubs it.",Seborrheic Keratoses
Skin that leaks clear fluid after scratching near my elbow. the skin there is leathery and thick.,Atopic Dermatitis
I've been watching a hereditary skin condition -- my sibling has it too on my cheeks and it showed up recently. some mild discomfort.,Atopic Dermatitis
Something showed up on my face. It's a raised bump with fuzzy borders. dry and rough to the touch. no real pain.,Atopic Dermatitis
"When my clothes rub against it, no significant pain and thick silvery-white scales that flake off in sheets on my forearm appear.",Psoriasis Lichen Planus
"So on my chest there's a rough, cauliflower-like bump with tiny black dots on the surface, and mild irritation",Viral Infections
Mild itching -- a rough patch on my chest.,Benign Keratosis-like Lesions
"So I've got an inflamed patch on my feet, with occasional mild itching",Viral Infections
I have a reddish mark on my wrist.,Eczema
I've had occasional mild itching for a while now. There's a red patch on my feet with irregular edges.,Melanocytic Nevi
"I have no pain, just occasional mild itching if clothing rubs it, along with a reddish mark near my knee with somewhat defined edges.",Seborrheic Keratoses
Should I be worried about a flat-topped warty bump that keeps multiplying on my neck? dry and rough to the touch. it hasn't changed much.,Viral Infections
"I noticed a scaly, reddish-pink patch on my shoulder, along with tenderness when I press on it.",Benign Keratosis-like Lesions
I'm noticing a dry patch on my shoulder.,Eczema
"Weird raw, inflamed skin on my forearm, dry and cracked to the touch, no clue what it is",Eczema
"There's a hard, rough-surfaced growth on my scalp.",Viral Infections
"I have a small, shiny, pearly bump on my scalp with irregular edges.",Basal Cell Carcinoma
"I've had mild itching for a while now. There's a thin, thread-like skin tag growing on my eyelid on my neck with fuzzy borders.",Viral Infections
"There's a reddish mark on my wrist with blurry borders that blend into surrounding skin, and dry and cracked to the touch.",Atopic Dermatitis
I have a skin lesion on my scalp with dry and rough to the touch.,Seborrheic Keratoses
"I've had occasional mild itching for a while now. There's a spot with jagged, notched, irregular borders near my elbow with fuzzy borders.",Melanoma
"Lately I've had a small, round, evenly colored brown spot near my elbow that comes with no discomfort whatsoever.",Melanocytic Nevi
I'm noticing a dark brown spot on my face.,Melanocytic Nevi
A skin lesion showed up near my elbow a while back.,Seborrheic Keratoses
A rough-surfaced growth showed up on the back of my hands a while back.,Benign Keratosis-like Lesions
"A small, dry, crusty spot on my face, occasional itching.",Benign Keratosis-like Lesions
"Got a skin lesion on my wrist, the skin there is leathery and thick",Atopic Dermatitis
On my scalp: a dry patch. it hasn't changed much.,Viral Infections
A growth that bleeds on my shoulder. dry and scaly.,Basal Cell Carcinoma
Small rough bumps covering my upper arms and thighs showed up on the back of my hands and keeps returning in the same spots year after year,Atopic Dermatitis
"The skin on my neck shows a growth that looks like it could be lifted off with a fingernail, and I've been dealing with no significant pain.",Seborrheic Keratoses
"I've got white, scaly patches on my face -- flaky and thickened -- and no real pain",Fungal Infections
"There's a flat, reddish, scaly patch on my scalp with an indistinct, difficult-to-define edge, and rough-feeling in that spot.",Basal Cell Carcinoma
"I have mild irritation, and there's small rough bumps covering my upper arms and thighs near my knee.",Atopic Dermatitis
"I noticed a red patch near my elbow, along with occasional mild itching.",Atopic Dermatitis
"There's a scaly area on my back, rough and flaky, not sure what it is",Fungal Infections
"A rash that keeps expanding outward in a ring shape near my elbow. has been getting worse in hot, humid conditions. mild itching.",Fungal Infections
"A small, shiny, pearly bump appeared on my arm a while ago. with somewhat defined edges. rough and flaky. has been slowly growing over several months.",Basal Cell Carcinoma
"I have some mild discomfort, along with a mole with multiple colors -- brown, black, red, and even some pale areas on my scalp with irregular edges.",Melanoma
I've got a scaly area on my hands -- rough-feeling in that spot -- and some mild discomfort,Psoriasis Lichen Planus
"When I sweat, cracked, peeling skin on my chest gets worse.",Fungal Infections
"Something showed up on my shoulder. It's a rough, sandpaper-like patch that feels much rougher than it looks with somewhat defined edges. rough-feeling in that spot. some mild discomfort.",Benign Keratosis-like Lesions
"The skin on my chest has changed. There's a mole with an asymmetrical, uneven shape -- one half doesn't match the other now. dry and rough to the touch. it's been there for several weeks.",Melanoma
"I have a raised, well-defined bump on my neck. dry and scaly. it's been there for several weeks. no significant pain.",Viral Infections
"No particular trigger, it just appeared gradually, mild irritation and a brown to dark brown raised patch on my neck appear.",Seborrheic Keratoses
My skin on my back is doing something weird -- a cluster of small flesh-colored bumps,Viral Infections
"Something on my chest looks like a shiny, pearly bump with tiny visible blood vessels running through it and it's been there for a while",Basal Cell Carcinoma
"I have a small, shiny, pearly bump on my chest with rough and flaky.",Basal Cell Carcinoma
There's an inflamed patch on my neck.,Benign Keratosis-like Lesions
"I have a brown to dark brown raised plaque with a greasy, waxy feel on my back and honestly it hasn't changed much",Seborrheic Keratoses
"I've got sharply defined plaques with very clear, distinct edges on my face.",Psoriasis Lichen Planus
My skin on my scalp is doing something weird -- a discolored spot,Melanocytic Nevi
"When my clothes rub against it, I get a waxy, scar-like flat patch with an indistinct border on my hands.",Basal Cell Carcinoma
"I have some mild discomfort, along with plaques appearing exactly where my skin was scratched or injured on my back with somewhat defined edges.",Psoriasis Lichen Planus
It started as a growth that looks like it could be lifted off with a fingernail on my scalp. Now dry and rough to the touch. stayed the same size for a long time but got darker recently.,Seborrheic Keratoses
"When I sweat, cracked, dry skin that stings on my face gets worse.",Eczema
"A waxy, 'stuck-on' looking growth that appears pasted onto the skin surface on my forearm. dry and rough to the touch.",Seborrheic Keratoses
"I have some mild discomfort, along with a rough, sandpaper-like patch on my wrist with ill-defined, gradual borders.",Benign Keratosis-like Lesions
"I've been watching a mole with multiple colors -- brown, black, red, and even some pale areas near my elbow and has been changing shape and color over the last few months. no real pain.",Melanoma
"I've been watching a flat, tan-colored mark on my back and it's been there for a while. some mild discomfort.",Melanocytic Nevi
"There's cracked, dry skin on my chest, and itching so bad it keeps me awake.",Atopic Dermatitis
I developed a discolored spot on my fingers that comes with itchy and irritated.,Eczema
My skin on my feet is doing something weird -- a ring-shaped rash with a raised scaly outer border and clearer skin in the middle,Fungal Infections
I've had a raised bump inside my mouth that it's been there for several weeks.,Psoriasis Lichen Planus
"It started as a small, uniform dark brown spot with no irregular areas on my chest. Now rough and flaky. it's been there for several weeks.",Melanocytic Nevi
I've got a dry patch on my hands.,Seborrheic Keratoses
I have a flat-topped warty bump that keeps multiplying near my elbow with dry and scaly.,Viral Infections
"There's a waxy, 'stuck-on' looking growth that appears pasted onto the skin surface on my shoulder, and mild irritation when it catches on something.",Seborrheic Keratoses
"The skin on my shoulder shows an itch that triggers before any visible rash appears, and I've been dealing with no real pain.",Atopic Dermatitis
"Mild itching -- a warty, barnacle-like bump with a rough, pitted surface on my back.",Seborrheic Keratoses
I have a raised bump near my knee with rough and flaky.,Psoriasis Lichen Planus
"There's a tan to dark brown growth that looks thicker and greasier than a normal mole on my scalp, and no significant pain.",Seborrheic Keratoses
"There's a flat-topped warty bump that keeps multiplying on my back with irregular edges, and dry and rough to the touch.",Viral Infections
"I've had a thin, thread-like skin tag growing on my eyelid on my forearm that it hasn't changed much.",Viral Infections
Patches on the extensor surface -- the outside of my elbows and knees on my wrists. no significant pain.,Psoriasis Lichen Planus
"Weird a mole with multiple colors -- brown, black, red, and even some pale areas on my scalp, rough-feeling in that spot, no clue what it is",Melanoma
I've got a dry patch on my scalp -- dry and rough to the touch -- and mild irritation,Psoriasis Lichen Planus
I developed a reddish mark on my neck that comes with no real pain.,Melanoma
"The skin on my arms shows red patches with silvery-white scales, and I've been dealing with a stinging sensation where the skin cracks at the edges.",Psoriasis Lichen Planus
"There's a flat-topped warty bump that keeps multiplying on my forearm, and mild discomfort when I press on it.",Viral Infections
"There's scaly red patches on my scalp with very sharply defined, distinct edges, and flaky and rough.",Psoriasis Lichen Planus
"When my clothes rub against it, I get a perfectly round, evenly colored brown spot that hasn't changed at all on my scalp.",Melanocytic Nevi
There's a scaly area between my toes with a well-defined ring-shaped border. crumbly and brittle on the nail. no real pain.,Fungal Infections
"I notice no significant pain when I sweat. There's an open sore that bleeds, scabs over, and then reopens a few weeks later on my scalp.",Basal Cell Carcinoma
I've got a ring-shaped rash with a raised border on my scalp.,Fungal Infections
I have a discolored spot on my wrist. rough-feeling in that spot. it showed up recently. occasional mild itching.,Viral Infections
There's a dry patch on my leg -- flaky and thickened -- and some mild discomfort.,Atopic Dermatitis
"A scaly, wart-like bump on my face. with distinct, punched-out looking edges.",Seborrheic Keratoses
I'm concerned about a scaly area on my shoulder that it came on gradually -- mild itching.,Seborrheic Keratoses
"My skin on my shins is doing something weird -- sharply defined, scaly plaques",Psoriasis Lichen Planus
I have a dry patch around my eyes.,Atopic Dermatitis
"I notice occasional mild itching when I sweat. There's a waxy, 'stuck-on' looking growth that appears pasted onto the skin surface on my scalp.",Seborrheic Keratoses
"It started as a rough, cauliflower-like bump with tiny black dots on the surface on my back. Now dry and scaly. it showed up recently.",Viral Infections
"Near my elbow: a perfectly round, evenly colored brown spot that hasn't changed at all. it came on gradually.",Melanocytic Nevi
A skin lesion showed up on my neck and it's been there for a while,Basal Cell Carcinoma
I noticed a rough patch on my hands. dry and cracked to the touch. has been a recurring problem since I was young.,Atopic Dermatitis
"There's sharply defined plaques with very clear, distinct edges on my feet -- flaky and thickened -- that keeps flaking off no matter what I do.",Psoriasis Lichen Planus
"There's raw, weeping patches that crust over as they heal on my fingers with fuzzy borders, and flaky and thickened.",Eczema
"Something on my forearm looks like sharply defined, scaly plaques and it hasn't changed much",Psoriasis Lichen Planus
"I have a slightly raised, uniform-colored bump on my stomach, and dry and rough to the touch.",Melanocytic Nevi
"I noticed a thick, yellowed, crumbly nail that's lifting off the nail bed on my groin and inner thigh. rough and flaky. it showed up recently.",Fungal Infections
A red patch on my leg. it showed up recently. a strange new sensation I never noticed before.,Melanoma
"I've had mild itching for a while now. There's a scaly, wart-like bump on my face with sharp, well-defined, stuck-on looking edges.",Seborrheic Keratoses
There's a red patch on my scalp -- partly flat and partly raised within the same spot -- that it hasn't changed much.,Melanoma
"I have occasional mild itching, and there's raw, inflamed skin on the back of my hands.",Eczema
My skin on my face is doing something weird -- a scaly area,Melanocytic Nevi
Skin irritation triggered by a certain soap or fabric showed up on my neck and it's been there for a while,Eczema
Something doesn't look right on my face: patches on the extensor surface -- the outside of my elbows and knees with fuzzy borders. flaky and rough.,Psoriasis Lichen Planus
A rough-surfaced growth on my ears. mild irritation.,Benign Keratosis-like Lesions
I've noticed a discolored spot on my neck lately.,Psoriasis Lichen Planus
"When my clothes rub against it, I get small rough bumps covering my upper arms and thighs on my back.",Atopic Dermatitis
I've had constant urge to scratch that never really goes away for a while now. There's a discolored spot on the folds of my elbows and knees with poorly defined edges.,Atopic Dermatitis
"So near my knee there's a rough patch, and no significant pain",Seborrheic Keratoses
"I have a symmetric mole with a smooth, even border on my face with rough-feeling in that spot.",Melanocytic Nevi
Something's going on on my back. It's scaly red patches. dry and scaly. some mild discomfort.,Psoriasis Lichen Planus
"I have a small, shiny, pearly bump on my shoulder and honestly it hasn't changed much",Basal Cell Carcinoma
"There's a growth that looks like it could be lifted off with a fingernail on my wrist with fuzzy borders, and rough-feeling in that spot.",Seborrheic Keratoses
Small flat-topped shiny purplish bumps on my leg. with irregular edges.,Psoriasis Lichen Planus
I'm concerned about a slightly raised rough patch that bleeds lightly when I scratch it on my leg that it's been there for several weeks -- occasional mild itching.,Benign Keratosis-like Lesions
"So I've got a plantar wart on my heel that hurts when I walk on my face, with no real pain",Viral Infections
"The skin on my shoulder shows a scaly, wart-like bump, and I've been dealing with no significant pain.",Seborrheic Keratoses
I've had an inflamed patch on my arm for some time. rough and flaky. mild irritation.,Basal Cell Carcinoma
"When I sweat, a skin lesion on my arm gets worse.",Viral Infections
"There's thick red raised plaques on my back, and occasional mild soreness.",Psoriasis Lichen Planus
"I've had a red patch on my neck for a while, with no real pain.",Atopic Dermatitis
"It started as a smooth, pearly bump with a small dimple in the center on my hands. Now hard and firm to the touch. it's been there for a while.",Viral Infections
My skin on my chest is doing something weird -- a raised bump,Viral Infections
"There's skin irritation triggered by a certain soap or fabric on my shoulder with fuzzy borders, and rough and leathery feeling.",Eczema
"I've got a thick, yellowed, crumbly nail that's lifting off the nail bed on my back.",Fungal Infections
"I noticed a hereditary skin condition -- my sibling has it too on my neck, along with itchy and irritated.",Atopic Dermatitis
There's a patch on my back. It looks like a mole that started bleeding on its own without any injury. dry and scaly. it hasn't changed much.,Melanoma
"So on my forearms there's a red patch, and some mild discomfort",Benign Keratosis-like Lesions
"A spot with irregular, notched borders, on my forearm, partly flat and partly raised within the same spot.",Melanoma
"Something doesn't look right on my scalp: a rough, sandpaper-like patch that feels much rougher than it looks with irregular edges. dry and rough to the touch.",Benign Keratosis-like Lesions
"On my toenail: athlete's foot causing cracked, peeling, white skin between my toes. it came on gradually.",Fungal Infections
"A dry, crusty spot on a sun-damaged area that keeps peeling off and returning showed up on my scalp and it's been there for a while",Benign Keratosis-like Lesions
"So I've got a red patch between my toes, with some mild discomfort",Fungal Infections
"Dry, scaly skin, on my arm, dry and scaly.",Psoriasis Lichen Planus
I'm concerned about a raised bump on my neck that it came on gradually -- no significant pain.,Seborrheic Keratoses
"I've had a brown to dark brown raised plaque with a greasy, waxy feel on my face for some time. rough and flaky. mild irritation.",Seborrheic Keratoses
"There's athlete's foot causing cracked, peeling, white skin between my toes near my knee with somewhat defined edges, and peeling and flaking.",Fungal Infections
I've got a red patch on my back.,Psoriasis Lichen Planus
Got a hard lump with visible black specks that look like seeds on my face and it's been there for several weeks,Viral Infections
"I've got a raised bump on my nose -- rough-feeling in that spot -- and no real pain, just occasional bleeding after a minor bump",Basal Cell Carcinoma
"There's red, inflamed areas on my neck -- rough and thickened from scratching -- and itching so bad it keeps me awake.",Atopic Dermatitis
There's a growth that bleeds on my leg.,Basal Cell Carcinoma
The skin on my face has changed. There's a rough-surfaced growth now. rough and flaky. it's been there for a while.,Benign Keratosis-like Lesions
"I developed blistering skin that bursts and leaves raw, wet patches on my back that comes with no significant pain.",Eczema
"Got a mole with an uneven, asymmetrical shape on my feet, flaky and thickened",Melanoma
"I've had a waxy, stuck-on looking growth on my trunk for a while, with mild itching.",Seborrheic Keratoses
"There's thick red raised plaques on my scalp with clear, well-demarcated borders, and covered in thick silvery scales.",Psoriasis Lichen Planus
A mole that started bleeding on its own without any injury on my neck. occasional mild itching.,Melanoma
"I have dry, itchy patches that have been recurring since childhood on my back. dry and scaly. it showed up recently. mild itching.",Atopic Dermatitis
"My skin on my forearm has been off. a waxy, scar-like flat patch with an indistinct border. dry and rough to the touch. occasional mild itching.",Basal Cell Carcinoma
I'm noticing a raised bump on my scalp.,Benign Keratosis-like Lesions
"I have a brown to dark brown raised plaque with a greasy, waxy feel on my wrist with dry and scaly.",Seborrheic Keratoses
"The skin on my feet has changed. There's a small, uniform dark brown spot with no irregular areas now. rough and flaky. it showed up recently.",Melanocytic Nevi
I have a discolored spot on my scalp with blurry borders that blend into surrounding skin.,Atopic Dermatitis
Lately I've had a red patch on my shoulder that comes with some mild discomfort.,Seborrheic Keratoses
A tan to dark brown growth that looks thicker and greasier than a normal mole showed up on my hands and it showed up recently,Seborrheic Keratoses
"A cluster of small flesh-colored bumps on my arm, mild irritation.",Viral Infections
"When the weather changes, I get a flat, pink-red scaly patch with a gritty texture on my sun-exposed skin on my leg.",Benign Keratosis-like Lesions
"So near my knee there's an inflamed patch, and no real pain",Atopic Dermatitis
Something on my feet looks like a growth that bleeds and it showed up recently,Melanoma
"There's a mole with several colors mixed in on my hands, slightly raised and uneven, not sure what it is",Melanoma
A scaly spot that's tender when I rub it firmly on my face. has been there for months without healing completely. tenderness when I press on it.,Benign Keratosis-like Lesions
"Got cracked, dry skin around my eyes, rough and thickened from scratching",Atopic Dermatitis
I've had no real pain for a while now. There's an inflamed patch on my chest with fuzzy borders.,Atopic Dermatitis
Something showed up on my face. It's a slightly raised rough patch that bleeds lightly when I scratch it with fuzzy borders. rough and flaky. mild itching.,Benign Keratosis-like Lesions
I notice itchy and irritated when my clothes rub against it. There's pinpoint bleeding spots when the scale is removed on my wrist.,Psoriasis Lichen Planus
"A hard, rough-surfaced growth showed up on my back and showed up suddenly and multiplied into several bumps",Viral Infections
"So I've got a dry, crusty spot on a sun-damaged area that keeps peeling off and returning on my back, with occasional mild itching",Benign Keratosis-like Lesions
"I have a brown to dark brown raised plaque with a greasy, waxy feel on my face with somewhat defined edges.",Seborrheic Keratoses
"Weird a brown to dark brown raised patch on my forearm, waxy and slightly greasy to the touch, no clue what it is",Seborrheic Keratoses
"Skin prone to frequent infections from all the scratching near my knee. with indistinct, gradually fading edges.",Atopic Dermatitis
Got a mole that has been visibly growing and changing over the past few months on my forearm and it's been there for several weeks,Melanoma
"I noticed a reddish mark on my shoulder, along with mild irritation.",Viral Infections
I have a red patch on the back of my knuckles.,Viral Infections
"I've noticed some mild discomfort and there's white, scaly patches on my arm. with irregular edges. keeps expanding outward from the center.",Fungal Infections
Lately I've had a pigmented spot near my knee that comes with no significant pain.,Melanoma
"I've had skin prone to frequent infections from all the scratching on my feet for a while, with constant urge to scratch that never really goes away.",Atopic Dermatitis
The skin on my shins has changed. There's bumps with a fine white lacy pattern on the surface now. dry and scaly. it showed up recently.,Psoriasis Lichen Planus
"I have scaly, irritated skin on my wrists. dry and scaly. gets noticeably worse in cold, dry weather. a burning, stinging feeling after I sweat.",Atopic Dermatitis
"I've got a small, uniform dark brown spot with no irregular areas on my back.",Melanocytic Nevi
"Occasional mild itching -- a mole with an asymmetrical, uneven shape -- one half doesn't match the other near my elbow.",Melanoma
Something doesn't look right on my arm: a rough patch with somewhat defined edges. flaky and thickened.,Psoriasis Lichen Planus
I've had mild irritation for a while now. There's a discolored spot near my knee with somewhat defined edges.,Atopic Dermatitis
"When I sweat, occasional mild itching and a reddish mark on my forearms appear.",Benign Keratosis-like Lesions
"Something showed up on my hands. It's an open sore that bleeds, scabs over, and then reopens a few weeks later with somewhat defined edges. flaky and thickened. mild irritation but nothing painful.",Basal Cell Carcinoma
"Should I be worried about a small, shiny, pearly bump on my shoulder? dry and scaly. the scab keeps falling off and the raw area underneath comes back.",Basal Cell Carcinoma
"When the weather changes, no discomfort, it just won't go away and a red patch near my elbow appear.",Basal Cell Carcinoma
A discolored spot between my toes. with somewhat defined edges.,Fungal Infections
"When the weather changes, mild irritation and a scaly, wart-like bump on my wrist appear.",Seborrheic Keratoses
"I've noticed a raised, well-defined bump on my shoulder lately.",Seborrheic Keratoses
"There's a skin lesion on my neck -- the center feels soft and tends to crust over -- and no discomfort, it just won't go away.",Basal Cell Carcinoma
There's skin prone to frequent infections from all the scratching near my elbow -- dry and cracked to the touch -- that it hasn't changed much.,Atopic Dermatitis
A skin lesion on my scalp. flaky and thickened.,Eczema
"My skin on my neck is doing something weird -- a raised, warty growth",Viral Infections
I've noticed small flat-topped shiny purplish bumps on my wrists lately.,Psoriasis Lichen Planus
"I've had an open sore that bleeds, scabs over, and then reopens a few weeks later on my neck for a while, with no real pain.",Basal Cell Carcinoma
I've been watching a raised bump on my scalp and it came on gradually. mild irritation.,Atopic Dermatitis
A hard lump with visible black specks that look like seeds showed up on the sole of my foot and has stayed about the same size for weeks,Viral Infections
"When the weather changes, no real pain and a discolored spot on my face appear.",Benign Keratosis-like Lesions
"I developed athlete's foot causing cracked, peeling, white skin between my toes on my feet that comes with mild itching that worsens in humid weather.",Fungal Infections
"I have a stinging sensation where the skin cracks at the edges, along with thick silvery-white scales that flake off in sheets on my elbows and knees with irregular edges.",Psoriasis Lichen Planus
I've got a skin lesion on my feet -- rough and flaky -- and mild irritation,Psoriasis Lichen Planus
I have a scaly area on my leg and honestly it's been there for several weeks,Eczema
"I have a raised, warty growth on my scalp. rough-feeling in that spot. showed up suddenly and multiplied into several bumps. no real pain.",Viral Infections
"The skin on my hands shows a skin lesion, and I've been dealing with no significant pain.",Psoriasis Lichen Planus
"On my ear: a pink growth with a slightly sunken, crater-like center. it's been there for several weeks.",Basal Cell Carcinoma
I've noticed a rough patch on my hands lately.,Eczema
There's skin that leaks clear fluid after scratching on my forearm -- rough-feeling in that spot -- and itching so bad it keeps me awake.,Atopic Dermatitis
"I noticed a smooth, pearly bump with a small dimple in the center on my shoulder. dry and scaly. it showed up recently.",Viral Infections
"When the weather changes, I get skin irritation triggered by a certain soap or fabric on my scalp.",Eczema
"I have mild irritation but nothing painful, and there's a red patch on my scalp.",Basal Cell Carcinoma
"A thick, yellowed, crumbly nail that's lifting off the nail bed on my scalp. it's been there for a while. no real pain.",Fungal Infections
"I have thickened, leathery patches on the folds of my elbows and knees. dry and rough to the touch. it showed up recently. no significant pain.",Atopic Dermatitis
Lately I've had small flat-topped shiny purplish bumps on my shins that comes with a stinging sensation where the skin cracks at the edges.,Psoriasis Lichen Planus
I'm concerned about a discolored spot on my back that it came on gradually -- some mild discomfort.,Seborrheic Keratoses
I have patches that ooze and crust on my wrists.,Eczema
I have a dry patch on my chest.,Basal Cell Carcinoma
"I have a mole with an asymmetrical, uneven shape -- one half doesn't match the other on my wrist and honestly it's been there for several weeks",Melanoma
"I noticed a symmetric mole with a smooth, even border on my hands. rough-feeling in that spot. it's been there for a while.",Melanocytic Nevi
There's a skin lesion on my hands -- rough-feeling in that spot -- that it's been there for several weeks.,Eczema
"I've had a small, uniform dark brown spot with no irregular areas on my arm that it showed up recently.",Melanocytic Nevi
"A discolored spot appeared inside my mouth a while ago. with clear, well-demarcated borders. rough-feeling in that spot. it came on gradually.",Psoriasis Lichen Planus
"I noticed a scaly, reddish-pink patch on my leg, along with tenderness when I press on it.",Benign Keratosis-like Lesions
"There's a waxy, stuck-on looking growth on my leg -- rough-feeling in that spot -- and no real pain.",Seborrheic Keratoses
An inflamed patch on my arm. no discomfort whatsoever.,Melanocytic Nevi
"I've had an inflamed patch near my elbow for a while, with occasional mild itching.",Melanoma
"Should I be worried about a waxy, 'stuck-on' looking growth that appears pasted onto the skin surface on my feet? waxy and slightly greasy to the touch. it came on gradually.",Seborrheic Keratoses
"I have a slightly raised rough patch that bleeds lightly when I scratch it on my forearm with ill-defined, gradual borders.",Benign Keratosis-like Lesions
"I've had a reddish mark on my shoulder for a while, with some mild discomfort.",Psoriasis Lichen Planus
"Weird a raised bump on my feet, dry and rough to the touch, no clue what it is",Basal Cell Carcinoma
"So on my leg there's a mole that started bleeding on its own without any injury, and some mild discomfort",Melanoma
I've noticed occasional mild itching and there's a dry patch on my leg. with irregular edges. it's been there for a while.,Viral Infections
"I've had red, ring-shaped scaly patches on my lower back for some time. dry and scaly. mild itching.",Psoriasis Lichen Planus
"A raised, warty growth showed up on the sole of my foot a while back.",Viral Infections
A rough patch showed up on my face a while back.,Atopic Dermatitis
"There's a waxy, scar-like flat patch with an indistinct border on my forehead with an indistinct, difficult-to-define edge. waxy and scar-like. no real pain.",Basal Cell Carcinoma
"There's a symmetric mole with a smooth, even border on my face with somewhat defined edges, and dry and rough to the touch.",Melanocytic Nevi
I have a single-colored mole that looks exactly the same as it did years ago on my stomach with somewhat defined edges.,Melanocytic Nevi
"A rough, sandpaper-like patch showed up on my ears and it showed up recently",Benign Keratosis-like Lesions
"I've had a waxy, 'stuck-on' looking growth that appears pasted onto the skin surface on my wrist for a while, with no significant pain.",Seborrheic Keratoses
Thick silvery-white scales that flake off in sheets showed up on my scalp and showed up as small dots and then grew into larger plaques,Psoriasis Lichen Planus
A reddish mark showed up on my scalp a while back.,Eczema
I developed an inflamed patch on my leg that comes with no significant pain.,Melanoma
Something on my neck looks like a dry patch and it showed up recently,Basal Cell Carcinoma
"White, scaly patches appeared on my hands a while ago. with fuzzy borders. peeling and flaking. it hasn't changed much.",Fungal Infections
"When the weather changes, mild irritation and small fluid-filled bumps on my back appear.",Eczema
Lately I've had an open sore that won't fully heal on my arm that comes with some mild discomfort.,Basal Cell Carcinoma
"I have a dark brown spot on my arm, and dry and rough to the touch.",Melanocytic Nevi
I'm not sure what an open sore that won't fully heal near my knee is -- rough-feeling in that spot and mild irritation.,Basal Cell Carcinoma
Got a reddish mark near my knee and has lasted for months without going away,Psoriasis Lichen Planus
There's a discolored spot on my arm -- partly flat and partly raised within the same spot -- and no real pain.,Melanoma
I've had an inflamed patch on my scalp that it showed up recently.,Fungal Infections
"My skin on my forearms has been off. a rough, sandpaper-like patch that feels much rougher than it looks. dry and rough to the touch. no real pain.",Benign Keratosis-like Lesions
There's a discolored spot on my back -- feels like it's sitting on top of the skin rather than growing from it -- and no real pain.,Seborrheic Keratoses
There's a pigmented spot on my forearm -- dry and scaly -- that it came on gradually.,Melanocytic Nevi
I've noticed a scaly area on my hands lately.,Seborrheic Keratoses
The skin near my elbow has changed. There's skin prone to frequent infections from all the scratching now. rough-feeling in that spot. it's been there for a while.,Atopic Dermatitis
I noticed a slightly raised rough patch that bleeds lightly when I scratch it on my scalp. dry and rough to the touch. the crust falls off and then regrows.,Benign Keratosis-like Lesions
"So I've got an open sore that bleeds, scabs over, and then reopens a few weeks later on my ear, with mild irritation but nothing painful",Basal Cell Carcinoma
"The skin on my forearm shows a scaly area, and I've been dealing with mild irritation.",Basal Cell Carcinoma
Plaques appearing exactly where my skin was scratched or injured on my wrist flares when the weather changes.,Psoriasis Lichen Planus
"When my clothes rub against it, a dry patch near my knee gets worse.",Atopic Dermatitis
Skin irritation triggered by a certain soap or fabric showed up behind my knees a while back.,Eczema
"I'm not sure what a small, round, evenly colored brown spot on my hands is -- even and smooth to the touch and mild irritation.",Melanocytic Nevi
A raised bump near my knee. it hasn't changed much. mild itching.,Fungal Infections
"It started as red, ring-shaped scaly patches on my leg. Now flaky when I run my hand over it. comes back in the same spots every few months.",Psoriasis Lichen Planus
"I have itching so bad it keeps me awake, and there's a hereditary skin condition -- my sibling has it too around my eyes.",Atopic Dermatitis
"There's a rough-surfaced growth on my face, and occasional mild itching.",Benign Keratosis-like Lesions
I have a skin lesion on my forearm with crumbly and brittle on the nail.,Fungal Infections
I have a pigmented spot on my back and honestly it came on gradually,Melanocytic Nevi
"Something showed up on my ears. It's a rough, sandpaper-like patch with somewhat defined edges. feels dry and crusty when I run my finger over it. no real pain.",Benign Keratosis-like Lesions
"I noticed a ring-shaped rash with a raised scaly outer border and clearer skin in the middle on my arm, along with mild itching.",Fungal Infections
"Small circular bald patches on my scalp, on my toenail, flaky and thickened.",Fungal Infections
"Something on my cheeks looks like dry, red inflamed patches and has been a recurring problem since I was young",Atopic Dermatitis
"I have raw, weeping patches that crust over as they heal on my neck with fuzzy borders.",Eczema
A reddish mark on my leg. with irregular edges.,Psoriasis Lichen Planus
"There's an open sore that bleeds, scabs over, and then reopens a few weeks later on my back -- dry and rough to the touch -- and no real pain.",Basal Cell Carcinoma
"There's a hard, rough-surfaced growth on my neck -- dry and rough to the touch -- and no real pain.",Viral Infections
There's a slightly raised rough patch that bleeds lightly when I scratch it on my arm with somewhat defined edges. rough and flaky. no real pain.,Benign Keratosis-like Lesions
A raised bump on my trunk. with irregular edges.,Seborrheic Keratoses
"When my clothes rub against it, I get patches on the extensor surface -- the outside of my elbows and knees on my shins.",Psoriasis Lichen Planus
"Something on my arm looks like a rough, sandpaper-like patch that feels much rougher than it looks and it showed up recently",Benign Keratosis-like Lesions
"Something doesn't look right on my feet: a flat, pink-red scaly patch with a gritty texture on my sun-exposed skin with irregular edges. dry and scaly.",Benign Keratosis-like Lesions
I have an inflamed patch on my feet.,Eczema
My skin on my neck has been off. a red patch. dry and rough to the touch. mild irritation.,Viral Infections
I have a hereditary skin condition -- my sibling has it too on my scalp. rough and flaky. it came on gradually. no real pain.,Atopic Dermatitis
My skin on my forearm is doing something weird -- a dry patch,Basal Cell Carcinoma
I've had a discolored spot near my knee for some time. rough-feeling in that spot. occasional mild itching.,Atopic Dermatitis
"Lately I've had a growth that bleeds on my scalp that comes with no real pain, just occasional bleeding after a minor bump.",Basal Cell Carcinoma
I'm concerned about pinpoint bleeding spots when the scale is removed on my shins that it's been there for several weeks -- no significant pain.,Psoriasis Lichen Planus
"I'm concerned about a flat, tan-colored mark on my hands that it hasn't changed much -- no itching or pain at all.",Melanocytic Nevi
"There's a flat, slightly rough patch darker than the surrounding skin on my lower lip with irregular edges. dry and rough to the touch. occasional itching.",Benign Keratosis-like Lesions
"Got a scaly area on my neck, dry and cracked to the touch",Atopic Dermatitis
I have bumps with a fine white lacy pattern on the surface on my back and honestly it showed up recently,Psoriasis Lichen Planus
"There's a flat, pink-red scaly patch with a gritty texture on my sun-exposed skin on my bald scalp -- dry and rough to the touch -- and occasional mild itching.",Benign Keratosis-like Lesions
I have a discolored spot on my neck. rough and thickened from scratching. it's been there for several weeks. mild irritation.,Atopic Dermatitis
"A dry, crusty spot on a sun-damaged area that keeps peeling off and returning on my neck. feels tender when pressed.",Benign Keratosis-like Lesions
I've noticed a rough-surfaced growth near my knee lately.,Seborrheic Keratoses
"I have a discolored spot on my chest, and rough and flaky.",Seborrheic Keratoses
I have a slightly raised rough patch that bleeds lightly when I scratch it on my shoulder and honestly keeps coming back in the same spot after it peels off,Benign Keratosis-like Lesions
I developed a discolored spot on my wrist that comes with no real pain.,Melanoma
"Got a rough-surfaced growth on my face, flaky and thickened",Benign Keratosis-like Lesions
I noticed small flat-topped shiny purplish bumps near my knee. dry and scaly. showed up as small dots and then grew into larger plaques.,Psoriasis Lichen Planus
"So near my knee there's a raised, warty growth, and no significant pain",Viral Infections
I've had a dry patch on my wrist for some time. smooth and flat against my skin. mild itching.,Melanocytic Nevi
"I have no discomfort unless I scratch it, and there's a raised, well-defined bump on my scalp.",Seborrheic Keratoses
"I have a thick, yellowed, crumbly nail that's lifting off the nail bed on my neck with soft and macerated where skin touches skin.",Fungal Infections
"I have a soft, dome-shaped mole that's been stable for as long as I can remember on my forearm. slightly raised but soft. stays exactly the same. no significant pain.",Melanocytic Nevi
I'm not sure what a scaly area on the folds of my elbows and knees is -- dry and rough to the touch and some mild discomfort.,Atopic Dermatitis
"When my clothes rub against it, occasional mild itching and red, ring-shaped scaly patches on my upper back and chest appear.",Fungal Infections
"I've noticed no discomfort unless I scratch it and there's a warty, barnacle-like bump with a rough, pitted surface on my scalp. with fuzzy borders. stayed the same size for a long time but got darker recently.",Seborrheic Keratoses
"I have a reddish-brown patch that gets worse in hot, humid weather on my groin and inner thigh and honestly hasn't cleared up even after several weeks",Fungal Infections
Small flat-topped shiny purplish bumps appeared on my forearm a while ago. with fuzzy borders. rough-feeling in that spot. it's been there for a while.,Psoriasis Lichen Planus
There's a skin lesion on my wrist.,Fungal Infections
"Small circular bald patches on my scalp on my feet, mild itching, been there ages",Fungal Infections
"Thickened, leathery patches on my neck flares when I use scented products.",Atopic Dermatitis
A raised bump on my scalp. dry and rough to the touch.,Viral Infections
"There's a dry patch on my wrist with poorly defined edges, and dry and scaly.",Atopic Dermatitis
"My skin on my forearm has been off. a scaly, wart-like bump. rough-feeling in that spot. mild irritation when it catches on something.",Seborrheic Keratoses
Something's going on on my trunk. It's a growth that looks like it could be lifted off with a fingernail. flaky and thickened. mild itching.,Seborrheic Keratoses
"I've been watching a perfectly round, evenly colored brown spot that hasn't changed at all on my scalp and it showed up recently. mild irritation.",Melanocytic Nevi
"There's blistering skin that bursts and leaves raw, wet patches behind my knees with poorly defined borders that fade into normal skin, and dry and cracked to the touch.",Eczema
"My skin on my face is doing something weird -- a dry, crusty spot on a sun-damaged area that keeps peeling off and returning",Benign Keratosis-like Lesions
"I've noticed no discomfort unless I scratch it and there's a tan to dark brown growth that looks thicker and greasier than a normal mole near my knee. with distinct, punched-out looking edges. grew alongside several similar spots in the same area.",Seborrheic Keratoses
"Got a symmetric mole with a smooth, even border on my forearm, dry and rough to the touch",Melanocytic Nevi
"I have no real pain, just occasional bleeding after a minor bump, along with a waxy, scar-like flat patch with an indistinct border near my knee with irregular edges.",Basal Cell Carcinoma
"There's white, scaly patches near my knee -- dry and scaly -- that it came on gradually.",Fungal Infections
I've noticed mild itching and there's a reddish mark near my knee. with fuzzy borders. it's been there for several weeks.,Melanocytic Nevi
"On my hands: cracked, dry skin that stings. it's been there for several weeks.",Eczema
I have a dark brown spot near my knee with feels different from my other moles.,Melanoma
"Lately I've had a raised, warty growth on the sole of my foot that comes with some mild discomfort.",Viral Infections
"I have a waxy, stuck-on looking growth on my hands.",Seborrheic Keratoses
Scaly red patches on the inside of my elbows. with irregular edges.,Eczema
"I have a rough, cauliflower-like bump with tiny black dots on the surface on my face with irregular edges.",Viral Infections
On my scalp: an inflamed patch. it hasn't changed much.,Eczema
"I've had a slightly raised, uniform-colored bump on my neck that it came on gradually.",Melanocytic Nevi
There's a patch on my scalp. It looks like a rough-surfaced growth. waxy and slightly greasy to the touch. it's been there for a while.,Seborrheic Keratoses
"A spot with jagged, notched, irregular borders on my chest, mild irritation.",Melanoma
"So on my hands there's a reddish mark, and occasional mild itching",Benign Keratosis-like Lesions
"I have constant urge to scratch that never really goes away, and there's cracked, dry skin on my scalp.",Atopic Dermatitis
My skin on my forearm is doing something weird -- a rough patch,Melanocytic Nevi
A red patch on my back. feels rough and raised.,Psoriasis Lichen Planus
"I noticed a dry, crusty spot on a sun-damaged area that keeps peeling off and returning near my elbow, along with some mild discomfort.",Benign Keratosis-like Lesions
"There's a smooth, symmetric mole on my leg, and occasional mild itching.",Melanocytic Nevi
Something's going on on my wrist. It's a growth that looks like it could be lifted off with a fingernail. rough-feeling in that spot. no discomfort unless I scratch it.,Seborrheic Keratoses
"A growth that looks like it could be lifted off with a fingernail appeared on my face a while ago. with distinct, punched-out looking edges. dry and rough to the touch. it came on gradually.",Seborrheic Keratoses
I've had an inflamed patch on my leg that keeps expanding outward from the center.,Fungal Infections
"Small circular bald patches on my scalp near my knee, mild irritation.",Fungal Infections
No significant pain -- a scaly area on my feet.,Viral Infections
My skin on my back is doing something weird -- a scaly area,Melanoma
"Got a flat, reddish, scaly patch on my back and it came on gradually",Basal Cell Carcinoma
"I've had a discolored spot near my knee for a while, with occasional mild itching.",Psoriasis Lichen Planus
A rash that keeps expanding outward in a ring shape showed up on my shoulder and it showed up recently,Fungal Infections
"My skin on my hands is doing something weird -- sharply defined plaques with very clear, distinct edges",Psoriasis Lichen Planus
"I've had red, ring-shaped scaly patches near my knee that it's been there for several weeks.",Fungal Infections
I have scaly red patches near my elbow and honestly it's been there for several weeks,Eczema
I'm concerned about a scaly spot that's tender when I rub it firmly on my hands that keeps coming back in the same spot after it peels off -- occasional mild itching.,Benign Keratosis-like Lesions
The skin on my forearm has changed. There's a red patch now. rough and flaky. it hasn't changed much.,Psoriasis Lichen Planus
"A small, shiny, pearly bump showed up near my elbow and it came on gradually",Basal Cell Carcinoma
I developed a bump that keeps bleeding even after a very minor bump or scrape on my cheek that comes with some mild discomfort.,Basal Cell Carcinoma
"I've been watching a thick, yellowed, crumbly nail that's lifting off the nail bed on my wrist and it came on gradually. occasional mild itching.",Fungal Infections
"Should I be worried about a perfectly round, evenly colored brown spot that hasn't changed at all on my face? dry and rough to the touch. it's been there for several weeks.",Melanocytic Nevi
"Thick silvery-white scales that flake off in sheets, on my arms, dry and scaly.",Psoriasis Lichen Planus
A skin lesion near my knee. no real pain.,Benign Keratosis-like Lesions
A small rough bump showed up on my wrist and it showed up recently,Viral Infections
"Weird a rough patch on my feet, rough and flaky, no clue what it is",Eczema
I'm not sure what small rough bumps covering my upper arms and thighs on my neck is -- dry and cracked to the touch and no significant pain.,Atopic Dermatitis
"So I've got a raised, well-defined bump on my finger, with mild irritation",Viral Infections
"So on my hands there's a discolored spot, and no discomfort unless I scratch it",Seborrheic Keratoses
"There's a slightly raised, uniform-colored bump on my hands, flaky and thickened, not sure what it is",Melanocytic Nevi
"Something's going on on my forearm. It's a discolored spot. rough and irregular. no pain at all, just an odd texture.",Viral Infections
"I've noticed mild irritation and there's a rough patch on my feet. with symmetric, clean borders. has been there since I was a kid and never changed.",Melanocytic Nevi
"There's an inflamed patch on my forearms, rough and flaky, not sure what it is",Benign Keratosis-like Lesions
I have an inflamed patch on the sole of my foot. crumbly and brittle on the nail. it came on gradually. intense itching and burning.,Fungal Infections
"No itching or pain at all -- a perfectly round, evenly colored brown spot that hasn't changed at all on my leg.",Melanocytic Nevi
"There's raw, inflamed skin on my shoulder -- rough and flaky -- and occasional mild itching.",Eczema
"Athlete's foot causing cracked, peeling, white skin between my toes on my face. dry and rough to the touch.",Fungal Infections
"A growth that bleeds, on my shoulder, flaky and thickened.",Melanoma
"There's small rough bumps covering my upper arms and thighs on my forearm, and no significant pain.",Atopic Dermatitis
"I have no significant pain, along with a raised bump on my back with no sharp edge, just gradually redder skin.",Eczema
"On my back: a brown to dark brown raised plaque with a greasy, waxy feel. it came on gradually.",Seborrheic Keratoses
Lately I've had a pigmented spot on my forearm that comes with mild irritation.,Melanoma
"I've noticed itchy and irritated and there's plaques appearing exactly where my skin was scratched or injured on my neck. with very sharply defined, distinct edges. it's been there for a while.",Psoriasis Lichen Planus
I have skin that weeps and crusts over on my arm and honestly it came on gradually,Eczema
"I've had mild irritation for a while now. There's a waxy, 'stuck-on' looking growth that appears pasted onto the skin surface on my hands with distinct, punched-out looking edges.",Seborrheic Keratoses
"I have a shiny, pearly bump with tiny visible blood vessels running through it on my face. rough and flaky. it showed up recently. mild irritation.",Basal Cell Carcinoma
"A warty, barnacle-like bump with a rough, pitted surface showed up on my face a while back.",Seborrheic Keratoses
My skin on my face has been off. an itch that triggers before any visible rash appears. rough and thickened from scratching. mild itching.,Atopic Dermatitis
Something's going on on my chest. It's a rough patch. rough and flaky. mild itching.,Melanocytic Nevi
Skin irritation triggered by a certain soap or fabric on my eyelids. clears up for a few weeks and then flares back up. intense itching that gets worse at night.,Eczema
There's small fluid-filled bumps on the back of my hands -- flaky and rough -- and itching so bad it keeps me awake.,Eczema
"There's pinpoint bleeding spots when the scale is removed on my wrist, and no real pain.",Psoriasis Lichen Planus
I'm worried about red to brownish-gray patches on my wrist because spreads a bit more every time I scratch it.,Eczema
"I have some mild discomfort, along with a mole that has been visibly growing and changing over the past few months on my wrist with somewhat defined edges.",Melanoma
An itch that triggers before any visible rash appears on my neck flares when the weather changes.,Atopic Dermatitis
"Something on my forearm looks like blistering skin that bursts and leaves raw, wet patches and it hasn't changed much",Eczema
"When the weather changes, a strange new sensation I never noticed before and a mole with an asymmetrical, uneven shape -- one half doesn't match the other on my scalp appear.",Melanoma
Something showed up on my chest. It's a scaly area with somewhat defined edges. thick and plaque-like. occasional mild itching.,Psoriasis Lichen Planus
"So I've got symmetrical red patches on both sides of my body on my neck, with occasional mild itching",Atopic Dermatitis
Something doesn't look right on my arm: pinpoint bleeding spots when the scale is removed with irregular edges. dry and scaly.,Psoriasis Lichen Planus
"So on my back there's a perfectly round, evenly colored brown spot that hasn't changed at all, and mild irritation",Melanocytic Nevi
Near my knee: a rough patch. it hasn't changed much.,Melanoma
I notice no significant pain when I sweat. There's a scaly area on my back.,Psoriasis Lichen Planus
"Plaques appearing exactly where my skin was scratched or injured on my ankles, no significant pain, been there ages",Psoriasis Lichen Planus
I developed a red patch on my face that comes with occasional mild itching.,Psoriasis Lichen Planus
There's a skin lesion on my arm -- rough-feeling in that spot -- and some mild discomfort.,Psoriasis Lichen Planus
It started as a cluster of small flesh-colored bumps near my elbow. Now rough like sandpaper on the surface. it hasn't changed much.,Viral Infections
"I've had no discomfort whatsoever for a while now. There's a slightly raised, uniform-colored bump on my shoulder with irregular edges.",Melanocytic Nevi
A reddish mark on my hands flares when I sweat.,Fungal Infections
"A shiny, pearly bump with tiny visible blood vessels running through it appeared on my arm a while ago. with irregular edges. dry and scaly. it came on gradually.",Basal Cell Carcinoma
There's an inflamed patch near my elbow -- flaky and thickened -- that it's been there for a while.,Benign Keratosis-like Lesions
"There's a rough patch on my wrist with fuzzy borders, and flaky and thickened.",Melanocytic Nevi
"A dark brown spot on my stomach, occasional mild itching.",Melanocytic Nevi
I developed a scaly area on my shoulder that comes with no significant pain.,Melanocytic Nevi
I've had an inflamed patch on my upper back and chest that it hasn't changed much.,Fungal Infections
"Something showed up on my wrist. It's a small, dry, crusty spot with somewhat defined edges. flaky and thickened. occasional itching.",Benign Keratosis-like Lesions
A dark brown spot showed up on my shoulder and has looked exactly the same for years,Melanocytic Nevi
I have a dry patch on my scalp. covered in thick silvery scales. it came on gradually. no significant pain.,Psoriasis Lichen Planus
I have a mole that started bleeding on its own without any injury on my neck. feels different from my other moles. it hasn't changed much. a strange new sensation I never noticed before.,Melanoma
On my neck: bumps with a fine white lacy pattern on the surface. it came on gradually.,Psoriasis Lichen Planus
"I'm worried about sharply defined, scaly plaques on my face because it's been there for several weeks.",Psoriasis Lichen Planus
"The skin on my shoulder shows a scaly area, and I've been dealing with no significant pain.",Psoriasis Lichen Planus
I notice some mild discomfort when my clothes rub against it. There's skin that breaks open and oozes when it flares on my leg.,Eczema
"I have dry, scaly skin near my knee with fuzzy borders.",Psoriasis Lichen Planus
"I have a dry, crusty spot on a sun-damaged area that keeps peeling off and returning on my arm.",Benign Keratosis-like Lesions
"An open sore that bleeds, scabs over, and then reopens a few weeks later on my arm. with irregular edges.",Basal Cell Carcinoma
I've had occasional mild itching for a while now. There's a dry patch on my leg with fuzzy borders.,Atopic Dermatitis
"I have a raised bump on my feet, and dry and scaly.",Basal Cell Carcinoma
I've been watching a ring-shaped rash with a raised scaly outer border and clearer skin in the middle on my groin and inner thigh and it showed up recently. no significant pain.,Fungal Infections
"There's a small, dry, crusty spot on my lower lip -- feels tender when pressed -- that it's been there for several weeks.",Benign Keratosis-like Lesions
"I've got a waxy, 'stuck-on' looking growth that appears pasted onto the skin surface on my shoulder.",Seborrheic Keratoses
"There's a brown to dark brown raised plaque with a greasy, waxy feel on my wrist, rough and bumpy on the surface, not sure what it is",Seborrheic Keratoses
A scaly area on my hands. rough like sandpaper on the surface.,Viral Infections
"I've had mild itching for a while now. There's a waxy, 'stuck-on' looking growth that appears pasted onto the skin surface on my shoulder with sharp, well-defined, stuck-on looking edges.",Seborrheic Keratoses
"I've noticed no real pain, just occasional bleeding after a minor bump and there's a small, shiny, pearly bump on my shoulder. with fuzzy borders. it showed up recently.",Basal Cell Carcinoma
"I developed red, ring-shaped scaly patches on my neck that comes with no significant pain.",Fungal Infections
"There's a growth that looks like it could be lifted off with a fingernail on my trunk, flaky and thickened, not sure what it is",Seborrheic Keratoses
"I have mild stinging or burning feeling, and there's a red patch on my lower lip.",Benign Keratosis-like Lesions
"There's a raised bump on my wrist -- rough around the border, softer in the center -- and occasional mild itching.",Fungal Infections
"Small circular bald patches on my scalp on my neck, mild itching.",Fungal Infections
"There's raw, inflamed skin on my wrist, and occasional mild itching.",Eczema
"Something's going on on my forearms. It's a scaly, reddish-pink patch. feels dry and crusty when I run my finger over it. no significant pain.",Benign Keratosis-like Lesions
"There's a mole with an asymmetrical, uneven shape -- one half doesn't match the other on my forearm, feels different from my other moles, not sure what it is",Melanoma
"On my leg: a mole with an asymmetrical, uneven shape -- one half doesn't match the other. has been changing shape and color over the last few months.",Melanoma
Thick red raised plaques showed up on my arms a while back.,Psoriasis Lichen Planus
I'm noticing a discolored spot on my scalp.,Basal Cell Carcinoma
There's a patch on my trunk. It looks like a growth that looks like it could be lifted off with a fingernail. dry and rough to the touch. it's been there for a while.,Seborrheic Keratoses
"A mole with an uneven, asymmetrical shape showed up near my knee a while back.",Melanoma
"I've had occasional mild itching for a while now. There's a thin, thread-like skin tag growing on my eyelid on my face with irregular edges.",Viral Infections
"I have a mole with multiple colors -- brown, black, red, and even some pale areas on my leg.",Melanoma
"Something's going on on my arm. It's a rough, sandpaper-like patch that feels much rougher than it looks. dry and scaly. mild irritation.",Benign Keratosis-like Lesions
I have a rough patch on my leg. dry and scaly. it showed up recently. mild itching.,Viral Infections
"A scaly area on my trunk, no real pain.",Seborrheic Keratoses
"Got a mole that has been visibly growing and changing over the past few months on my neck, dry and rough to the touch",Melanoma
I've noticed a discolored spot on my leg lately.,Melanoma
"I've noticed some mild discomfort and there's a rough, cauliflower-like bump with tiny black dots on the surface on my hands. with somewhat defined edges. it's been there for a while.",Viral Infections
"It started as a small, uniform dark brown spot with no irregular areas on my feet. Now flaky and thickened. it showed up recently.",Melanocytic Nevi
I'm worried about a raised bump on my chest because it showed up recently.,Psoriasis Lichen Planus
Lately I've had bumps with a fine white lacy pattern on the surface inside my mouth that comes with mild irritation.,Psoriasis Lichen Planus
I have a dry patch on my face with somewhat defined edges.,Seborrheic Keratoses
There's a reddish mark on my elbows and knees with somewhat defined edges. rough and flaky. occasional mild soreness.,Psoriasis Lichen Planus
Something on my back looks like an open sore that won't fully heal and it's been there for a while,Basal Cell Carcinoma
"I have occasional mild itching, along with an inflamed patch on my face with irregular edges.",Fungal Infections
Itching so bad it keeps me awake -- patches that ooze and crust on my hands.,Eczema
"I noticed red, ring-shaped scaly patches on my shoulder. rough-feeling in that spot. it's been there for several weeks.",Fungal Infections
"Got a raised bump on my chest, dry and rough to the touch",Melanocytic Nevi
There's a patch on my leg. It looks like a pink bump with a sunken center. flaky and thickened. it hasn't changed much.,Basal Cell Carcinoma
"Something's going on on my feet. It's a small, uniform dark brown spot with no irregular areas. rough-feeling in that spot. no significant pain.",Melanocytic Nevi
"There's an inflamed patch on my scalp, and mild irritation.",Atopic Dermatitis
I've got a scaly area near my knee.,Melanocytic Nevi
"Got a ring-shaped rash with a raised scaly outer border and clearer skin in the middle on my neck and has been getting worse in hot, humid conditions",Fungal Infections
"A mole with an uneven, asymmetrical shape appeared on my arm a while ago. with irregular edges. dry and rough to the touch. it showed up recently.",Melanoma
An itch that triggers before any visible rash appears on my back. with irregular edges.,Atopic Dermatitis
"I've noticed a burning, stinging feeling after I sweat and there's red, inflamed areas on my back. with indistinct, gradually fading edges. it showed up recently.",Atopic Dermatitis
I've noticed small circular bald patches on my scalp on my wrist lately.,Fungal Infections
I've been watching a reddish mark on my hands and showed up suddenly and multiplied into several bumps. no significant pain.,Viral Infections
"Something's going on on my back. It's a round, well-defined growth. flaky and thickened. no real pain.",Seborrheic Keratoses
"When my clothes rub against it, scaly, irritated skin on my forearm gets worse.",Atopic Dermatitis
"A pink bump with a sunken center appeared on my arm a while ago. with translucent, blurry borders. rough and flaky. hasn't healed in over two months despite repeated scabbing.",Basal Cell Carcinoma
"So on my hands there's skin that breaks open and oozes when it flares, and occasional mild itching",Eczema
"I've noticed occasional mild itching and there's a pigmented spot on my shoulder. with an asymmetric, non-circular outline. it's been there for several weeks.",Melanoma
"Got a slightly raised, uniform-colored bump near my knee and stays exactly the same",Melanocytic Nevi
"I have a spot with jagged, notched, irregular borders on my arm.",Melanoma
I have itchy red patches near my knee and honestly it hasn't changed much,Eczema
"White, scaly patches on my forearm, intense itching and burning.",Fungal Infections
I noticed an inflamed patch on my arms. dry and scaly. it showed up recently.,Psoriasis Lichen Planus
"I'm worried about red, inflamed areas on my wrist because has been a recurring problem since I was young.",Atopic Dermatitis
I've had pinpoint bleeding spots when the scale is removed on my scalp that it hasn't changed much.,Psoriasis Lichen Planus
"A rough, sandpaper-like patch that feels much rougher than it looks showed up on my face a while back.",Benign Keratosis-like Lesions
"Got a soft, dome-shaped mole that's been stable for as long as I can remember on my face and has been there since I was a kid and never changed",Melanocytic Nevi
"A pink growth with a slightly sunken, crater-like center showed up on my forehead and it hasn't changed much",Basal Cell Carcinoma
"When my clothes rub against it, mild itching and a scaly area near my elbow appear.",Viral Infections
Mild itching -- a scaly area on my wrist.,Melanoma
"A dry patch between my toes, no significant pain, been there ages",Fungal Infections
Got a single-colored mole that looks exactly the same as it did years ago on my feet and it hasn't changed much,Melanocytic Nevi
"There's a mole that has been visibly growing and changing over the past few months on my scalp, and mild itching.",Melanoma
"A perfectly round, evenly colored brown spot that hasn't changed at all on my neck, some mild discomfort.",Melanocytic Nevi
Got a pigmented spot on my shoulder and it came on gradually,Melanoma
"It started as blistering skin that bursts and leaves raw, wet patches on my scalp. Now rough and flaky. flares and then settles down.",Eczema
"So on my leg there's scaly red patches, and occasional mild soreness",Psoriasis Lichen Planus
My skin on my scalp has been off. a bump that keeps bleeding even after a very minor bump or scrape. flaky and thickened. mild irritation but nothing painful.,Basal Cell Carcinoma
"I'm noticing a raised, well-defined bump on my hands.",Viral Infections
"Something on my back looks like a small, round, evenly colored brown spot and it's been there for several weeks",Melanocytic Nevi
"Got scaly, irritated skin on my neck and it showed up recently",Atopic Dermatitis
I have a dry patch on my leg with fuzzy borders.,Atopic Dermatitis
"The skin on my wrists shows blistering skin that bursts and leaves raw, wet patches, and I've been dealing with mild itching.",Eczema
"When my clothes rub against it, I get a mole that started bleeding on its own without any injury on my scalp.",Melanoma
A dry patch showed up on my back a while back.,Eczema
"I have mild itching, and there's a rash that keeps expanding outward in a ring shape on my hands.",Fungal Infections
"When I sweat, no significant pain and a skin lesion on my wrist appear.",Benign Keratosis-like Lesions
"I have a soft, dome-shaped mole that's been stable for as long as I can remember on my shoulder, and dry and scaly.",Melanocytic Nevi
"The skin on my chest shows a reddish mark, and I've been dealing with a burning feeling when I sweat.",Eczema
A scaly area near my knee flares when the weather changes.,Melanocytic Nevi
"I have a warty, barnacle-like bump with a rough, pitted surface near my knee, and dry and scaly.",Seborrheic Keratoses
"So on my arm there's an open sore that bleeds, scabs over, and then reopens a few weeks later, and mild irritation but nothing painful",Basal Cell Carcinoma
"Some mild discomfort -- a symmetric mole with a smooth, even border on my shoulder.",Melanocytic Nevi
"The skin on my hands shows plaques appearing exactly where my skin was scratched or injured, and I've been dealing with occasional mild itching.",Psoriasis Lichen Planus
My skin on my neck has been off. a discolored spot. even and smooth to the touch. mild itching.,Melanocytic Nevi
"I'm concerned about athlete's foot causing cracked, peeling, white skin between my toes on my arm that it hasn't changed much -- burning between my toes.",Fungal Infections
"So I've got a hereditary skin condition -- my sibling has it too on my forearm, with itching so bad it keeps me awake",Atopic Dermatitis
"I have a raised bump on my scalp, and rough and flaky.",Eczema
Patches that ooze clear fluid when I scratch near my knee. with fuzzy borders.,Eczema
I developed a slightly raised rough patch that bleeds lightly when I scratch it on my feet that comes with occasional mild itching.,Benign Keratosis-like Lesions
"I noticed a mole with an uneven, asymmetrical shape on my feet. dry and rough to the touch. it's been there for several weeks.",Melanoma
Something on my fingers looks like a scaly area and it showed up recently,Eczema
I'm worried about a raised bump on my lower back because has lasted for months without going away.,Psoriasis Lichen Planus
I'm worried about a scaly area around my eyes because it's been there for a while.,Atopic Dermatitis
I developed a skin lesion on my neck that comes with no significant pain.,Melanoma
"Cracked, dry skin on my scalp, no real pain.",Atopic Dermatitis
"So near my elbow there's a warty, barnacle-like bump with a rough, pitted surface, and no significant pain",Seborrheic Keratoses
"I'm not sure what a brown to dark brown raised plaque with a greasy, waxy feel on my forearm is -- dry and scaly and mild itching.",Seborrheic Keratoses
It started as a skin lesion between my toes. Now flaky and thickened. spread from one foot to the other.,Fungal Infections
Got a red patch on my arm and it showed up recently,Melanocytic Nevi
"A brown to dark brown raised plaque with a greasy, waxy feel appeared on my scalp a while ago. with somewhat defined edges. dry and scaly. it's been there for a while.",Seborrheic Keratoses
"Got a skin lesion on my wrists, rough and flaky",Atopic Dermatitis
"I've had a circular scaly rash on my leg for a while, with mild irritation.",Fungal Infections
"There's a flat, pink-red scaly patch with a gritty texture on my sun-exposed skin on my chest, dry and rough to the touch, not sure what it is",Benign Keratosis-like Lesions
"So I've got skin prone to frequent infections from all the scratching on my arm, with mild irritation",Atopic Dermatitis
Something on my back looks like patches on the extensor surface -- the outside of my elbows and knees and it showed up recently,Psoriasis Lichen Planus
There's a ring-shaped rash with a raised scaly outer border and clearer skin in the middle on my chest with a distinct circular outer rim. crumbly and brittle on the nail. intense itching and burning.,Fungal Infections
"Got a raised, well-defined bump on my back, rough and irregular",Viral Infections
"I have mild itching, and there's a brown to dark brown raised plaque with a greasy, waxy feel on my leg.",Seborrheic Keratoses
"There's a dark spot that's been changing on my scalp with somewhat defined edges, and feels different from my other moles.",Melanoma
Something showed up on my feet. It's a scaly area with irregular edges. covered in thick silvery scales. no real pain.,Psoriasis Lichen Planus
Something showed up near my knee. It's a discolored spot with fuzzy borders. rough and flaky. mild itching.,Seborrheic Keratoses
I've had some mild discomfort for a while now. There's a spot that's larger than a pencil eraser and keeps getting bigger near my elbow with jagged edges that look ragged.,Melanoma
Something's going on on my arm. It's an inflamed patch. dry and scaly. itchy and irritated.,Psoriasis Lichen Planus
"In hot and humid weather, I get athlete's foot causing cracked, peeling, white skin between my toes on my toenail.",Fungal Infections
There's a rough patch on my groin and inner thigh -- peeling and flaking -- and some mild discomfort.,Fungal Infections
"I noticed a red patch near my knee, along with mild irritation.",Eczema
"The skin on the back of my hands shows thickened, leathery patches, and I've been dealing with mild itching.",Atopic Dermatitis
I've had small flat-topped shiny purplish bumps on my hands for some time. rough-feeling in that spot. no real pain.,Psoriasis Lichen Planus
I'm noticing a small rough bump on my scalp.,Viral Infections
"There's a dry patch on my feet, rough and flaky, not sure what it is",Melanocytic Nevi
"I've noticed a flat, reddish, scaly patch on my neck lately.",Basal Cell Carcinoma
"When I sweat, a reddish mark on my scalp gets worse.",Seborrheic Keratoses
On my arm: a red patch. it came on gradually.,Seborrheic Keratoses
"Sharply defined, scaly plaques showed up on my feet and it came on gradually",Psoriasis Lichen Planus
No significant pain -- a growth that looks like it could be lifted off with a fingernail on my hands.,Seborrheic Keratoses
A cluster of small flesh-colored bumps on my wrist. with somewhat defined edges.,Viral Infections
Some mild discomfort -- symmetrical red patches on both sides of my body on my feet.,Atopic Dermatitis
"I have a red patch on my chest, and rough and flaky.",Basal Cell Carcinoma
"There's thick silvery-white scales that flake off in sheets on my forearm, rough-feeling in that spot, not sure what it is",Psoriasis Lichen Planus
"I have mild itching, along with a pink growth with a slightly sunken, crater-like center on my forearm with irregular edges.",Basal Cell Carcinoma
"I've had a round, well-defined growth on my neck for some time. flaky and thickened. no discomfort unless I scratch it.",Seborrheic Keratoses
"A rough patch, near my elbow, flaky and thickened.",Basal Cell Carcinoma
"So I've got a soft, dome-shaped mole that's been stable for as long as I can remember near my elbow, with no real pain",Melanocytic Nevi
"I have no real pain, and there's scaly red patches near my elbow.",Eczema
"I have an open sore that bleeds, scabs over, and then reopens a few weeks later on my forehead.",Basal Cell Carcinoma
Skin prone to frequent infections from all the scratching on my chest flares when my clothes rub against it.,Atopic Dermatitis
Something on my shoulder looks like small fluid-filled bumps and it came on gradually,Eczema
"So near my elbow there's a dark spot that's been changing, and itching and occasional soreness around it",Melanoma
"Lately I've had a flat-topped warty bump that keeps multiplying on my neck that comes with no pain at all, just an odd texture.",Viral Infections
"I have a spot with irregular, notched borders on my hands with flaky and thickened.",Melanoma
"The skin on my scalp has changed. There's a bump that keeps bleeding even after a very minor bump or scrape now. smooth and shiny on the surface. keeps bleeding, scabbing over, and then reopening.",Basal Cell Carcinoma
"When my clothes rub against it, I get a brown to dark brown raised patch on my face.",Seborrheic Keratoses
I have a raised bump on my face.,Eczema
"I'm worried about a warty, barnacle-like bump with a rough, pitted surface on my chest because it came on gradually.",Seborrheic Keratoses
There's a patch on my leg. It looks like a hard lump with visible black specks that look like seeds. hard and firm to the touch. it came on gradually.,Viral Infections
"There's a rough-surfaced growth on my wrist -- rough-feeling in that spot -- and no pain, just occasional mild itching if clothing rubs it.",Seborrheic Keratoses
"There's a plantar wart on my heel that hurts when I walk on my hands, and painful when I put weight on it.",Viral Infections
"I have a reddish mark on my back, and flaky and thickened.",Eczema
Skin irritation triggered by a certain soap or fabric on my face. with irregular edges.,Eczema
"An inflamed patch on my leg, a stinging sensation where the skin cracks at the edges.",Psoriasis Lichen Planus
A rough patch showed up on the back of my hands and it hasn't changed much,Benign Keratosis-like Lesions
"A flat, tan-colored mark showed up on my leg a while back.",Melanocytic Nevi
There's a rough-surfaced growth near my elbow -- flaky and thickened -- and mild itching.,Benign Keratosis-like Lesions
"I noticed a dry patch on my wrist, along with no significant pain.",Viral Infections
"I have an open sore that bleeds, scabs over, and then reopens a few weeks later on my scalp, and rough and flaky.",Basal Cell Carcinoma
"My skin on my fingers is doing something weird -- raw, weeping patches that crust over as they heal",Eczema
"I have patches on the extensor surface -- the outside of my elbows and knees on my wrist, and feels rough and raised.",Psoriasis Lichen Planus
"It started on an area that gets a lot of sun, a bump that keeps bleeding even after a very minor bump or scrape on my arm gets worse.",Basal Cell Carcinoma
"I'm concerned about skin prone to frequent infections from all the scratching near my elbow that it's been there for a while -- a burning, stinging feeling after I sweat.",Atopic Dermatitis
Something doesn't look right on my shoulder: skin irritation triggered by a certain soap or fabric with irregular edges. rough and flaky.,Eczema
"Weird a waxy, stuck-on looking growth on my wrist, dry and rough to the touch, no clue what it is",Seborrheic Keratoses
Should I be worried about a red patch on my arm? dry and scaly. it showed up recently.,Melanoma
"Something doesn't look right on my forearms: a dry, crusty spot on a sun-damaged area that keeps peeling off and returning with ill-defined, gradual borders. dry and rough to the touch.",Benign Keratosis-like Lesions
"Weird an inflamed patch on my arm, rough like sandpaper on the surface, no clue what it is",Viral Infections
I have a skin lesion on my ankles and honestly it came on gradually,Psoriasis Lichen Planus
"When my clothes rub against it, I get small rough bumps covering my upper arms and thighs on my feet.",Atopic Dermatitis
On my chest: a dark brown spot. has started bleeding and crusting on its own.,Melanoma
"There's white, scaly patches on my back.",Fungal Infections
"A rough-surfaced growth on my scalp. no pain, just occasional mild itching if clothing rubs it.",Seborrheic Keratoses
"I have no significant pain, and there's a skin lesion on my chest.",Atopic Dermatitis
"I have mild irritation, along with a soft, dome-shaped mole that's been stable for as long as I can remember on my arm with irregular edges.",Melanocytic Nevi
Something on my hands looks like small fluid-filled bumps and has been flaring on and off for months,Eczema
My skin on my forearm has been off. a dry patch. rough and flaky. no real pain.,Benign Keratosis-like Lesions
"I have mild itching, along with a thin, thread-like skin tag growing on my eyelid on my scalp with irregular edges.",Viral Infections
"I have scaly red patches on my hands, and rough and flaky.",Psoriasis Lichen Planus
"A rough patch, on my feet, waxy and scar-like.",Basal Cell Carcinoma
I've had a scaly area on my arm that it's been there for a while.,Basal Cell Carcinoma
I'm noticing skin prone to frequent infections from all the scratching on my neck.,Atopic Dermatitis
"Sharply defined, scaly plaques showed up on my back a while back.",Psoriasis Lichen Planus
Near my elbow: a red patch. it showed up recently.,Eczema
"There's a circular scaly rash near my knee with irregular edges. rough around the border, softer in the center. some mild discomfort.",Fungal Infections
"There's a spot that's larger than a pencil eraser and keeps getting bigger on my face, and no real pain.",Melanoma
I have a reddish mark on my neck with rough like sandpaper on the surface.,Viral Infections
"I've had occasional mild itching for a while now. There's thickened, leathery patches on my forearm with fuzzy borders.",Atopic Dermatitis
I'm not sure what a bump that keeps bleeding even after a very minor bump or scrape on my forearm is -- rough-feeling in that spot and some mild discomfort.,Basal Cell Carcinoma
A discolored spot on my feet. with irregular edges.,Melanocytic Nevi
"There's a reddish mark on my face, and occasional mild itching.",Melanoma
I've had some mild discomfort for a while now. There's a reddish mark on my feet with somewhat defined edges.,Melanoma
"I've been watching a waxy, stuck-on looking growth on my chest and it showed up recently. no real pain.",Seborrheic Keratoses
I have a raised bump near my knee and honestly it's been there for several weeks,Seborrheic Keratoses
"There's a flat, pink-red scaly patch with a gritty texture on my sun-exposed skin on my bald scalp.",Benign Keratosis-like Lesions
My skin on my feet has been off. a rash that keeps expanding outward in a ring shape. flaky and thickened. burning between my toes.,Fungal Infections
I have a bump that keeps bleeding even after a very minor bump or scrape on my feet with flaky and thickened.,Basal Cell Carcinoma
Something's going on on my shoulder. It's a skin lesion. slightly raised but soft. no discomfort whatsoever.,Melanocytic Nevi
On my neck: a reddish mark. it hasn't changed much.,Atopic Dermatitis
I've had a red patch on my chest that it's been there for several weeks.,Seborrheic Keratoses
Should I be worried about patches that ooze and crust on my leg? dry and rough to the touch. it came on gradually.,Eczema
"I have a symmetric mole with a smooth, even border on my arm and honestly it came on gradually",Melanocytic Nevi
I've got a slightly raised rough patch that bleeds lightly when I scratch it on my leg -- rough and gritty like sandpaper -- and occasional mild itching,Benign Keratosis-like Lesions
"Patches with blurry, ill-defined edges that spread gradually on the back of my hands. some mild discomfort.",Eczema
"I noticed symmetrical red patches on both sides of my body on my shoulder. rough-feeling in that spot. gets noticeably worse in cold, dry weather.",Atopic Dermatitis
"Some mild discomfort -- cracked, dry skin on my face.",Atopic Dermatitis
There's a dry patch on my fingers with irregular edges. flaky and rough. intense itching that gets worse at night.,Eczema
"When the weather changes, a discolored spot on my wrist gets worse.",Melanoma
"I developed white, scaly patches on my feet that comes with mild itching.",Fungal Infections
"I've noticed nothing unusual, it's just always been there and there's a single-colored mole that looks exactly the same as it did years ago on my stomach. with an even, clearly defined edge. has been there since I was a kid and never changed.",Melanocytic Nevi
My skin on my feet is doing something weird -- a skin lesion,Basal Cell Carcinoma
"I've been watching a thin, thread-like skin tag growing on my eyelid on my armpit and grew slowly over several months. painful when I put weight on it.",Viral Infections
I developed a rash that keeps expanding outward in a ring shape near my elbow that comes with some mild discomfort.,Fungal Infections
The skin on my upper back and chest has changed. There's a circular scaly rash now. dry and rough to the touch. it hasn't changed much.,Fungal Infections
An open sore that won't fully heal showed up on my back and the scab keeps falling off and the raw area underneath comes back,Basal Cell Carcinoma
On my forearm: a scaly area. it's been there for a while.,Fungal Infections
"Something on my neck looks like a flat, tan-colored mark and it's been there for several weeks",Melanocytic Nevi
"Something showed up on my nose. It's a waxy, scar-like flat patch with an indistinct border with fuzzy borders. smooth and shiny on the surface. no significant pain.",Basal Cell Carcinoma
"A flat, slightly rough patch darker than the surrounding skin on my lower lip. some mild discomfort.",Benign Keratosis-like Lesions
"There's a spot that's larger than a pencil eraser and keeps getting bigger on my scalp with an asymmetric, non-circular outline. flaky and thickened. occasional mild itching.",Melanoma
"I'm worried about a waxy, stuck-on looking growth on my feet because it's been there for a while.",Seborrheic Keratoses
The skin around my eyes has changed. There's skin prone to frequent infections from all the scratching now. flaky and thickened. has come and gone since childhood.,Atopic Dermatitis
"There's a scaly area on my feet, flaky and rough, not sure what it is",Eczema
My skin near my knee has been off. an inflamed patch. dry and rough to the touch. no significant pain.,Benign Keratosis-like Lesions
I've had pinpoint bleeding spots when the scale is removed on my forearm that it hasn't changed much.,Psoriasis Lichen Planus
"There's a red patch on my face, and no significant pain.",Seborrheic Keratoses
An inflamed patch on my neck. has stayed about the same size for weeks. occasional mild itching.,Viral Infections
"Got red, ring-shaped scaly patches on my shins and it's been there for a while",Psoriasis Lichen Planus
Mild irritation -- a rough patch on my feet.,Basal Cell Carcinoma
A discolored spot on my scalp. mild itching.,Psoriasis Lichen Planus
"My skin on my forearm has been off. a flat, slightly rough patch darker than the surrounding skin. rough and flaky. some mild discomfort.",Benign Keratosis-like Lesions
I'm concerned about an inflamed patch on my bald scalp that has been there for months without healing completely -- mild itching.,Benign Keratosis-like Lesions
"A symmetric mole with a smooth, even border on my stomach. slightly raised but soft.",Melanocytic Nevi
"When I sweat, intense itching that gets worse at night and a discolored spot on my wrists appear.",Eczema
"So on my shoulder there's a scaly area, and no real pain",Melanoma
Scaly red patches on my arm. dry and rough to the touch.,Psoriasis Lichen Planus
A spot that's larger than a pencil eraser and keeps getting bigger appeared on my back a while ago. with jagged edges that look ragged. feels different from my other moles. it hasn't changed much.,Melanoma
"I'm noticing a waxy, stuck-on looking growth on my hands.",Seborrheic Keratoses
I'm concerned about a red patch near my knee that it's been there for a while -- mild irritation.,Melanoma
"So I've got a scaly spot that's tender when I rub it firmly on my face, with some mild discomfort",Benign Keratosis-like Lesions
"I have a waxy, scar-like area on my leg. smooth and shiny on the surface. it came on gradually. mild irritation but nothing painful.",Basal Cell Carcinoma
I've noticed some mild discomfort and there's patches that ooze and crust on my chest. with poorly defined borders that fade into normal skin. keeps coming back every winter when the air gets dry.,Eczema
I've been watching a red patch on my shoulder and it's been there for several weeks. itching and occasional soreness around it.,Melanoma
It started as a reddish mark on my face. Now even and smooth to the touch. it's been there for several weeks.,Melanocytic Nevi
"I've noticed a stinging feeling especially after sweating and there's a rough patch on the sole of my foot. with a clearly raised, scaly outer edge. it hasn't changed much.",Fungal Infections
"The skin on my scalp has changed. There's a brown to dark brown raised plaque with a greasy, waxy feel now. rough-feeling in that spot. grew alongside several similar spots in the same area.",Seborrheic Keratoses
"I've noticed a flat, slightly rough patch darker than the surrounding skin on my arm lately.",Benign Keratosis-like Lesions
"There's scaly, irritated skin on my back with irregular edges. feels dry and scaly to the touch. no real pain.",Atopic Dermatitis
I've been watching a cluster of small flesh-colored bumps on my finger and grew slowly over several months. mild itching.,Viral Infections
"Something showed up on my leg. It's a scaly, reddish-pink patch with ill-defined, gradual borders. dry and scaly. mild irritation.",Benign Keratosis-like Lesions
"There's cracked, peeling skin on my toenail, rough-feeling in that spot, not sure what it is",Fungal Infections
"Got red, ring-shaped scaly patches inside my mouth, dry and scaly",Psoriasis Lichen Planus
"Weird a circular scaly rash between my toes, crumbly and brittle on the nail, no clue what it is",Fungal Infections
An inflamed patch on my neck. with irregular edges.,Benign Keratosis-like Lesions
"My skin on my feet is doing something weird -- a mole with an uneven, asymmetrical shape",Melanoma
"Cracked, peeling skin on my arm, burning between my toes, been there ages",Fungal Infections
I've had a red patch on my cheeks for some time. rough and thickened from scratching. intense itching that wakes me up at night.,Atopic Dermatitis
There's a single-colored mole that looks exactly the same as it did years ago on my back.,Melanocytic Nevi
Something on my hands looks like skin that breaks open and oozes when it flares and has been flaring on and off for months,Eczema
"I noticed a rough patch near my elbow, along with no real pain.",Basal Cell Carcinoma
"I've got a small, round, evenly colored brown spot on my shoulder -- slightly raised but soft -- and mild irritation",Melanocytic Nevi
I'm not sure what a ring-shaped rash with a raised scaly outer border and clearer skin in the middle on my scalp is -- soft and macerated where skin touches skin and burning between my toes.,Fungal Infections
A brown to dark brown raised patch on my back flares when I sweat.,Seborrheic Keratoses
Something showed up on my wrist. It's a red patch with somewhat defined edges. slightly raised and uneven. mild itching.,Melanoma
An inflamed patch on my back flares when I sweat.,Melanoma
I've noticed a reddish mark near my knee lately.,Benign Keratosis-like Lesions
Bumps with a fine white lacy pattern on the surface on my lower back. dry and rough to the touch.,Psoriasis Lichen Planus
"I'm concerned about blistering skin that bursts and leaves raw, wet patches on the inside of my elbows that it's been there for a while -- mild irritation.",Eczema
I have a tan to dark brown growth that looks thicker and greasier than a normal mole on my neck with rough and bumpy on the surface.,Seborrheic Keratoses
I'm worried about thick red raised plaques on my shins because has lasted for months without going away.,Psoriasis Lichen Planus
A dry patch on my face. dry and scaly.,Eczema
Something's going on on my scalp. It's patches on the extensor surface -- the outside of my elbows and knees. rough-feeling in that spot. some mild discomfort.,Psoriasis Lichen Planus
"I've had dry, scaly skin on my face for a while, with mild itching.",Psoriasis Lichen Planus
"Something doesn't look right inside my mouth: patches on the extensor surface -- the outside of my elbows and knees with precise, punched-out looking borders. dry and rough to the touch.",Psoriasis Lichen Planus
Something doesn't look right on my arm: a raised bump with fuzzy borders. dry and scaly.,Basal Cell Carcinoma
Something doesn't look right on my back: a ring-shaped rash with a raised scaly outer border and clearer skin in the middle with irregular edges. rough and flaky.,Fungal Infections
"The skin on my chest shows a mole with an uneven, asymmetrical shape, and I've been dealing with a strange new sensation I never noticed before.",Melanoma
"Lately I've had a hard, rough-surfaced growth on my face that comes with some mild discomfort.",Viral Infections
A dark brown spot on my back. it's been there for a while. mild itching.,Melanoma
Occasional mild itching -- a reddish mark on the back of my hands.,Benign Keratosis-like Lesions
I have an open sore that won't fully heal on my back and honestly it hasn't changed much,Basal Cell Carcinoma
"There's a cluster of small flesh-colored bumps near my knee, dry and scaly, not sure what it is",Viral Infections
"When I sweat, burning between my toes and athlete's foot causing cracked, peeling, white skin between my toes near my elbow appear.",Fungal Infections
"A mole that started bleeding on its own without any injury on my face. no real pain, but it bleeds a little sometimes.",Melanoma
"There's athlete's foot causing cracked, peeling, white skin between my toes on my wrist -- rough and flaky -- and a stinging feeling especially after sweating.",Fungal Infections
"Got a warty, barnacle-like bump with a rough, pitted surface on my feet, rough-feeling in that spot",Seborrheic Keratoses
I've had a raised bump on the sole of my foot for some time. dry and scaly. mild itching.,Fungal Infections
My skin near my elbow is doing something weird -- a tan to dark brown growth that looks thicker and greasier than a normal mole,Seborrheic Keratoses
I have a slightly raised rough patch that bleeds lightly when I scratch it on my feet. rough-feeling in that spot. it's been there for several weeks. occasional mild itching.,Benign Keratosis-like Lesions
"I've had no significant pain for a while now. There's a dry patch on my arm with symmetric, clean borders.",Melanocytic Nevi
I'm worried about a single-colored mole that looks exactly the same as it did years ago near my knee because it came on gradually.,Melanocytic Nevi
"I've been watching a shiny, pearly bump with tiny visible blood vessels running through it on my neck and keeps bleeding, scabbing over, and then reopening. mild irritation but nothing painful.",Basal Cell Carcinoma
A scaly area near my elbow. itching and occasional soreness around it.,Melanoma
"I'm worried about a pink bump with a sunken center on my cheek because keeps bleeding, scabbing over, and then reopening.",Basal Cell Carcinoma
"Lately I've had an open sore that bleeds, scabs over, and then reopens a few weeks later on my wrist that comes with some mild discomfort.",Basal Cell Carcinoma
I've got a red patch on my shoulder -- dry and scaly -- and some mild discomfort,Atopic Dermatitis
There's a red patch on my shoulder -- dry and scaly -- and occasional mild itching.,Melanocytic Nevi
Got small circular bald patches on my scalp on my leg and it's been there for several weeks,Fungal Infections
I've got an open sore that won't fully heal on my back.,Basal Cell Carcinoma
"A waxy, stuck-on looking growth showed up on my shoulder a while back.",Seborrheic Keratoses
There's small flat-topped shiny purplish bumps on my shoulder with irregular edges. rough-feeling in that spot. a stinging sensation where the skin cracks at the edges.,Psoriasis Lichen Planus
"There's a scaly spot that's tender when I rub it firmly on my bald scalp with fuzzy borders, and feels tender when pressed.",Benign Keratosis-like Lesions
"A growth that looks like it could be lifted off with a fingernail on my back, occasional mild itching.",Seborrheic Keratoses
"I have athlete's foot causing cracked, peeling, white skin between my toes on my hands. rough and flaky. it showed up recently. mild itching.",Fungal Infections
Something on my scalp looks like plaques appearing exactly where my skin was scratched or injured and it hasn't changed much,Psoriasis Lichen Planus
There's small circular bald patches on my scalp between my toes.,Fungal Infections
"I've noticed some mild discomfort and there's an itch that triggers before any visible rash appears on my neck. with indistinct, gradually fading edges. it showed up recently.",Atopic Dermatitis
"Should I be worried about cracked, peeling skin on the sole of my foot? peeling and flaking. spread from one foot to the other.",Fungal Infections
I'm concerned about a red patch on my wrist that it came on gradually -- no real pain.,Eczema
I've got bumps with a fine white lacy pattern on the surface on my shins -- flaky and thickened -- and some mild discomfort,Psoriasis Lichen Planus
I've had severe itching I can barely control for a while now. There's skin irritation triggered by a certain soap or fabric on my eyelids with fuzzy borders.,Eczema
"There's a patch on my neck. It looks like a thin, thread-like skin tag growing on my eyelid. rough-feeling in that spot. it hasn't changed much.",Viral Infections
"Something showed up on my scalp. It's a perfectly round, evenly colored brown spot that hasn't changed at all with smooth, perfectly regular borders. rough-feeling in that spot. occasional mild itching.",Melanocytic Nevi
"So on my shoulder there's small rough bumps covering my upper arms and thighs, and mild irritation",Atopic Dermatitis
"The skin near my knee shows pinpoint bleeding spots when the scale is removed, and I've been dealing with mild itching.",Psoriasis Lichen Planus
I'm noticing a single-colored mole that looks exactly the same as it did years ago on my arm.,Melanocytic Nevi
"My skin on my feet has been off. a red patch. flaky and thickened. no pain, just occasional mild itching if clothing rubs it.",Seborrheic Keratoses
"The skin near my elbow has changed. There's a slightly raised, uniform-colored bump now. dry and scaly. has been completely stable.",Melanocytic Nevi
Something doesn't look right on my hands: skin that breaks open and oozes when it flares with somewhat defined edges. dry and rough to the touch.,Eczema
"I have a hard, rough-surfaced growth on my neck, and flaky and thickened.",Viral Infections
Mild irritation -- a reddish mark on my feet.,Fungal Infections
"I've noticed a brown to dark brown raised plaque with a greasy, waxy feel on my arm lately.",Seborrheic Keratoses
"I notice mild irritation when it catches on something when I sweat. There's a waxy, stuck-on looking growth on my feet.",Seborrheic Keratoses
"A brown to dark brown raised patch near my knee, no significant pain.",Seborrheic Keratoses
"I've had no real pain, just occasional bleeding after a minor bump for a while now. There's a reddish mark on my leg with an indistinct, difficult-to-define edge.",Basal Cell Carcinoma
"I noticed raw, weeping patches that crust over as they heal on my face. rough and leathery feeling. keeps coming back every winter when the air gets dry.",Eczema
"When the weather changes, a slightly raised rough patch that bleeds lightly when I scratch it on my shoulder gets worse.",Benign Keratosis-like Lesions
Got a reddish mark on my back and it hasn't changed much,Seborrheic Keratoses
"There's a thin, thread-like skin tag growing on my eyelid on my chest -- rough like sandpaper on the surface -- and occasional mild itching.",Viral Infections
"Red, inflamed areas showed up on my shoulder and has come and gone since childhood",Atopic Dermatitis
"I've had a dry patch near my knee for a while, with occasional itching around the bump.",Viral Infections
I have skin that breaks open and oozes when it flares on my neck with rough and leathery feeling.,Eczema
"There's a growth that looks like it could be lifted off with a fingernail on my forearm, and mild irritation.",Seborrheic Keratoses
"Red, ring-shaped scaly patches appeared near my knee a while ago. with a distinct circular outer rim. dry and rough to the touch. it's been there for a while.",Fungal Infections
I'm worried about pinpoint bleeding spots when the scale is removed on my shins because it showed up recently.,Psoriasis Lichen Planus
"I've had symmetrical red patches on both sides of my body on my hands for a while, with occasional mild itching.",Atopic Dermatitis
"Got a small, round, evenly colored brown spot on my forearm, slightly raised but soft",Melanocytic Nevi
"White, scaly patches on my chest, some mild discomfort, been there ages",Fungal Infections
There's plaques appearing exactly where my skin was scratched or injured near my elbow with irregular edges. flaky when I run my hand over it. mild itching.,Psoriasis Lichen Planus
There's a growth that looks like it could be lifted off with a fingernail on my forearm -- dry and scaly -- that it's been there for several weeks.,Seborrheic Keratoses
I've had a stinging sensation where the skin cracks at the edges for a while now. There's red patches with silvery-white scales on my neck with fuzzy borders.,Psoriasis Lichen Planus
I notice tenderness when I press on it on areas that get a lot of sun exposure. There's a dry patch on my bald scalp.,Benign Keratosis-like Lesions
I have an inflamed patch on my neck. rough and bumpy on the surface. stayed the same size for a long time but got darker recently. no significant pain.,Seborrheic Keratoses
"I have no real pain, along with patches with blurry, ill-defined edges that spread gradually on my face with irregular edges.",Eczema
"There's a raised, well-defined bump on my hands -- rough like sandpaper on the surface -- that it's been there for a while.",Viral Infections
I have a bump that keeps bleeding even after a very minor bump or scrape on my arm.,Basal Cell Carcinoma
I have a skin lesion on my chest and honestly it hasn't changed much,Viral Infections
"So on my chest there's scaly red patches, and mild irritation",Psoriasis Lichen Planus
"My skin on my arm has been off. raw, inflamed skin. dry and scaly. no significant pain.",Eczema
Lately I've had a raised bump on my hands that comes with constant urge to scratch.,Eczema
An inflamed patch on my neck. rough-feeling in that spot.,Melanoma
A red patch near my elbow. mild irritation.,Seborrheic Keratoses
I'm noticing patches that ooze and crust on my scalp.,Eczema
"So on my ears there's a scaly, reddish-pink patch, and occasional mild itching",Benign Keratosis-like Lesions
"I noticed a dry, crusty spot on a sun-damaged area that keeps peeling off and returning on my forearm. rough-feeling in that spot. it showed up recently.",Benign Keratosis-like Lesions
"I have mild irritation, along with a reddish mark on my hands with a distinct circular outer rim.",Fungal Infections
I've got a dry patch on my chest.,Atopic Dermatitis
A red patch on my forearm flares when my clothes rub against it.,Melanoma
"I have a rough, sandpaper-like patch that feels much rougher than it looks on my hands.",Benign Keratosis-like Lesions
"Something showed up inside my mouth. It's pinpoint bleeding spots when the scale is removed with clear, well-demarcated borders. flaky and thickened. mild irritation.",Psoriasis Lichen Planus
"There's small rough bumps covering my upper arms and thighs on my cheeks with somewhat defined edges, and flaky and thickened.",Atopic Dermatitis
I'm concerned about a ring-shaped rash with a raised scaly outer border and clearer skin in the middle on my feet that it's been there for a while -- some mild discomfort.,Fungal Infections
I'm not sure what an inflamed patch on my wrists is -- dry and scaly and occasional mild itching.,Psoriasis Lichen Planus
"A flat, tan-colored mark on my face, no itching or pain at all.",Melanocytic Nevi
"I have no real pain, along with an open sore that won't fully heal on my scalp with an indistinct, difficult-to-define edge.",Basal Cell Carcinoma
"A hereditary skin condition -- my sibling has it too, on my scalp, dry and cracked to the touch.",Atopic Dermatitis
"There's a growth that looks like it could be lifted off with a fingernail on my back, dry and rough to the touch, not sure what it is",Seborrheic Keratoses
"Got a rough-surfaced growth on my forearms, flaky and thickened",Benign Keratosis-like Lesions
I'm noticing a scaly area on my shoulder.,Fungal Infections
"Dry, itchy patches that have been recurring since childhood on my arm flares when I sweat.",Atopic Dermatitis
I have a reddish mark on my feet and honestly it hasn't changed much,Fungal Infections
I've had a rough patch on my finger for some time. dry and rough to the touch. no real pain.,Viral Infections
"I noticed a rough-surfaced growth on my chest, along with some mild discomfort.",Seborrheic Keratoses
"I've had a dark brown spot on my shoulder for a while, with no itching or pain at all.",Melanocytic Nevi
"A discolored spot on my stomach. with an even, clearly defined edge.",Melanocytic Nevi
"There's a hard, rough-surfaced growth on my neck -- rough and flaky -- and mild irritation.",Viral Infections
"I'm not sure what a raised, well-defined bump on my chest is -- dry and scaly and no significant pain.",Seborrheic Keratoses
I've noticed no discomfort whatsoever and there's a single-colored mole that looks exactly the same as it did years ago on my face. with irregular edges. it came on gradually.,Melanocytic Nevi
I notice mild irritation when I sweat. There's red to brownish-gray patches on my shoulder.,Eczema
"A scaly, reddish-pink patch showed up on my chest and seems to be slowly getting larger",Benign Keratosis-like Lesions
Something showed up on my leg. It's patches on the extensor surface -- the outside of my elbows and knees with somewhat defined edges. flaky when I run my hand over it. mild itching.,Psoriasis Lichen Planus
I have a discolored spot near my elbow and honestly it's been there for several weeks,Viral Infections
"Got dry, scaly skin inside my mouth, flaky and rough",Psoriasis Lichen Planus
I've noticed mild irritation but nothing painful and there's a skin lesion on my back. with irregular edges. hasn't healed in over two months despite repeated scabbing.,Basal Cell Carcinoma
Scaly red patches showed up on my wrist a while back.,Eczema
"I have a waxy, 'stuck-on' looking growth that appears pasted onto the skin surface on my scalp. dry and scaly. it hasn't changed much. no real pain.",Seborrheic Keratoses
"Symmetrical red patches on both sides of my body, near my elbow, dry and cracked to the touch.",Atopic Dermatitis
"So I've got sharply defined, scaly plaques inside my mouth, with some mild discomfort",Psoriasis Lichen Planus
I've got patches that ooze clear fluid when I scratch near my elbow.,Eczema
"A pink growth with a slightly sunken, crater-like center on my cheek. it showed up recently. mild irritation.",Basal Cell Carcinoma
"The cluster grew after I picked at it, a raised bump on my finger gets worse.",Viral Infections
"Small fluid-filled bumps, on my shoulder, feels crusty and dry.",Eczema
There's a growth that bleeds on my chest.,Melanoma
"There's a patch near my knee. It looks like white, scaly patches. soft and macerated where skin touches skin. it's been there for several weeks.",Fungal Infections
"A waxy, scar-like flat patch with an indistinct border on my scalp, mild irritation but nothing painful.",Basal Cell Carcinoma
"I've had a mole with an asymmetrical, uneven shape -- one half doesn't match the other on my chest that it's been there for several weeks.",Melanoma
I have a dark spot that's been changing on my leg with somewhat defined edges.,Melanoma
"There's a mole with an asymmetrical, uneven shape -- one half doesn't match the other on my wrist with somewhat defined edges. dry and scaly. itching and occasional soreness around it.",Melanoma
I notice occasional mild itching when the weather changes. There's small circular bald patches on my scalp on my chest.,Fungal Infections
"I have a small, uniform dark brown spot with no irregular areas on my face. rough and flaky. stays exactly the same. mild itching.",Melanocytic Nevi
"Patches that ooze and crust, on the back of my hands, rough-feeling in that spot.",Eczema
"I've had a brown to dark brown raised plaque with a greasy, waxy feel on my feet that grew alongside several similar spots in the same area.",Seborrheic Keratoses
"White, scaly patches on my hands. peeling and flaking.",Fungal Infections
"I noticed a scaly spot that's tender when I rub it firmly on my wrist, along with occasional itching.",Benign Keratosis-like Lesions
"There's a patch on my leg. It looks like a flat, tan-colored mark. flaky and thickened. it's been there for several weeks.",Melanocytic Nevi
I've got a small rough bump near my knee.,Viral Infections
Thick red raised plaques on my ankles. rough-feeling in that spot.,Psoriasis Lichen Planus
"I noticed white, scaly patches on my leg. rough-feeling in that spot. it's been there for a while.",Fungal Infections
"Something doesn't look right on my forearm: a scaly, wart-like bump with a clearly defined, elevated border. waxy and slightly greasy to the touch.",Seborrheic Keratoses
I have an inflamed patch on the back of my hands and honestly flares and then settles down,Eczema
I developed a cluster of small flesh-colored bumps near my elbow that comes with mild itching.,Viral Infections
A dark brown spot on my arm flares when my clothes rub against it.,Melanoma
"On my forearm: a reddish-brown patch that gets worse in hot, humid weather. it's been there for several weeks.",Fungal Infections
"The skin on my back shows patches with blurry, ill-defined edges that spread gradually, and I've been dealing with no real pain.",Eczema
"I have no significant pain, along with a dry patch on my shoulder with somewhat defined edges.",Eczema
"I have a slightly raised, uniform-colored bump on my shoulder with somewhat defined edges.",Melanocytic Nevi
"I have tenderness when I press on it, along with a flat, pink-red scaly patch with a gritty texture on my sun-exposed skin on my neck with somewhat defined edges.",Benign Keratosis-like Lesions
"I have a raised bump on my back with distinct, punched-out looking edges.",Seborrheic Keratoses
"When my clothes rub against it, no significant pain and a warty, barnacle-like bump with a rough, pitted surface on my back appear.",Seborrheic Keratoses
My skin on my back is doing something weird -- a skin lesion,Atopic Dermatitis
"So I've got red, ring-shaped scaly patches on my fingernail, with burning between my toes",Fungal Infections
"Weird cracked, dry skin on my forearm, dry and cracked to the touch, no clue what it is",Atopic Dermatitis
Something doesn't look right on my shoulder: a ring-shaped rash with a raised border with somewhat defined edges. flaky and thickened.,Fungal Infections
I've had a brown to dark brown raised patch on my scalp that grew alongside several similar spots in the same area.,Seborrheic Keratoses
Lately I've had a dry patch near my elbow that comes with no discomfort unless I scratch it.,Seborrheic Keratoses
Skin that leaks clear fluid after scratching on my arm. rough and thickened from scratching.,Atopic Dermatitis
"Weird a smooth, symmetric mole on my chest, flaky and thickened, no clue what it is",Melanocytic Nevi
"There's a thin, thread-like skin tag growing on my eyelid on my hands -- rough like sandpaper on the surface -- that it showed up recently.",Viral Infections
A skin lesion on my face. with somewhat defined edges.,Viral Infections
"Dry, itchy patches that have been recurring since childhood on my face. it's been there for a while. no real pain.",Atopic Dermatitis
My skin on my scalp has been off. an inflamed patch. rough-feeling in that spot. no real pain.,Eczema
A reddish-brown rash on my arm. it showed up recently. no real pain.,Fungal Infections
"I have occasional mild itching, and there's a scaly area on my scalp.",Fungal Infections
"I noticed itchy red patches on my forearm, along with mild itching.",Eczema
"Got pinpoint bleeding spots when the scale is removed on my chest, rough and flaky",Psoriasis Lichen Planus
"There's small rough bumps covering my upper arms and thighs on my neck with indistinct, gradually fading edges, and rough and flaky.",Atopic Dermatitis
"When the weather changes, I get a mole that has been visibly growing and changing over the past few months on my scalp.",Melanoma
I'm noticing a spot that's larger than a pencil eraser and keeps getting bigger near my elbow.,Melanoma
"Weird white, scaly patches on my scalp, rough and flaky, no clue what it is",Fungal Infections
"Dry, red inflamed patches on my hands. it showed up recently. no significant pain.",Atopic Dermatitis
"Weird an open sore that bleeds, scabs over, and then reopens a few weeks later on my back, rough-feeling in that spot, no clue what it is",Basal Cell Carcinoma
I've had a rough patch on my neck for some time. even and smooth to the touch. some mild discomfort.,Melanocytic Nevi
Something on my wrists looks like a discolored spot and keeps coming back every winter when the air gets dry,Eczema
"A waxy, scar-like area near my elbow. has been slowly growing over several months. occasional mild itching.",Basal Cell Carcinoma
My skin on my neck has been off. scaly red patches. rough-feeling in that spot. no significant pain.,Eczema
I've got a raised bump on my eyelids.,Eczema
"A rash that keeps expanding outward in a ring shape near my elbow, some mild discomfort, been there ages",Fungal Infections
A growth that bleeds near my elbow. occasional mild itching.,Basal Cell Carcinoma
An inflamed patch near my knee. with somewhat defined edges.,Eczema
"Red to brownish-gray patches, on my hands, flaky and rough.",Eczema
I've got a raised bump on my scalp.,Eczema
A mole that has been visibly growing and changing over the past few months on my wrist. partly flat and partly raised within the same spot.,Melanoma
The skin on my lower lip has changed. There's a slightly raised rough patch that bleeds lightly when I scratch it now. dry and scaly. it showed up recently.,Benign Keratosis-like Lesions
"I have a shiny, pearly bump with tiny visible blood vessels running through it on my wrist with translucent, blurry borders.",Basal Cell Carcinoma
"Lately I've had a flat, pink-red scaly patch with a gritty texture on my sun-exposed skin on my ears that comes with mild itching.",Benign Keratosis-like Lesions
"I have a dry patch near my elbow, and rough-feeling in that spot.",Fungal Infections
"I'm concerned about a slightly raised, uniform-colored bump on my neck that it's been there for a while -- some mild discomfort.",Melanocytic Nevi
"There's a mole with multiple colors -- brown, black, red, and even some pale areas on my wrist with fuzzy borders, and dry and rough to the touch.",Melanoma
I'm noticing a pink bump with a sunken center on my back.,Basal Cell Carcinoma
"I'm not sure what cracked, dry skin on the back of my hands is -- dry and rough to the touch and intense itching that wakes me up at night.",Atopic Dermatitis
"Weird a discolored spot near my elbow, soft and macerated where skin touches skin, no clue what it is",Fungal Infections
"I've noticed patches with blurry, ill-defined edges that spread gradually on my hands lately.",Eczema
"My skin on my face is doing something weird -- a waxy, scar-like area",Basal Cell Carcinoma
"Dry, red inflamed patches, on my arm, dry and rough to the touch.",Atopic Dermatitis
"There's a hard lump with visible black specks that look like seeds on the back of my knuckles, rough and flaky, not sure what it is",Viral Infections
A rough patch showed up on my shoulder and has been there since I was a kid and never changed,Melanocytic Nevi
I've noticed no real pain and there's a rough patch on my arm. with fuzzy borders. it's been there for a while.,Atopic Dermatitis
There's a bump that keeps bleeding even after a very minor bump or scrape on my arm with somewhat defined edges. dry and rough to the touch. no significant pain.,Basal Cell Carcinoma
"I have a smooth, pearly bump with a small dimple in the center on my neck with somewhat defined edges.",Viral Infections
"I've got a small, round, evenly colored brown spot on my back -- flaky and thickened -- and some mild discomfort",Melanocytic Nevi
My skin on my face has been off. a red patch. flaky and thickened. mild itching.,Melanoma
"I have a small rough bump on my face, and hard and firm to the touch.",Viral Infections
"A discolored spot, on my face, hard and firm to the touch.",Viral Infections
"It started as a shiny, pearly bump with tiny visible blood vessels running through it on my chest. Now flaky and thickened. it came on gradually.",Basal Cell Carcinoma
The skin on my wrist has changed. There's a reddish mark now. flaky and rough. it's been there for a while.,Eczema
"I've had some mild discomfort for a while now. There's a hard, rough-surfaced growth on my finger with a rough, uneven surface and irregular edges.",Viral Infections
"I've had a mole with an asymmetrical, uneven shape -- one half doesn't match the other on my back for some time. partly flat and partly raised within the same spot. no real pain.",Melanoma
"The skin on my leg shows a pigmented spot, and I've been dealing with no real pain.",Melanocytic Nevi
"I have a mole with an uneven, asymmetrical shape on my feet with irregular, notched, uneven borders.",Melanoma
"So I've got a tan to dark brown growth that looks thicker and greasier than a normal mole on my forearm, with mild irritation when it catches on something",Seborrheic Keratoses
I noticed a flat-topped warty bump that keeps multiplying on my face. dry and scaly. it came on gradually.,Viral Infections
"When my clothes rub against it, mild irritation when it catches on something and a waxy, stuck-on looking growth on my shoulder appear.",Seborrheic Keratoses
"Got a hard lump with visible black specks that look like seeds on my wrist, rough like sandpaper on the surface",Viral Infections
I have a growth that looks like it could be lifted off with a fingernail near my elbow. rough and flaky. it's been there for a while. mild irritation.,Seborrheic Keratoses
"Got a warty, barnacle-like bump with a rough, pitted surface on my scalp, rough and flaky",Seborrheic Keratoses
"The cluster grew after I picked at it, a hard, rough-surfaced growth on my finger gets worse.",Viral Infections
"A raised bump on my neck, occasional mild itching.",Benign Keratosis-like Lesions
"In cold, dry weather, I get small fluid-filled bumps on my wrist.",Eczema
"I have small flat-topped shiny purplish bumps on my shoulder, and flaky and thickened.",Psoriasis Lichen Planus
"When I walk barefoot in public areas, some mild discomfort and a ring-shaped rash with a raised border between my toes appear.",Fungal Infections
"I've had no real pain for a while now. There's a dark brown spot on my arm with symmetric, clean borders.",Melanocytic Nevi
"A brown to dark brown raised plaque with a greasy, waxy feel showed up on my chest and grew alongside several similar spots in the same area",Seborrheic Keratoses
"I have a smooth, pearly bump with a small dimple in the center on my leg with rough-feeling in that spot.",Viral Infections
"The skin on my wrists shows scaly, irritated skin, and I've been dealing with no significant pain.",Atopic Dermatitis
I'm worried about a scaly area on my leg because it showed up recently.,Basal Cell Carcinoma
I developed a reddish mark between my toes that comes with no real pain.,Fungal Infections
"Red to brownish-gray patches, on my neck, flaky and rough.",Eczema
"There's cracked, dry skin on my arm, and no real pain.",Atopic Dermatitis
"When I sweat, bumps with a fine white lacy pattern on the surface near my elbow gets worse.",Psoriasis Lichen Planus
"So I've got a rough patch on my scalp, with occasional mild itching",Fungal Infections
"I have some mild discomfort, and there's a shiny, pearly bump with tiny visible blood vessels running through it on my wrist.",Basal Cell Carcinoma
"There's a dark spot that's been changing on my feet, dry and scaly, not sure what it is",Melanoma
"There's athlete's foot causing cracked, peeling, white skin between my toes on my wrist, crumbly and brittle on the nail, not sure what it is",Fungal Infections
"I'm noticing a scaly, reddish-pink patch on my hands.",Benign Keratosis-like Lesions
"I've noticed some mild discomfort and there's cracked, peeling skin between my toes. with a well-defined ring-shaped border. it showed up recently.",Fungal Infections
"So on my chest there's a raised bump, and itchy and irritated",Atopic Dermatitis
"A ring-shaped rash with a raised scaly outer border and clearer skin in the middle on my fingernail, no significant pain.",Fungal Infections
"I have occasional mild itching, along with a scaly area on my shoulder with distinct, punched-out looking edges.",Seborrheic Keratoses
"I've had dry, red inflamed patches on my wrists for some time. dry and scaly. a burning, stinging feeling after I sweat.",Atopic Dermatitis
"Something showed up on my back. It's a rough, sandpaper-like patch with irregular edges. feels dry and crusty when I run my finger over it. occasional itching.",Benign Keratosis-like Lesions
A red patch appeared near my knee a while ago. with somewhat defined edges. the center feels soft and tends to crust over. it showed up recently.,Basal Cell Carcinoma
Lately I've had a pigmented spot on my face that comes with a strange new sensation I never noticed before.,Melanoma
"So I've got a red patch on my wrist, with occasional mild itching",Eczema
"I have a skin lesion on my arm, and rough and flaky.",Eczema
An inflamed patch on my face. tenderness when I press on it.,Benign Keratosis-like Lesions
"A rough patch near my elbow, occasional mild itching, been there ages",Psoriasis Lichen Planus
"Dry, red inflamed patches on my arm. constant urge to scratch that never really goes away.",Atopic Dermatitis
Something doesn't look right on my scalp: a brown to dark brown raised patch with irregular edges. dry and rough to the touch.,Seborrheic Keratoses
"I've got a small, shiny, pearly bump on my face -- rough-feeling in that spot -- and mild irritation",Basal Cell Carcinoma
Something on my face looks like a raised bump and it's been there for several weeks,Melanocytic Nevi
"There's a scaly area on my face with an indistinct, difficult-to-define edge. rough and flaky. no discomfort, it just won't go away.",Basal Cell Carcinoma
"There's a rough, cauliflower-like bump with tiny black dots on the surface on my hands with fuzzy borders. flaky and thickened. some mild discomfort.",Viral Infections
"I have a spot with jagged, notched, irregular borders on my neck, and rough-feeling in that spot.",Melanoma
"There's a waxy, scar-like flat patch with an indistinct border on my hands, smooth and shiny on the surface, not sure what it is",Basal Cell Carcinoma
I have a dry patch on my arms. flaky and rough. showed up as small dots and then grew into larger plaques. occasional mild itching.,Psoriasis Lichen Planus
"Weird a spot that's larger than a pencil eraser and keeps getting bigger near my elbow, slightly raised and uneven, no clue what it is",Melanoma
My skin on my forearm has been off. a scaly area. rough-feeling in that spot. mild itching.,Psoriasis Lichen Planus
"When my clothes rub against it, blistering skin that bursts and leaves raw, wet patches on my fingers gets worse.",Eczema
I developed an inflamed patch on my feet that comes with mild itching.,Eczema
"A raised bump on my arm, mild irritation, been there ages",Seborrheic Keratoses
"When the weather changes, mild irritation and a spot that's larger than a pencil eraser and keeps getting bigger on my leg appear.",Melanoma
"I'm concerned about red, inflamed areas on my wrists that keeps coming back every winter when the air gets dry -- itching so bad it keeps me awake.",Eczema
"When the weather changes, mild discomfort when I press on it and a rough, cauliflower-like bump with tiny black dots on the surface near my knee appear.",Viral Infections
"I have a red patch on my chest, and dry and scaly.",Fungal Infections
I've been watching a skin lesion on my scalp and it's been there for a while. constant urge to scratch.,Eczema
"Something showed up on my forearm. It's a spot with jagged, notched, irregular borders with jagged edges that look ragged. dry and rough to the touch. mild irritation.",Melanoma
I notice mild itching when the weather changes. There's skin that breaks open and oozes when it flares on my feet.,Eczema
I have a rough patch on my hands.,Eczema
A reddish mark on my scalp. with somewhat defined edges.,Atopic Dermatitis
Got a raised bump on my chest and it showed up recently,Melanoma
"A mole that has been visibly growing and changing over the past few months on my wrist, no real pain, been there ages",Melanoma
"I'm worried about a rough, sandpaper-like patch that feels much rougher than it looks on my scalp because it came on gradually.",Benign Keratosis-like Lesions
Small rough bumps covering my upper arms and thighs on my scalp. some mild discomfort.,Atopic Dermatitis
A red patch on my arm. with fuzzy borders.,Melanocytic Nevi
There's pinpoint bleeding spots when the scale is removed on my elbows and knees -- flaky and rough -- and mild itching.,Psoriasis Lichen Planus
"When I sweat, an itch that triggers before any visible rash appears on my wrists gets worse.",Atopic Dermatitis
I noticed red to brownish-gray patches on my hands. feels crusty and dry. it hasn't changed much.,Eczema
"A soft, dome-shaped mole that's been stable for as long as I can remember on my forearm. dry and rough to the touch.",Melanocytic Nevi
There's a patch on my back. It looks like a reddish mark. the center feels soft and tends to crust over. hasn't healed in over two months despite repeated scabbing.,Basal Cell Carcinoma
I have a scaly area on the back of my knuckles with hard and firm to the touch.,Viral Infections
I have a discolored spot on my shoulder. dry and rough to the touch. it's been there for several weeks. no real pain.,Psoriasis Lichen Planus
I've had a skin lesion on my arm for some time. rough-feeling in that spot. no real pain.,Melanocytic Nevi
I've got a ring-shaped rash with a raised scaly outer border and clearer skin in the middle between my toes.,Fungal Infections
"I've got a dark brown spot on my arm -- dry and rough to the touch -- and nothing unusual, it's just always been there",Melanocytic Nevi
"I have mild irritation, and there's a symmetric mole with a smooth, even border on my forearm.",Melanocytic Nevi
There's a patch on my arm. It looks like a discolored spot. dry and rough to the touch. it's been there for several weeks.,Benign Keratosis-like Lesions
A skin lesion on my scalp flares when my clothes rub against it.,Eczema
"I have a reddish-brown patch that gets worse in hot, humid weather near my knee and honestly it hasn't changed much",Fungal Infections
"Got a pink bump with a sunken center on my arm, flaky and thickened",Basal Cell Carcinoma
I developed a mole that has been visibly growing and changing over the past few months on my face that comes with mild irritation.,Melanoma
I've had bumps with a fine white lacy pattern on the surface on my shins for some time. rough and flaky. itching that can get severe.,Psoriasis Lichen Planus
There's skin that leaks clear fluid after scratching on my neck with fuzzy borders. feels dry and scaly to the touch. itching so bad it keeps me awake.,Atopic Dermatitis
I've had a skin lesion on my arm that it came on gradually.,Psoriasis Lichen Planus
"An inflamed patch, on my scalp, rough and gritty like sandpaper.",Benign Keratosis-like Lesions
I have bumps with a fine white lacy pattern on the surface on my ankles with rough and flaky.,Psoriasis Lichen Planus
My skin on my torso is doing something weird -- a rash that keeps expanding outward in a ring shape,Fungal Infections
"Something's going on on my forearm. It's dry, red inflamed patches. the skin there is leathery and thick. no significant pain.",Atopic Dermatitis
"When the weather changes, red, ring-shaped scaly patches on my hands gets worse.",Psoriasis Lichen Planus
Lately I've had an inflamed patch on my elbows and knees that comes with some mild discomfort.,Psoriasis Lichen Planus
Something showed up near my elbow. It's a growth that bleeds with fuzzy borders. flaky and thickened. mild itching.,Basal Cell Carcinoma
I have a rash that keeps expanding outward in a ring shape on my fingernail with dry and rough to the touch.,Fungal Infections
"The skin on my leg shows patches on the extensor surface -- the outside of my elbows and knees, and I've been dealing with no real pain.",Psoriasis Lichen Planus
"Got a rough, sandpaper-like patch near my elbow, rough-feeling in that spot",Benign Keratosis-like Lesions
A dark brown spot on my forearm. mild irritation.,Melanocytic Nevi
Skin irritation triggered by a certain soap or fabric on my fingers. feels crusty and dry.,Eczema
"There's scaly, irritated skin on my face.",Atopic Dermatitis
I've noticed occasional mild itching and there's scaly red patches on my arms. with fuzzy borders. has lasted for months without going away.,Psoriasis Lichen Planus
My skin on my fingernail is doing something weird -- a dry patch,Fungal Infections
"When I sweat, I get a bump that keeps bleeding even after a very minor bump or scrape on my scalp.",Basal Cell Carcinoma
"I've had a discolored spot on my leg for a while, with no real pain, but it bleeds a little sometimes.",Melanoma
"So on my forearm there's a reddish mark, and no significant pain",Eczema
"I've had raw, weeping patches that crust over as they heal on my arm for some time. dry and cracked to the touch. itching so bad it keeps me awake.",Eczema
"Got a rough-surfaced growth on my neck, waxy and slightly greasy to the touch",Seborrheic Keratoses
There's plaques appearing exactly where my skin was scratched or injured on my chest -- dry and rough to the touch -- that it's been there for several weeks.,Psoriasis Lichen Planus
"Lately I've had a flat, tan-colored mark on my face that comes with no itching or pain at all.",Melanocytic Nevi
"The cluster grew after I picked at it, a skin lesion on my hands gets worse.",Viral Infections
"I'm worried about a flat, reddish, scaly patch on my leg because it's been there for a while.",Basal Cell Carcinoma
"Something on my groin and inner thigh looks like a thick, yellowed, crumbly nail that's lifting off the nail bed and spread from one foot to the other",Fungal Infections
"I've got a perfectly round, evenly colored brown spot that hasn't changed at all on my neck -- smooth and flat against my skin -- and occasional mild itching",Melanocytic Nevi
"I've got a waxy, stuck-on looking growth on my arm -- rough and bumpy on the surface -- and no discomfort unless I scratch it",Seborrheic Keratoses
"It started as a mole with an uneven, asymmetrical shape on my chest. Now partly flat and partly raised within the same spot. it's been there for a while.",Melanoma
"I've had a waxy, 'stuck-on' looking growth that appears pasted onto the skin surface on my face that it showed up recently.",Seborrheic Keratoses
"Lately I've had a mole with several colors mixed in on my chest that comes with no real pain, but it bleeds a little sometimes.",Melanoma
I've noticed an inflamed patch on my back lately.,Atopic Dermatitis
A dry patch on my back. with fuzzy borders.,Seborrheic Keratoses
"Got a red patch on my shoulder and keeps bleeding, scabbing over, and then reopening",Basal Cell Carcinoma
"Something on my neck looks like cracked, dry skin and it hasn't changed much",Atopic Dermatitis
On my feet: patches on the extensor surface -- the outside of my elbows and knees. it came on gradually.,Psoriasis Lichen Planus
"I've got scaly, irritated skin near my elbow.",Atopic Dermatitis
It started as a dry patch on my shoulder. Now rough and flaky. it's been there for several weeks.,Viral Infections
Skin that breaks open and oozes when it flares showed up on my hands and it showed up recently,Eczema
I have red to brownish-gray patches on my fingers with poorly defined borders that fade into normal skin.,Eczema
"On areas that get a lot of sun exposure, no significant pain and a scaly spot that's tender when I rub it firmly on my hands appear.",Benign Keratosis-like Lesions
"I have occasional mild itching, and there's a small, round, evenly colored brown spot on my wrist.",Melanocytic Nevi
"The skin on my chest shows a brown to dark brown raised plaque with a greasy, waxy feel, and I've been dealing with mild itching.",Seborrheic Keratoses
A mole that started bleeding on its own without any injury on my wrist. it's been there for several weeks. no significant pain.,Melanoma
The skin on my scalp has changed. There's a pigmented spot now. smooth and flat against my skin. it hasn't changed much.,Melanocytic Nevi
A scaly area on my hands. it hasn't changed much. some mild discomfort.,Melanoma
Something's going on near my elbow. It's patches that ooze and crust. rough and leathery feeling. some mild discomfort.,Eczema
"The skin on my face has changed. There's a scaly, wart-like bump now. dry and rough to the touch. it hasn't changed much.",Seborrheic Keratoses
"Red, inflamed areas on my leg, mild itching, been there ages",Eczema
"On my leg: blistering skin that bursts and leaves raw, wet patches. it hasn't changed much.",Eczema
"I notice mild irritation when I use scented products. There's cracked, dry skin on my scalp.",Atopic Dermatitis
"I'm noticing a spot with irregular, notched borders on my wrist.",Melanoma
"A mole with an asymmetrical, uneven shape -- one half doesn't match the other on my chest, no significant pain.",Melanoma
"I've had thick red raised plaques on my hands for a while, with mild irritation.",Psoriasis Lichen Planus
I have a skin lesion on my feet with dry and scaly.,Melanocytic Nevi
I'm noticing a raised bump on my arm.,Melanocytic Nevi
Lately I've had a rough patch on my face that comes with no real pain.,Melanoma
"It started on an area that gets a lot of sun, a flat, reddish, scaly patch on my feet gets worse.",Basal Cell Carcinoma
"I have occasional mild itching, and there's athlete's foot causing cracked, peeling, white skin between my toes on my hands.",Fungal Infections
It started as an inflamed patch on my feet. Now dry and rough to the touch. it's been there for several weeks.,Seborrheic Keratoses
"There's a rough, sandpaper-like patch near my knee, feels dry and crusty when I run my finger over it, not sure what it is",Benign Keratosis-like Lesions
An inflamed patch showed up near my knee and it's been there for several weeks,Melanocytic Nevi
"When the weather changes, I get a perfectly round, evenly colored brown spot that hasn't changed at all on my chest.",Melanocytic Nevi
"I noticed a skin lesion on my ear, along with no real pain, just occasional bleeding after a minor bump.",Basal Cell Carcinoma
"Something showed up on my hands. It's a perfectly round, evenly colored brown spot that hasn't changed at all with smooth, perfectly regular borders. dry and rough to the touch. mild itching.",Melanocytic Nevi
Something on my arm looks like a rough patch and it hasn't changed much,Melanoma
A skin lesion on my shoulder. waxy and scar-like.,Basal Cell Carcinoma
I've had a raised bump on my feet that it's been there for a while.,Eczema
Lately I've had a slightly raised rough patch that bleeds lightly when I scratch it on my lower lip that comes with no significant pain.,Benign Keratosis-like Lesions
I've had a scaly area on my scalp that keeps returning in the same spots year after year.,Atopic Dermatitis
A raised bump showed up on my scalp a while back.,Atopic Dermatitis
"There's a rough patch on my scalp, and some mild discomfort.",Melanocytic Nevi
"I'm concerned about a scaly, wart-like bump on my wrist that it's been there for a while -- no real pain.",Seborrheic Keratoses
Got a scaly area on my wrist and it's been there for a while,Benign Keratosis-like Lesions
"Scaly, irritated skin on my back flares in cold, dry weather.",Atopic Dermatitis
A spot that's larger than a pencil eraser and keeps getting bigger on my shoulder. flaky and thickened.,Melanoma
"I've been watching a dry, crusty spot on a sun-damaged area that keeps peeling off and returning on my leg and it hasn't changed much. no real pain.",Benign Keratosis-like Lesions
The skin on my feet has changed. There's a mole that has been visibly growing and changing over the past few months now. rough-feeling in that spot. it hasn't changed much.,Melanoma
I noticed a mole that started bleeding on its own without any injury on my face. dry and rough to the touch. started as a small mole and has grown noticeably bigger.,Melanoma
"Something on my leg looks like a shiny, pearly bump with tiny visible blood vessels running through it and it showed up recently",Basal Cell Carcinoma
"I have a rough, cauliflower-like bump with tiny black dots on the surface on my leg. rough-feeling in that spot. it's been there for several weeks. occasional mild itching.",Viral Infections
"There's blistering skin that bursts and leaves raw, wet patches on my arm with somewhat defined edges. dry and rough to the touch. no significant pain.",Eczema
It started as a scaly area on my chest. Now rough-feeling in that spot. keeps coming back every winter when the air gets dry.,Eczema
I've noticed a rough patch on my shoulder lately.,Melanoma
Got skin prone to frequent infections from all the scratching on my wrists and it's been there for a while,Atopic Dermatitis
"I've got a perfectly round, evenly colored brown spot that hasn't changed at all on my shoulder -- flaky and thickened -- and mild itching",Melanocytic Nevi
"When I sweat, mild irritation and skin prone to frequent infections from all the scratching near my elbow appear.",Atopic Dermatitis
"I have occasional mild itching, along with a pigmented spot on my wrist with irregular edges.",Melanocytic Nevi
"So I've got athlete's foot causing cracked, peeling, white skin between my toes on my wrist, with some mild discomfort",Fungal Infections
"A flat, slightly rough patch darker than the surrounding skin on my back flares on areas that get a lot of sun exposure.",Benign Keratosis-like Lesions
"I've had a mole that has been visibly growing and changing over the past few months on my scalp for a while, with some mild discomfort.",Melanoma
I have a skin lesion on my arm with irregular edges.,Eczema
"There's a smooth, pearly bump with a small dimple in the center on my finger, and occasional itching around the bump.",Viral Infections
"Something doesn't look right near my knee: athlete's foot causing cracked, peeling, white skin between my toes with a clearly raised, scaly outer edge. rough and flaky.",Fungal Infections
A skin lesion on my arm. it's been there for a while. mild itching.,Benign Keratosis-like Lesions
Something near my elbow looks like a red patch and it showed up recently,Psoriasis Lichen Planus
I've had a mole that started bleeding on its own without any injury on my back that it hasn't changed much.,Melanoma
"I'm concerned about raw, weeping patches that crust over as they heal on my fingers that it showed up recently -- occasional mild itching.",Eczema
"I developed a rough, cauliflower-like bump with tiny black dots on the surface around my eyes that comes with mild itching.",Viral Infections
The skin on my leg has changed. There's a rough patch now. flaky and thickened. has been there for months without healing completely.,Benign Keratosis-like Lesions
"Weird a perfectly round, evenly colored brown spot that hasn't changed at all on my wrist, dry and scaly, no clue what it is",Melanocytic Nevi
I have a reddish mark on my forearm.,Psoriasis Lichen Planus
"I've got raw, inflamed skin on my arm.",Eczema
"I've noticed no significant pain and there's a waxy, scar-like area on my leg. with a rolled, slightly raised outer edge. it hasn't changed much.",Basal Cell Carcinoma
I've had a ring-shaped rash with a raised scaly outer border and clearer skin in the middle near my elbow for some time. flaky and thickened. occasional mild itching.,Fungal Infections
"Something's going on on my hands. It's raw, inflamed skin. dry and scaly. intense itching that gets worse at night.",Eczema
It started as a flat-topped warty bump that keeps multiplying on my wrist. Now dry and rough to the touch. it's been there for several weeks.,Viral Infections
"I have mild irritation, and there's a shiny, pearly bump with tiny visible blood vessels running through it on my feet.",Basal Cell Carcinoma
"So I've got bumps with a fine white lacy pattern on the surface on my forearm, with mild irritation",Psoriasis Lichen Planus
"A waxy, 'stuck-on' looking growth that appears pasted onto the skin surface on my face, mild irritation.",Seborrheic Keratoses
"A shiny, pearly bump with tiny visible blood vessels running through it showed up on my scalp and it hasn't changed much",Basal Cell Carcinoma
"Something doesn't look right on my neck: a rough patch with an indistinct, difficult-to-define edge. the center feels soft and tends to crust over.",Basal Cell Carcinoma
"I have no pain at all, just an odd texture, and there's a flat-topped warty bump that keeps multiplying on my scalp.",Viral Infections
A rough-surfaced growth on my lower lip. feels tender when pressed.,Benign Keratosis-like Lesions
"A thin, thread-like skin tag growing on my eyelid on the back of my knuckles flares when the weather changes.",Viral Infections
"Something doesn't look right on my forearm: dry, scaly skin with very sharply defined, distinct edges. thick and plaque-like.",Psoriasis Lichen Planus
There's a growth that looks like it could be lifted off with a fingernail on my leg -- rough and flaky -- that it showed up recently.,Seborrheic Keratoses
I have thick red raised plaques near my knee with dry and scaly.,Psoriasis Lichen Planus
"Something's going on on my leg. It's a smooth, symmetric mole. flaky and thickened. no real pain.",Melanocytic Nevi
I notice occasional mild itching when the weather changes. There's a dry patch on my shins.,Psoriasis Lichen Planus
Small flat-topped shiny purplish bumps appeared on my scalp a while ago. with irregular edges. rough-feeling in that spot. it showed up recently.,Psoriasis Lichen Planus
"I'm worried about an open sore that bleeds, scabs over, and then reopens a few weeks later near my knee because it came on gradually.",Basal Cell Carcinoma
"Mild itching -- a flat, reddish, scaly patch on my shoulder.",Basal Cell Carcinoma
There's patches that ooze clear fluid when I scratch on my face.,Eczema
"A flat, reddish, scaly patch appeared on my wrist a while ago. with somewhat defined edges. rough-feeling in that spot. it hasn't changed much.",Basal Cell Carcinoma
"I have blistering skin that bursts and leaves raw, wet patches on my leg, and dry and cracked to the touch.",Eczema
I'm noticing a pigmented spot on my shoulder.,Melanocytic Nevi
"I've noticed mild itching and there's a reddish mark on my wrist. with very sharply defined, distinct edges. it's been there for a while.",Psoriasis Lichen Planus
Something showed up on my eyelids. It's small fluid-filled bumps with irregular edges. flaky and thickened. mild irritation.,Eczema
"Red, ring-shaped scaly patches on my feet. flaky when I run my hand over it.",Psoriasis Lichen Planus
I'm not sure what a red patch on my arm is -- smooth and flat against my skin and no significant pain.,Melanocytic Nevi
"There's a red patch on my arm with irregular edges, and dry and rough to the touch.",Viral Infections
"A skin lesion on my neck, mild irritation.",Basal Cell Carcinoma
"A dry patch on my wrists, intense itching that wakes me up at night.",Atopic Dermatitis
"I have a scaly, wart-like bump near my elbow.",Seborrheic Keratoses
"When the weather changes, I get a flat, tan-colored mark on my feet.",Melanocytic Nevi
"There's thick silvery-white scales that flake off in sheets on my shins, and occasional mild itching.",Psoriasis Lichen Planus
A dry patch on my scalp. with jagged edges that look ragged.,Melanoma
Small circular bald patches on my scalp on my back flares in hot and humid weather.,Fungal Infections
"I have a pink bump with a sunken center on my chest. the center feels soft and tends to crust over. keeps bleeding, scabbing over, and then reopening. no real pain.",Basal Cell Carcinoma
I'm concerned about a hard lump with visible black specks that look like seeds on my chest that has stayed about the same size for weeks -- mild itching.,Viral Infections
An inflamed patch showed up on my feet and it hasn't changed much,Melanocytic Nevi
"There's a flat-topped warty bump that keeps multiplying on my wrist with somewhat defined edges, and rough like sandpaper on the surface.",Viral Infections
"When my clothes rub against it, I get a rough patch on my forearm.",Seborrheic Keratoses
Something showed up on my feet. It's scaly red patches with somewhat defined edges. rough and flaky. no significant pain.,Psoriasis Lichen Planus
"So I've got a skin lesion on my chest, with itching so bad it keeps me awake",Atopic Dermatitis
"I have no itching or pain at all, along with a symmetric mole with a smooth, even border on my chest with irregular edges.",Melanocytic Nevi
I have an itch that triggers before any visible rash appears on the folds of my elbows and knees with poorly defined edges.,Atopic Dermatitis
"So I've got a rough patch on my chest, with mild irritation",Melanoma
"There's thick red raised plaques on my scalp with precise, punched-out looking borders. flaky and rough. occasional mild itching.",Psoriasis Lichen Planus
"I've got red, inflamed areas on my hands -- flaky and rough -- and itchy and irritated",Eczema
"So I've got a reddish mark on my chest, with itching so bad it keeps me awake",Eczema
"I noticed a pigmented spot on my scalp, along with occasional mild itching.",Melanoma
"My skin on my neck is doing something weird -- a mole with multiple colors -- brown, black, red, and even some pale areas",Melanoma
"I have occasional mild itching, and there's a red patch on my forearms.",Benign Keratosis-like Lesions
"I've had no real pain for a while now. There's a flat, reddish, scaly patch on my nose with an indistinct, difficult-to-define edge.",Basal Cell Carcinoma
My skin on my armpit is doing something weird -- a small rough bump,Viral Infections
"An open sore that won't fully heal on my neck, no real pain, been there ages",Basal Cell Carcinoma
I have a red patch on my eyelids with rough-feeling in that spot.,Eczema
"Mild irritation -- a thick, yellowed, crumbly nail that's lifting off the nail bed on my chest.",Fungal Infections
"So on my shoulder there's a flat, pink-red scaly patch with a gritty texture on my sun-exposed skin, and mild itching",Benign Keratosis-like Lesions
"When the weather changes, I get a single-colored mole that looks exactly the same as it did years ago on my arm.",Melanocytic Nevi
"A mole with several colors mixed in on my scalp. no real pain, but it bleeds a little sometimes.",Melanoma
"My skin on my face is doing something weird -- patches with blurry, ill-defined edges that spread gradually",Eczema
"Weird an open sore that won't fully heal on my back, rough-feeling in that spot, no clue what it is",Basal Cell Carcinoma
"I've had dry, scaly skin on my scalp for a while, with occasional mild itching.",Psoriasis Lichen Planus
"There's a patch on my chest. It looks like a rough, sandpaper-like patch that feels much rougher than it looks. dry and rough to the touch. it's been there for a while.",Benign Keratosis-like Lesions
"I have a thin, thread-like skin tag growing on my eyelid on my face with somewhat defined edges.",Viral Infections
"I've been watching a flat, pink-red scaly patch with a gritty texture on my sun-exposed skin on my lower lip and it hasn't changed much. some mild discomfort.",Benign Keratosis-like Lesions
I have small circular bald patches on my scalp on my scalp.,Fungal Infections
I've had no real pain for a while now. There's a red patch on my shoulder with fuzzy borders.,Psoriasis Lichen Planus
"Something showed up on my chest. It's a waxy, scar-like flat patch with an indistinct border with irregular edges. dry and rough to the touch. no real pain.",Basal Cell Carcinoma
I developed patches that ooze clear fluid when I scratch on my back that comes with no significant pain.,Eczema
"A flat, slightly rough patch darker than the surrounding skin on my scalp. it's been there for a while. mild irritation.",Benign Keratosis-like Lesions
"I've had mild irritation for a while now. There's a flat, slightly rough patch darker than the surrounding skin on my wrist with fuzzy borders.",Benign Keratosis-like Lesions
It started as patches on the extensor surface -- the outside of my elbows and knees on my wrists. Now rough-feeling in that spot. it showed up recently.,Psoriasis Lichen Planus
"Got cracked, dry skin that stings on the back of my hands and keeps coming back every winter when the air gets dry",Eczema
"Blistering skin that bursts and leaves raw, wet patches near my knee, occasional mild itching, been there ages",Eczema
"A flat, pink-red scaly patch with a gritty texture on my sun-exposed skin on my leg, mild irritation, been there ages",Benign Keratosis-like Lesions
"Weird scaly, irritated skin around my eyes, dry and rough to the touch, no clue what it is",Atopic Dermatitis
"My skin on my shoulder has been off. a mole with an uneven, asymmetrical shape. partly flat and partly raised within the same spot. some mild discomfort.",Melanoma
"A rough, sandpaper-like patch that feels much rougher than it looks on my arm. no real pain.",Benign Keratosis-like Lesions
"A red patch on my scalp. with irregular, notched, uneven borders.",Melanoma
My skin near my elbow has been off. a skin lesion. flaky and thickened. no significant pain.,Melanoma
A red patch on my shoulder flares when I sweat.,Seborrheic Keratoses
I've noticed itching and occasional soreness around it and there's a mole that started bleeding on its own without any injury on my wrist. with jagged edges that look ragged. it came on gradually.,Melanoma
There's skin that leaks clear fluid after scratching on my back with blurry borders that blend into surrounding skin. dry and rough to the touch. some mild discomfort.,Atopic Dermatitis
A dark spot that's been changing showed up on my scalp and it's been there for several weeks,Melanoma
"There's cracked, dry skin on my scalp, flaky and thickened, not sure what it is",Atopic Dermatitis
Got a scaly area near my elbow and it's been there for a while,Eczema
"Skin that weeps and crusts over on my shoulder, mild itching.",Eczema
There's a discolored spot on my scalp.,Benign Keratosis-like Lesions
"Something showed up on my hands. It's cracked, peeling skin with somewhat defined edges. rough around the border, softer in the center. mild itching.",Fungal Infections
"When my clothes rub against it, a flat, reddish, scaly patch on my wrist gets worse.",Basal Cell Carcinoma
"I have a small, shiny, pearly bump on my wrist.",Basal Cell Carcinoma
"When the weather changes, occasional itching around the bump and a smooth, pearly bump with a small dimple in the center on my armpit appear.",Viral Infections
The skin on my chest has changed. There's a scaly area now. feels different from my other moles. it's been there for a while.,Melanoma
"I've had a small, round, evenly colored brown spot near my knee that it came on gradually.",Melanocytic Nevi
"A skin lesion on my chest. it's been there for several weeks. no discomfort, it just won't go away.",Basal Cell Carcinoma
My skin on my scalp is doing something weird -- scaly red patches,Psoriasis Lichen Planus
"The skin on my feet has changed. There's a shiny, pearly bump with tiny visible blood vessels running through it now. rough and flaky. it showed up recently.",Basal Cell Carcinoma
"There's a patch on my shoulder. It looks like a scaly, wart-like bump. rough and flaky. it came on gradually.",Seborrheic Keratoses
"On my forearm: a smooth, symmetric mole. has been there since I was a kid and never changed.",Melanocytic Nevi
"I've had a shiny, pearly bump with tiny visible blood vessels running through it on my hands for a while, with no real pain.",Basal Cell Carcinoma
"Got a warty, barnacle-like bump with a rough, pitted surface on my trunk and it came on gradually",Seborrheic Keratoses
It started as a cluster of small flesh-colored bumps on my wrist. Now rough and flaky. it came on gradually.,Viral Infections
"There's a discolored spot on my wrist, rough and flaky, not sure what it is",Basal Cell Carcinoma
"I've been watching cracked, peeling skin on my groin and inner thigh and spread from one foot to the other. burning between my toes.",Fungal Infections
"Something showed up near my knee. It's sharply defined plaques with very clear, distinct edges with somewhat defined edges. flaky and rough. some mild discomfort.",Psoriasis Lichen Planus
I developed red patches with silvery-white scales on my scalp that comes with a stinging sensation where the skin cracks at the edges.,Psoriasis Lichen Planus
There's a red patch on my neck.,Atopic Dermatitis
"I have some mild discomfort, and there's a discolored spot on my forearm.",Eczema
"I've noticed mild irritation but nothing painful and there's a waxy, scar-like area on my hands. with translucent, blurry borders. keeps bleeding, scabbing over, and then reopening.",Basal Cell Carcinoma
I'm concerned about a raised bump near my knee that spreads a bit more every time I scratch it -- some mild discomfort.,Eczema
"There's a waxy, scar-like area on my nose -- waxy and scar-like -- that has been slowly growing over several months.",Basal Cell Carcinoma
"Something showed up near my elbow. It's a symmetric mole with a smooth, even border with an even, clearly defined edge. rough-feeling in that spot. no real pain.",Melanocytic Nevi
"I have some mild discomfort, along with an inflamed patch on my wrist with precise, punched-out looking borders.",Psoriasis Lichen Planus
"The skin on my wrist shows a waxy, scar-like flat patch with an indistinct border, and I've been dealing with no significant pain.",Basal Cell Carcinoma
"I have a waxy, scar-like area on my scalp with an indistinct, difficult-to-define edge.",Basal Cell Carcinoma
I notice mild itching when the weather changes. There's a reddish mark on my back.,Melanocytic Nevi
I've got a flat-topped warty bump that keeps multiplying near my knee.,Viral Infections
Something's going on near my elbow. It's a dry patch. rough and flaky. mild irritation.,Melanocytic Nevi
I've noticed a slightly raised rough patch that bleeds lightly when I scratch it on my scalp lately.,Benign Keratosis-like Lesions
I'm worried about a circular scaly rash on my back because keeps expanding outward from the center.,Fungal Infections
My skin on my forearm is doing something weird -- skin that breaks open and oozes when it flares,Eczema
"So on my hands there's an inflamed patch, and no significant pain",Atopic Dermatitis
"I'm not sure what a waxy, 'stuck-on' looking growth that appears pasted onto the skin surface on my neck is -- rough and bumpy on the surface and no pain, just occasional mild itching if clothing rubs it.",Seborrheic Keratoses
"Mild itching -- a perfectly round, evenly colored brown spot that hasn't changed at all on my feet.",Melanocytic Nevi
I've been watching a pigmented spot on my wrist and has been there since I was a kid and never changed. no real pain.,Melanocytic Nevi
"Got an inflamed patch on my cheek, flaky and thickened",Basal Cell Carcinoma
I'm concerned about a spot that's larger than a pencil eraser and keeps getting bigger on my forearm that it's been there for several weeks -- no significant pain.,Melanoma
"On my wrist: a perfectly round, evenly colored brown spot that hasn't changed at all. hasn't changed in size, shape, or color.",Melanocytic Nevi
Some mild discomfort -- small flat-topped shiny purplish bumps near my elbow.,Psoriasis Lichen Planus
I have skin that breaks open and oozes when it flares on my leg with dry and rough to the touch.,Eczema
"Got a rough patch on my wrist, rough-feeling in that spot",Eczema
Skin prone to frequent infections from all the scratching showed up on my wrist and it showed up recently,Atopic Dermatitis
I've been watching a discolored spot on my ear and it's been there for several weeks. mild itching.,Basal Cell Carcinoma
I've had a raised bump on my feet that it's been there for a while.,Psoriasis Lichen Planus
"There's raw, weeping patches that crust over as they heal on my back -- feels crusty and dry -- that it came on gradually.",Eczema
I have a discolored spot on my leg with fuzzy borders.,Seborrheic Keratoses
I have pinpoint bleeding spots when the scale is removed on my scalp. rough-feeling in that spot. has lasted for months without going away. no significant pain.,Psoriasis Lichen Planus
There's an inflamed patch on my feet with poorly defined edges. the skin there is leathery and thick. constant urge to scratch that never really goes away.,Atopic Dermatitis
I have a scaly spot that's tender when I rub it firmly near my knee with flaky and thickened.,Benign Keratosis-like Lesions
"I'm worried about cracked, dry skin on my scalp because it's been there for several weeks.",Atopic Dermatitis
"I notice occasional mild itching no particular trigger, it just appeared gradually. There's a waxy, stuck-on looking growth on my scalp.",Seborrheic Keratoses
"I've had a dark brown spot on my arm for a while, with itching and occasional soreness around it.",Melanoma
"Lately I've had a round, well-defined growth on my face that comes with mild irritation.",Seborrheic Keratoses
I have a skin lesion on my forearm with rough and flaky.,Atopic Dermatitis
"I've had a mole with an asymmetrical, uneven shape -- one half doesn't match the other on my chest that started as a small mole and has grown noticeably bigger.",Melanoma
"When the weather changes, patches on the extensor surface -- the outside of my elbows and knees on my forearm gets worse.",Psoriasis Lichen Planus
"The skin on my neck has changed. There's dry, itchy patches that have been recurring since childhood now. flaky and thickened. gets noticeably worse in cold, dry weather.",Atopic Dermatitis
"There's a waxy, scar-like flat patch with an indistinct border on my shoulder with irregular edges. smooth and shiny on the surface. no discomfort, it just won't go away.",Basal Cell Carcinoma
I've noticed no significant pain and there's a dark spot that's been changing on my face. with fuzzy borders. it hasn't changed much.,Melanoma
"I'm concerned about a smooth, symmetric mole near my elbow that stays exactly the same -- mild irritation.",Melanocytic Nevi
There's a scaly spot that's tender when I rub it firmly on my chest with fuzzy borders. dry and scaly. occasional itching.,Benign Keratosis-like Lesions
"A reddish mark, on my scalp, dry and rough to the touch.",Atopic Dermatitis
"A rough, sandpaper-like patch that feels much rougher than it looks appeared on my shoulder a while ago. with irregular edges. dry and scaly. it came on gradually.",Benign Keratosis-like Lesions
"I have no pain, just a rough texture I can feel, along with a scaly spot that's tender when I rub it firmly on my ears with a somewhat irregular, flat border.",Benign Keratosis-like Lesions
I'm noticing a dry patch on my feet.,Basal Cell Carcinoma
"There's a shiny, pearly bump with tiny visible blood vessels running through it on my face, flaky and thickened, not sure what it is",Basal Cell Carcinoma
I've had a rough patch near my knee that it came on gradually.,Fungal Infections
"So I've got a pink growth with a slightly sunken, crater-like center on my scalp, with mild irritation",Basal Cell Carcinoma
There's a raised bump on my shins -- rough-feeling in that spot -- and no real pain.,Psoriasis Lichen Planus
I've noticed no real pain and there's a scaly area on my hands. with fuzzy borders. it showed up recently.,Fungal Infections
"Got a small rough bump near my knee, rough and irregular",Viral Infections
"Got cracked, peeling skin on my torso, crumbly and brittle on the nail",Fungal Infections
"A thick, yellowed, crumbly nail that's lifting off the nail bed on my chest. with fuzzy borders.",Fungal Infections
"When my feet stay damp in sweaty shoes, a rash that keeps expanding outward in a ring shape on my shoulder gets worse.",Fungal Infections
"The skin on my scalp shows a thick, yellowed, crumbly nail that's lifting off the nail bed, and I've been dealing with mild itching.",Fungal Infections
A circular scaly rash between my toes. it showed up recently. mild itching.,Fungal Infections
I've got a skin lesion on my back.,Viral Infections
"On my neck: a scaly, wart-like bump. it hasn't changed much.",Seborrheic Keratoses
"Sharply defined, scaly plaques showed up on my arm and it's been there for a while",Psoriasis Lichen Planus
"There's patches with blurry, ill-defined edges that spread gradually on my wrists -- the skin there is thickened from years of scratching -- that it hasn't changed much.",Eczema
"When the weather changes, scaly, irritated skin on my chest gets worse.",Atopic Dermatitis
"I've had an open sore that bleeds, scabs over, and then reopens a few weeks later on my neck for some time. rough and flaky. occasional mild itching.",Basal Cell Carcinoma
"Got skin prone to frequent infections from all the scratching on my neck, dry and rough to the touch",Atopic Dermatitis
"A waxy, 'stuck-on' looking growth that appears pasted onto the skin surface on my chest. it came on gradually. no pain, just occasional mild itching if clothing rubs it.",Seborrheic Keratoses
I've got a plantar wart on my heel that hurts when I walk on my feet -- flaky and thickened -- and some mild discomfort,Viral Infections
"I noticed a skin lesion on my wrist, along with no significant pain.",Psoriasis Lichen Planus
There's a raised bump on my face with somewhat defined edges. flaky and thickened. mild itching.,Viral Infections
Something near my elbow looks like skin irritation triggered by a certain soap or fabric and it showed up recently,Eczema
I noticed an inflamed patch on my chest. flaky and thickened. it's been there for several weeks.,Melanocytic Nevi
"I notice mild irritation when my clothes rub against it. There's a rough, sandpaper-like patch that feels much rougher than it looks on my hands.",Benign Keratosis-like Lesions
"When the weather changes, a scaly area on my chest gets worse.",Melanocytic Nevi
"Something's going on on my groin and inner thigh. It's athlete's foot causing cracked, peeling, white skin between my toes. soft and macerated where skin touches skin. occasional mild itching.",Fungal Infections
"I have a smooth, pearly bump with a small dimple in the center on my neck. flaky and thickened. showed up suddenly and multiplied into several bumps. no real pain.",Viral Infections
"I have a dry patch near my knee, and rough and flaky.",Melanocytic Nevi
"When I wear synthetic fabrics, I get a rough patch on my wrists.",Eczema
"I noticed a hard, rough-surfaced growth on my forearm. rough-feeling in that spot. keeps spreading into a small cluster.",Viral Infections
"Lately I've had raw, weeping patches that crust over as they heal near my elbow that comes with severe itching I can barely control.",Eczema
A raised bump on my scalp. with irregular edges.,Viral Infections
I have bumps with a fine white lacy pattern on the surface on my scalp with irregular edges.,Psoriasis Lichen Planus
I have a reddish mark on my back with somewhat defined edges.,Melanoma
On my wrists: red to brownish-gray patches. flares and then settles down.,Eczema
"Got a smooth, symmetric mole on my neck, smooth and flat against my skin",Melanocytic Nevi
"I have an open sore that bleeds, scabs over, and then reopens a few weeks later on my face. dry and rough to the touch. has been slowly growing over several months. mild itching.",Basal Cell Carcinoma
I noticed a rough patch on the back of my knuckles. smooth with a central dimple. it hasn't changed much.,Viral Infections
Something showed up on my scalp. It's pinpoint bleeding spots when the scale is removed with fuzzy borders. dry and rough to the touch. occasional mild itching.,Psoriasis Lichen Planus
Something on my stomach looks like a single-colored mole that looks exactly the same as it did years ago and it's been there for several weeks,Melanocytic Nevi
"There's a flat-topped warty bump that keeps multiplying on my forearm, rough and flaky, not sure what it is",Viral Infections
"On my face: a brown to dark brown raised plaque with a greasy, waxy feel. stayed the same size for a long time but got darker recently.",Seborrheic Keratoses
"When I sweat, occasional mild itching and a dry patch near my elbow appear.",Atopic Dermatitis
On my scalp: an inflamed patch. hasn't healed in over two months despite repeated scabbing.,Basal Cell Carcinoma
Got a discolored spot on my wrist and grew alongside several similar spots in the same area,Seborrheic Keratoses
"So on my face there's a skin lesion, and mild irritation",Seborrheic Keratoses
A reddish mark appeared on my leg a while ago. with irregular edges. dry and scaly. it's been there for a while.,Atopic Dermatitis
"I have occasional mild itching, along with a rough patch on my back with fuzzy borders.",Psoriasis Lichen Planus
"So on my back there's a warty, barnacle-like bump with a rough, pitted surface, and no significant pain",Seborrheic Keratoses
A reddish mark on my leg. started as a small mole and has grown noticeably bigger. some mild discomfort.,Melanoma
"The skin on my back shows a slightly raised rough patch that bleeds lightly when I scratch it, and I've been dealing with tenderness when I press on it.",Benign Keratosis-like Lesions
I've got a flat-topped warty bump that keeps multiplying on my neck -- flaky and thickened -- and occasional mild itching,Viral Infections
"There's a small, shiny, pearly bump on my cheek with somewhat defined edges. rough and flaky. no real pain.",Basal Cell Carcinoma
"I have a discolored spot on my wrist, and soft and macerated where skin touches skin.",Fungal Infections
I've had mild irritation for a while now. There's a dry patch on my scalp with fuzzy borders.,Melanoma
There's a scaly area on my back.,Atopic Dermatitis
"I noticed a flat-topped warty bump that keeps multiplying on the sole of my foot, along with occasional mild itching.",Viral Infections
"I noticed a scaly area on my neck, along with occasional mild itching.",Basal Cell Carcinoma
"Weird a shiny, pearly bump with tiny visible blood vessels running through it on my neck, rough-feeling in that spot, no clue what it is",Basal Cell Carcinoma
"I've had a soft, dome-shaped mole that's been stable for as long as I can remember near my knee for a while, with no discomfort whatsoever.",Melanocytic Nevi
"When the weather changes, no significant pain and a warty, barnacle-like bump with a rough, pitted surface on my forearm appear.",Seborrheic Keratoses
My skin near my knee has been off. an inflamed patch. dry and scaly. no real pain.,Psoriasis Lichen Planus
"I've been watching blistering skin that bursts and leaves raw, wet patches on my neck and flares and then settles down. mild itching.",Eczema
I'm noticing a growth that bleeds on my forehead.,Basal Cell Carcinoma
I have a ring-shaped rash with a raised scaly outer border and clearer skin in the middle on my torso.,Fungal Infections
"Red, inflamed areas on my neck flares when I sweat.",Atopic Dermatitis
I'm worried about thick silvery-white scales that flake off in sheets on my shoulder because it's been there for several weeks.,Psoriasis Lichen Planus
"On my shoulder: a slightly raised, uniform-colored bump. has been there since I was a kid and never changed.",Melanocytic Nevi
A single-colored mole that looks exactly the same as it did years ago on my stomach. it showed up recently. some mild discomfort.,Melanocytic Nevi
My skin on my wrist is doing something weird -- a mole with several colors mixed in,Melanoma
I developed a raised bump on my hands that comes with mild irritation.,Seborrheic Keratoses
I developed a scaly spot that's tender when I rub it firmly on my back that comes with mild irritation.,Benign Keratosis-like Lesions
"I have painful when I put weight on it, along with a thin, thread-like skin tag growing on my eyelid on my leg with fuzzy borders.",Viral Infections
Got a mole that has been visibly growing and changing over the past few months on my arm and started as a small mole and has grown noticeably bigger,Melanoma
"I have dry, scaly skin on my wrist with dry and rough to the touch.",Psoriasis Lichen Planus
"I have patches with blurry, ill-defined edges that spread gradually near my elbow with flaky and rough.",Eczema
Patches on the extensor surface -- the outside of my elbows and knees on my forearm. no significant pain.,Psoriasis Lichen Planus
"Something doesn't look right on my scalp: a small, dry, crusty spot with irregular edges. flaky and thickened.",Benign Keratosis-like Lesions
Something showed up on my chest. It's thick red raised plaques with irregular edges. dry and scaly. no significant pain.,Psoriasis Lichen Planus
There's a tan to dark brown growth that looks thicker and greasier than a normal mole on my face with irregular edges. dry and scaly. no real pain.,Seborrheic Keratoses
I have a skin lesion on the sole of my foot with fuzzy borders.,Fungal Infections
"There's an inflamed patch near my knee, and some mild discomfort.",Basal Cell Carcinoma
"I've had a rough, cauliflower-like bump with tiny black dots on the surface on my face for a while, with occasional mild itching.",Viral Infections
"I have a mole with an asymmetrical, uneven shape -- one half doesn't match the other near my elbow, and partly flat and partly raised within the same spot.",Melanoma
"Lately I've had a reddish-brown patch that gets worse in hot, humid weather on my leg that comes with no real pain.",Fungal Infections
"A reddish mark appeared on my cheeks a while ago. with somewhat defined edges. rough and flaky. gets noticeably worse in cold, dry weather.",Atopic Dermatitis
"On my neck: a shiny, pearly bump with tiny visible blood vessels running through it. it hasn't changed much.",Basal Cell Carcinoma
On my back: patches on the extensor surface -- the outside of my elbows and knees. keeps flaking off no matter what I do.,Psoriasis Lichen Planus
"There's a rash that keeps expanding outward in a ring shape on my scalp, and a stinging feeling especially after sweating.",Fungal Infections
I've noticed a red patch on my leg lately.,Melanoma
A dark brown spot on my back. rough-feeling in that spot.,Melanocytic Nevi
"A flat-topped warty bump that keeps multiplying appeared on the sole of my foot a while ago. with distinct, punched-out looking edges. dry and rough to the touch. has stayed about the same size for weeks.",Viral Infections
"So I've got a waxy, 'stuck-on' looking growth that appears pasted onto the skin surface on my wrist, with no discomfort unless I scratch it",Seborrheic Keratoses
"I have a smooth, pearly bump with a small dimple in the center on my hands with fuzzy borders.",Viral Infections
I've had a flat-topped warty bump that keeps multiplying on my back that it hasn't changed much.,Viral Infections
"Something showed up on my arm. It's a red patch with a rolled, slightly raised outer edge. rough and flaky. no real pain.",Basal Cell Carcinoma
"There's a flat, slightly rough patch darker than the surrounding skin on my hands with irregular edges, and rough and flaky.",Benign Keratosis-like Lesions
"There's a dark brown spot on my forearm with somewhat defined edges, and even and smooth to the touch.",Melanocytic Nevi
Small circular bald patches on my scalp appeared between my toes a while ago. with somewhat defined edges. flaky and thickened. hasn't cleared up even after several weeks.,Fungal Infections
"Weird a small, uniform dark brown spot with no irregular areas on my scalp, rough and flaky, no clue what it is",Melanocytic Nevi
"I've noticed a raised, warty growth near my elbow lately.",Viral Infections
On my arm: a growth that looks like it could be lifted off with a fingernail. it hasn't changed much.,Seborrheic Keratoses
"I have a rough, cauliflower-like bump with tiny black dots on the surface on my back.",Viral Infections
"So on my back there's skin prone to frequent infections from all the scratching, and constant urge to scratch that never really goes away",Atopic Dermatitis
"The skin on my shoulder shows skin irritation triggered by a certain soap or fabric, and I've been dealing with occasional mild itching.",Eczema
"When the weather changes, I get a waxy, scar-like flat patch with an indistinct border on my shoulder.",Basal Cell Carcinoma
"I have a thin, thread-like skin tag growing on my eyelid on my wrist.",Viral Infections
My skin on my toenail has been off. a raised bump. soft and macerated where skin touches skin. occasional mild itching.,Fungal Infections
There's an inflamed patch near my knee -- feels different from my other moles -- and mild irritation.,Melanoma
"Something doesn't look right on my face: a dry, crusty spot on a sun-damaged area that keeps peeling off and returning with fuzzy borders. rough and flaky.",Benign Keratosis-like Lesions
Occasional mild itching -- a reddish mark on my scalp.,Seborrheic Keratoses
"I've had a skin lesion on my arm for a while, with no discomfort whatsoever.",Melanocytic Nevi
"There's a patch on my trunk. It looks like a waxy, 'stuck-on' looking growth that appears pasted onto the skin surface. rough-feeling in that spot. it came on gradually.",Seborrheic Keratoses
"Something doesn't look right on my neck: a round, well-defined growth with fuzzy borders. flaky and thickened.",Seborrheic Keratoses
I have scaly red patches on my scalp with fuzzy borders.,Psoriasis Lichen Planus
"Weird a dry patch on my face, flaky and thickened, no clue what it is",Melanocytic Nevi
I noticed pinpoint bleeding spots when the scale is removed on my face. flaky and rough. it came on gradually.,Psoriasis Lichen Planus
"I've had a dark spot that's been changing on my face for a while, with itching and occasional soreness around it.",Melanoma
The skin on my leg has changed. There's a dry patch now. slightly raised but soft. has been completely stable.,Melanocytic Nevi
I'm concerned about small circular bald patches on my scalp near my elbow that it's been there for a while -- some mild discomfort.,Fungal Infections
"Got plaques appearing exactly where my skin was scratched or injured on my arm, covered in thick silvery scales",Psoriasis Lichen Planus
There's a hereditary skin condition -- my sibling has it too on my neck -- dry and cracked to the touch -- that it's been there for a while.,Atopic Dermatitis
"My skin on my leg has been off. a rough, cauliflower-like bump with tiny black dots on the surface. rough and flaky. mild irritation.",Viral Infections
I'm not sure what a dry patch on my scalp is -- feels rough and raised and itching that can get severe.,Psoriasis Lichen Planus
Something's going on on my chest. It's a flat-topped warty bump that keeps multiplying. rough and irregular. no significant pain.,Viral Infections
I have a rough patch on my chest with dry and scaly.,Melanocytic Nevi
My skin on my scalp is doing something weird -- a scaly area,Benign Keratosis-like Lesions
"There's an inflamed patch on my trunk, rough and flaky, not sure what it is",Seborrheic Keratoses
An open sore that won't fully heal on my arm flares when my clothes rub against it.,Basal Cell Carcinoma
"My skin on my hands has been off. patches with blurry, ill-defined edges that spread gradually. dry and scaly. no real pain.",Eczema
Something doesn't look right on my shoulder: a single-colored mole that looks exactly the same as it did years ago with somewhat defined edges. rough and flaky.,Melanocytic Nevi
"A slightly raised, uniform-colored bump appeared on my feet a while ago. with fuzzy borders. dry and rough to the touch. it showed up recently.",Melanocytic Nevi
"I have white, scaly patches on my forearm and honestly it came on gradually",Fungal Infections
I notice no significant pain when I sweat. There's a scaly spot that's tender when I rub it firmly on the back of my hands.,Benign Keratosis-like Lesions
It started as a raised bump on my shoulder. Now soft and macerated where skin touches skin. it's been there for several weeks.,Fungal Infections
"I've got a pink growth with a slightly sunken, crater-like center on my wrist.",Basal Cell Carcinoma
"When my clothes rub against it, I get a symmetric mole with a smooth, even border on my forearm.",Melanocytic Nevi
"I have thick silvery-white scales that flake off in sheets on my hands, and flaky and thickened.",Psoriasis Lichen Planus
A dark brown spot on my shoulder. with fuzzy borders.,Melanocytic Nevi
"A mole with multiple colors -- brown, black, red, and even some pale areas appeared on my scalp a while ago. with an asymmetric, non-circular outline. partly flat and partly raised within the same spot. it came on gradually.",Melanoma
"I'm concerned about a warty, barnacle-like bump with a rough, pitted surface on my trunk that it came on gradually -- occasional mild itching.",Seborrheic Keratoses
"I noticed dry, red inflamed patches on my back. feels dry and scaly to the touch. it's been there for a while.",Atopic Dermatitis
"I have a scaly area on my arm, and rough-feeling in that spot.",Viral Infections
I have a rough patch near my elbow with rough and flaky.,Seborrheic Keratoses
"Weird a flat, pink-red scaly patch with a gritty texture on my sun-exposed skin near my knee, flaky and thickened, no clue what it is",Benign Keratosis-like Lesions
"When my clothes rub against it, skin that leaks clear fluid after scratching on my shoulder gets worse.",Atopic Dermatitis
There's a patch on my neck. It looks like a raised bump. flaky and thickened. grew slowly over several months.,Viral Infections
"I've noticed a thick, yellowed, crumbly nail that's lifting off the nail bed near my elbow lately.",Fungal Infections
"I have no real pain, and there's a pink growth with a slightly sunken, crater-like center on my shoulder.",Basal Cell Carcinoma
"Raw, inflamed skin near my elbow. rough-feeling in that spot.",Eczema
"A discolored spot on my finger, mild irritation.",Viral Infections
A single-colored mole that looks exactly the same as it did years ago on my scalp. with irregular edges.,Melanocytic Nevi
"Weird a small, dry, crusty spot on my face, dry and scaly, no clue what it is",Benign Keratosis-like Lesions
"I have a warty, barnacle-like bump with a rough, pitted surface on my leg. dry and scaly. it hasn't changed much. mild irritation.",Seborrheic Keratoses
I've been watching a single-colored mole that looks exactly the same as it did years ago on my shoulder and it's been there for several weeks. no significant pain.,Melanocytic Nevi
"A raised, well-defined bump appeared on my back a while ago. with sharp, well-defined, stuck-on looking edges. rough and bumpy on the surface. it showed up recently.",Seborrheic Keratoses
"After I had a stressful period at work, dry, scaly skin on my leg gets worse.",Psoriasis Lichen Planus
I noticed a discolored spot on my arm. flaky and thickened. it hasn't changed much.,Atopic Dermatitis
A reddish mark appeared on my arm a while ago. with irregular edges. dry and rough to the touch. it hasn't changed much.,Eczema
"I have an inflamed patch on my back, and dry and rough to the touch.",Fungal Infections
"When I sweat, no real pain and plaques appearing exactly where my skin was scratched or injured on my back appear.",Psoriasis Lichen Planus
"Weird an inflamed patch on my wrist, feels like it's sitting on top of the skin rather than growing from it, no clue what it is",Seborrheic Keratoses
"On my face: a waxy, scar-like area. keeps bleeding, scabbing over, and then reopening.",Basal Cell Carcinoma
I've noticed no significant pain and there's a rough patch on my shoulder. with somewhat defined edges. it came on gradually.,Benign Keratosis-like Lesions
"There's a thin, thread-like skin tag growing on my eyelid near my knee.",Viral Infections
"I'm worried about red, inflamed areas near my elbow because it's been there for several weeks.",Atopic Dermatitis
"There's athlete's foot causing cracked, peeling, white skin between my toes on my shoulder -- soft and macerated where skin touches skin -- that it's been there for several weeks.",Fungal Infections
I developed thick red raised plaques on my neck that comes with no real pain.,Psoriasis Lichen Planus
"I notice mild itching when the weather changes. There's thickened, leathery patches near my elbow.",Atopic Dermatitis
My skin on my wrist has been off. a skin lesion. dry and scaly. no real pain.,Viral Infections
"Skin prone to frequent infections from all the scratching, on my hands, dry and scaly.",Atopic Dermatitis
"So I've got a raised bump on my forearm, with mild itching",Viral Infections
"The skin near my knee shows a pink growth with a slightly sunken, crater-like center, and I've been dealing with mild irritation.",Basal Cell Carcinoma
"There's raw, weeping patches that crust over as they heal on my hands, feels crusty and dry, not sure what it is",Eczema
"I've had a small, uniform dark brown spot with no irregular areas on my shoulder that it's been there for several weeks.",Melanocytic Nevi
"I've noticed mild irritation and there's a flat, reddish, scaly patch on my cheek. with a rolled, slightly raised outer edge. it came on gradually.",Basal Cell Carcinoma
"Pinpoint bleeding spots when the scale is removed on my shoulder, no significant pain, been there ages",Psoriasis Lichen Planus
There's a patch on my feet. It looks like a scaly area. feels different from my other moles. has been changing shape and color over the last few months.,Melanoma
"On areas that get a lot of sun exposure, I get a slightly raised rough patch that bleeds lightly when I scratch it on my scalp.",Benign Keratosis-like Lesions
"I'm noticing a mole with multiple colors -- brown, black, red, and even some pale areas near my knee.",Melanoma
"There's a thick, yellowed, crumbly nail that's lifting off the nail bed on my forearm with a distinct circular outer rim, and dry and rough to the touch.",Fungal Infections
Something showed up on my leg. It's skin irritation triggered by a certain soap or fabric with irregular edges. rough and leathery feeling. a burning feeling when I sweat.,Eczema
There's a patch on my hands. It looks like a scaly area. crumbly and brittle on the nail. it came on gradually.,Fungal Infections
"There's a rough, sandpaper-like patch on my neck with a somewhat irregular, flat border, and rough and gritty like sandpaper.",Benign Keratosis-like Lesions
I've been watching plaques appearing exactly where my skin was scratched or injured on my leg and it showed up recently. some mild discomfort.,Psoriasis Lichen Planus
"There's small flat-topped shiny purplish bumps on my neck with fuzzy borders, and dry and rough to the touch.",Psoriasis Lichen Planus
I've noticed an itch that triggers before any visible rash appears on my scalp lately.,Atopic Dermatitis
I have patches that ooze clear fluid when I scratch on my scalp. dry and rough to the touch. flares and then settles down. intense itching that gets worse at night.,Eczema
I've got a rough patch on my wrists -- rough and thickened from scratching -- and no real pain,Atopic Dermatitis
"When my clothes rub against it, a discolored spot on my wrists gets worse.",Eczema
Something on my back looks like scaly red patches and showed up as small dots and then grew into larger plaques,Psoriasis Lichen Planus
"I developed a shiny, pearly bump with tiny visible blood vessels running through it on my face that comes with no significant pain.",Basal Cell Carcinoma
"There's a soft, dome-shaped mole that's been stable for as long as I can remember on my neck, flaky and thickened, not sure what it is",Melanocytic Nevi
"I noticed a red patch on my hands, along with no discomfort, it just won't go away.",Basal Cell Carcinoma
"Small flat-topped shiny purplish bumps on my ankles. with clear, well-demarcated borders.",Psoriasis Lichen Planus
"I've had a hard, rough-surfaced growth near my knee for a while, with mild itching.",Viral Infections
I've had some mild discomfort for a while now. There's a growth that looks like it could be lifted off with a fingernail on my shoulder with somewhat defined edges.,Seborrheic Keratoses
"Lately I've had a pink bump with a sunken center on my scalp that comes with no real pain, just occasional bleeding after a minor bump.",Basal Cell Carcinoma
"I developed a soft, dome-shaped mole that's been stable for as long as I can remember on my forearm that comes with mild irritation.",Melanocytic Nevi
"So on the inside of my elbows there's scaly red patches, and mild irritation",Eczema
"So on my feet there's a dark spot that's been changing, and no real pain, but it bleeds a little sometimes",Melanoma
"I have a strange new sensation I never noticed before, and there's a mole that started bleeding on its own without any injury on my back.",Melanoma
"A plantar wart on my heel that hurts when I walk appeared on my leg a while ago. with distinct, punched-out looking edges. flaky and thickened. it's been there for several weeks.",Viral Infections
"A reddish mark on my feet, no real pain.",Viral Infections
"I've had a scaly spot that's tender when I rub it firmly on my neck for a while, with mild itching.",Benign Keratosis-like Lesions
"The skin on my arm shows a pigmented spot, and I've been dealing with mild irritation.",Melanocytic Nevi
"A smooth, symmetric mole on my face. with smooth, perfectly regular borders.",Melanocytic Nevi
"I noticed an inflamed patch on my trunk, along with occasional mild itching.",Seborrheic Keratoses
I'm not sure what a scaly area on my lower back is -- rough-feeling in that spot and no significant pain.,Psoriasis Lichen Planus
"The skin near my knee shows a small, uniform dark brown spot with no irregular areas, and I've been dealing with some mild discomfort.",Melanocytic Nevi
A skin lesion showed up on my back a while back.,Seborrheic Keratoses
"I've had a dark brown spot on my arm for a while, with no significant pain.",Melanocytic Nevi
"There's a patch on my torso. It looks like athlete's foot causing cracked, peeling, white skin between my toes. dry and scaly. spread from one foot to the other.",Fungal Infections
"I've noticed tenderness when I press on it and there's a scaly, reddish-pink patch near my elbow. with irregular edges. has been there for months without healing completely.",Benign Keratosis-like Lesions
"There's a reddish mark on my wrists with precise, punched-out looking borders. rough-feeling in that spot. a stinging sensation where the skin cracks at the edges.",Psoriasis Lichen Planus
I noticed an itch that triggers before any visible rash appears around my eyes. rough and flaky. it hasn't changed much.,Atopic Dermatitis
"Got a flat, tan-colored mark on my forearm, slightly raised but soft",Melanocytic Nevi
I developed a rough patch on my arm that comes with mild itching.,Melanoma
A red patch on my face flares it started on an area that gets a lot of sun.,Basal Cell Carcinoma
Something doesn't look right on my bald scalp: an inflamed patch with irregular edges. feels tender when pressed.,Benign Keratosis-like Lesions
I've got red patches with silvery-white scales on my elbows and knees.,Psoriasis Lichen Planus
On my neck: a discolored spot. it hasn't changed much.,Fungal Infections
"My skin on my scalp is doing something weird -- a waxy, 'stuck-on' looking growth that appears pasted onto the skin surface",Seborrheic Keratoses
My skin on my face is doing something weird -- a scaly area,Seborrheic Keratoses
Got skin that breaks open and oozes when it flares near my knee and flares and then settles down,Eczema
"The skin on my hands shows a skin lesion, and I've been dealing with itching and occasional soreness around it.",Melanoma
"There's a reddish mark on my wrists, and occasional mild itching.",Psoriasis Lichen Planus
"I noticed a thick, yellowed, crumbly nail that's lifting off the nail bed on my face. rough-feeling in that spot. has been getting worse in hot, humid conditions.",Fungal Infections
I notice occasional mild itching when the weather changes. There's patches on the extensor surface -- the outside of my elbows and knees on my hands.,Psoriasis Lichen Planus
Small fluid-filled bumps appeared on my eyelids a while ago. with fuzzy borders. dry and scaly. it's been there for a while.,Eczema
"I noticed a mole with multiple colors -- brown, black, red, and even some pale areas on my feet. rough-feeling in that spot. it showed up recently.",Melanoma
"I've noticed mild itching and there's a hard lump with visible black specks that look like seeds on my hands. with distinct, punched-out looking edges. has stayed about the same size for weeks.",Viral Infections
"I'm worried about an open sore that bleeds, scabs over, and then reopens a few weeks later on my forearm because it hasn't changed much.",Basal Cell Carcinoma
"A warty, barnacle-like bump with a rough, pitted surface on my trunk flares when the weather changes.",Seborrheic Keratoses
"Got a reddish mark on my leg, rough and flaky",Fungal Infections
I have a skin lesion on my face. rough and flaky. it hasn't changed much. some mild discomfort.,Melanocytic Nevi
"There's a waxy, scar-like flat patch with an indistinct border on my forehead.",Basal Cell Carcinoma
Skin that leaks clear fluid after scratching appeared on my scalp a while ago. with somewhat defined edges. the skin there is leathery and thick. it hasn't changed much.,Atopic Dermatitis
A dry patch on my chest. no real pain.,Basal Cell Carcinoma
I have a raised bump on my neck. dry and rough to the touch. it hasn't changed much. some mild discomfort.,Melanoma
"I have a flat, pink-red scaly patch with a gritty texture on my sun-exposed skin on my neck, and rough-feeling in that spot.",Benign Keratosis-like Lesions
"I have small flat-topped shiny purplish bumps on my scalp with clear, well-demarcated borders.",Psoriasis Lichen Planus
"I've got raw, inflamed skin on my scalp -- dry and rough to the touch -- and no significant pain",Eczema
"It started as a round, well-defined growth on my leg. Now rough-feeling in that spot. it's been there for a while.",Seborrheic Keratoses
A hard lump with visible black specks that look like seeds on my leg. it's been there for a while. mild itching.,Viral Infections
I developed a cluster of small flesh-colored bumps on my forearm that comes with mild irritation.,Viral Infections
"My skin on my finger is doing something weird -- a raised, well-defined bump",Viral Infections
"A soft, dome-shaped mole that's been stable for as long as I can remember on my face. slightly raised but soft.",Melanocytic Nevi
"My skin on the inside of my elbows has been off. raw, weeping patches that crust over as they heal. rough-feeling in that spot. itchy and irritated.",Eczema
I have an inflamed patch on my wrist and honestly keeps coming back every winter when the air gets dry,Eczema
"Lately I've had a dark brown spot on my chest that comes with nothing unusual, it's just always been there.",Melanocytic Nevi
"So on my chest there's skin that weeps and crusts over, and occasional mild itching",Eczema
A red patch appeared on my groin and inner thigh a while ago. with a distinct circular outer rim. rough-feeling in that spot. keeps expanding outward from the center.,Fungal Infections
There's a dark brown spot on my chest.,Melanoma
A hereditary skin condition -- my sibling has it too on my arm. it's been there for a while. no real pain.,Atopic Dermatitis
Patches on the extensor surface -- the outside of my elbows and knees showed up on my wrist and showed up as small dots and then grew into larger plaques,Psoriasis Lichen Planus
I noticed a dry patch on my feet. dry and scaly. it came on gradually.,Seborrheic Keratoses
I've been watching a rough patch near my elbow and it's been there for several weeks. occasional mild itching.,Basal Cell Carcinoma
"Something showed up on my hands. It's a thin, thread-like skin tag growing on my eyelid with distinct, punched-out looking edges. dry and rough to the touch. mild discomfort when I press on it.",Viral Infections
Got symmetrical red patches on both sides of my body on my wrist and it showed up recently,Atopic Dermatitis
"Weird a raised bump on my bald scalp, dry and rough to the touch, no clue what it is",Benign Keratosis-like Lesions
There's a hard lump with visible black specks that look like seeds on my neck -- dry and rough to the touch -- that keeps spreading into a small cluster.,Viral Infections
A dark brown spot on my hands. it hasn't changed much. no significant pain.,Melanoma
I'm worried about a skin lesion on my wrist because it's been there for several weeks.,Seborrheic Keratoses
"Something doesn't look right on my neck: an open sore that bleeds, scabs over, and then reopens a few weeks later with somewhat defined edges. dry and scaly.",Basal Cell Carcinoma
"I have mild irritation, and there's a symmetric mole with a smooth, even border on my leg.",Melanocytic Nevi
"I've noticed a soft, dome-shaped mole that's been stable for as long as I can remember near my elbow lately.",Melanocytic Nevi
A dark brown spot appeared on my chest a while ago. with somewhat defined edges. flaky and thickened. it came on gradually.,Melanoma
"I've had a mole that started bleeding on its own without any injury on my scalp for a while, with no real pain.",Melanoma
Something's going on on my feet. It's scaly red patches. covered in thick silvery scales. a stinging sensation where the skin cracks at the edges.,Psoriasis Lichen Planus
"Got red, ring-shaped scaly patches on my hands and it hasn't changed much",Fungal Infections
"I have no real pain, and there's a reddish mark on my neck.",Melanoma
A red patch on my neck. dry and scaly.,Melanocytic Nevi
"I'm not sure what scaly, irritated skin on my shoulder is -- dry and rough to the touch and occasional mild itching.",Atopic Dermatitis
My skin on my shoulder is doing something weird -- a tan to dark brown growth that looks thicker and greasier than a normal mole,Seborrheic Keratoses
"Something on my leg looks like a flat, pink-red scaly patch with a gritty texture on my sun-exposed skin and it hasn't changed much",Benign Keratosis-like Lesions
"I've had mild itching for a while now. There's cracked, dry skin on my chest with blurry borders that blend into surrounding skin.",Atopic Dermatitis
A red patch showed up on my back and has been slowly growing over several months,Basal Cell Carcinoma
I've noticed a growth that looks like it could be lifted off with a fingernail on my neck lately.,Seborrheic Keratoses
Small fluid-filled bumps showed up on my hands a while back.,Eczema
The skin on my arm has changed. There's a dry patch now. rough and irregular. keeps spreading into a small cluster.,Viral Infections
"I'm not sure what sharply defined, scaly plaques near my knee is -- rough and flaky and occasional mild itching.",Psoriasis Lichen Planus
I've had mild irritation for a while now. There's a dry patch on my leg with blurry borders that blend into surrounding skin.,Atopic Dermatitis
"A rough, sandpaper-like patch showed up on my forearms and it's been there for a while",Benign Keratosis-like Lesions
There's a scaly area on my feet -- dry and scaly -- that it came on gradually.,Melanocytic Nevi
"A red patch near my knee flares no particular trigger, it just appeared gradually.",Seborrheic Keratoses
Something doesn't look right on my back: a red patch with irregular edges. dry and rough to the touch.,Melanoma
"Something on my chest looks like red, ring-shaped scaly patches and it showed up recently",Fungal Infections
"When I sweat, small fluid-filled bumps on my neck gets worse.",Eczema
I've had intense itching that gets worse at night for a while now. There's itchy red patches on my wrists with irregular edges.,Eczema
A hereditary skin condition -- my sibling has it too on my arm. with blurry borders that blend into surrounding skin.,Atopic Dermatitis
"The skin on my arm has changed. There's a rough patch now. rough and flaky. hasn't changed in size, shape, or color.",Melanocytic Nevi
"My skin on my leg is doing something weird -- a small, round, evenly colored brown spot",Melanocytic Nevi
"I've had a dry patch behind my knees for a while, with severe itching I can barely control.",Eczema
"So on my hands there's a rough, sandpaper-like patch that feels much rougher than it looks, and occasional itching",Benign Keratosis-like Lesions
"So I've got a red patch on my arms, with some mild discomfort",Psoriasis Lichen Planus
I notice itchy and irritated after I had a stressful period at work. There's scaly red patches on my scalp.,Psoriasis Lichen Planus
"I noticed a dry patch on my wrist, along with mild itching.",Melanoma
"I've had a plantar wart on my heel that hurts when I walk on my shoulder for a while, with no significant pain.",Viral Infections
"Red, ring-shaped scaly patches showed up on my neck a while back.",Fungal Infections
There's bumps with a fine white lacy pattern on the surface on my ankles -- flaky and thickened -- that it hasn't changed much.,Psoriasis Lichen Planus
"A rough patch appeared on my forearm a while ago. with translucent, blurry borders. dry and rough to the touch. it's been there for a while.",Basal Cell Carcinoma
"Skin irritation triggered by a certain soap or fabric on my scalp. with blurry, ill-defined edges.",Eczema
I've had a hereditary skin condition -- my sibling has it too on my shoulder for some time. dry and rough to the touch. no significant pain.,Atopic Dermatitis
"Got a discolored spot on my feet, slightly raised but soft",Melanocytic Nevi
Skin irritation triggered by a certain soap or fabric on my hands. clears up for a few weeks and then flares back up. no significant pain.,Eczema
I have a small rough bump on my back.,Viral Infections
"There's a dry patch on my back -- slightly raised and uneven -- and no real pain, but it bleeds a little sometimes.",Melanoma
"I have sharply defined, scaly plaques on my hands with very sharply defined, distinct edges.",Psoriasis Lichen Planus
"There's a patch on my wrist. It looks like a flat, pink-red scaly patch with a gritty texture on my sun-exposed skin. dry and scaly. it showed up recently.",Benign Keratosis-like Lesions
A scaly area on my leg flares when my clothes rub against it.,Basal Cell Carcinoma
A mole with several colors mixed in near my elbow flares when my clothes rub against it.,Melanoma
I've had a dry patch near my elbow for some time. rough and flaky. mild itching.,Melanocytic Nevi
"The skin on my face has changed. There's a perfectly round, evenly colored brown spot that hasn't changed at all now. rough-feeling in that spot. it's been there for several weeks.",Melanocytic Nevi
"So I've got a tan to dark brown growth that looks thicker and greasier than a normal mole on my feet, with some mild discomfort",Seborrheic Keratoses
"I've noticed mild irritation when it catches on something and there's a skin lesion near my knee. with a clearly defined, elevated border. it hasn't changed much.",Seborrheic Keratoses
"I've been watching a raised, well-defined bump on my wrist and it's been there for a while. no discomfort unless I scratch it.",Seborrheic Keratoses
"There's a skin lesion on my chest with irregular edges, and rough-feeling in that spot.",Seborrheic Keratoses
I've been watching a ring-shaped rash with a raised scaly outer border and clearer skin in the middle on my face and it came on gradually. mild irritation.,Fungal Infections
An inflamed patch on my scalp flares when my clothes rub against it.,Melanoma
Something showed up on my chest. It's a raised bump with irregular edges. dry and scaly. some mild discomfort.,Melanocytic Nevi
"When the weather changes, a scaly area on the folds of my elbows and knees gets worse.",Atopic Dermatitis
"There's a tan to dark brown growth that looks thicker and greasier than a normal mole on my chest with somewhat defined edges, and rough-feeling in that spot.",Seborrheic Keratoses
On my feet: a rough patch. the crust falls off and then regrows.,Benign Keratosis-like Lesions
I'm worried about patches that ooze and crust on my forearm because it hasn't changed much.,Eczema
"I noticed a thick, yellowed, crumbly nail that's lifting off the nail bed on my wrist. soft and macerated where skin touches skin. spread from one foot to the other.",Fungal Infections
"There's a reddish-brown patch that gets worse in hot, humid weather on my face, and occasional mild itching.",Fungal Infections
"I have a skin lesion on my eyelids, and dry and rough to the touch.",Eczema
I've had a ring-shaped rash with a raised border on my back for some time. flaky and thickened. occasional mild itching.,Fungal Infections
"There's a flat-topped warty bump that keeps multiplying around my eyes, and some mild discomfort.",Viral Infections
A scaly spot that's tender when I rub it firmly on my ears. no real pain.,Benign Keratosis-like Lesions
"When I use scented products, scaly, irritated skin on my chest gets worse.",Atopic Dermatitis
"I have red, inflamed areas near my knee with irregular edges.",Atopic Dermatitis
"There's a ring-shaped rash with a raised scaly outer border and clearer skin in the middle on my face, and intense itching and burning.",Fungal Infections
I've had patches that ooze and crust on my wrist for some time. dry and scaly. severe itching I can barely control.,Eczema
I've noticed a rough patch on my arm lately.,Fungal Infections
Something's going on near my elbow. It's a hereditary skin condition -- my sibling has it too. flaky and thickened. intense itching that wakes me up at night.,Atopic Dermatitis
Something on my forearm looks like a red patch and it showed up recently,Psoriasis Lichen Planus
My skin near my elbow has been off. a rough patch. dry and scaly. mild irritation.,Viral Infections
I developed a slightly raised rough patch that bleeds lightly when I scratch it on my scalp that comes with no real pain.,Benign Keratosis-like Lesions
There's small rough bumps covering my upper arms and thighs on my back -- flaky and thickened -- that keeps returning in the same spots year after year.,Atopic Dermatitis
"A raised, well-defined bump on my back. mild irritation.",Seborrheic Keratoses
"I've had dry, itchy patches that have been recurring since childhood on my wrists for a while, with some mild discomfort.",Atopic Dermatitis
"When the weather changes, mild itching and a brown to dark brown raised plaque with a greasy, waxy feel near my knee appear.",Seborrheic Keratoses
"A mole with several colors mixed in near my elbow, a strange new sensation I never noticed before, been there ages",Melanoma
"Got a ring-shaped rash with a raised scaly outer border and clearer skin in the middle on my arm, rough-feeling in that spot",Fungal Infections
"A spot with irregular, notched borders on my back flares it started changing after a lot of sun exposure.",Melanoma
"I'm worried about a small, round, evenly colored brown spot on my leg because it's been there for several weeks.",Melanocytic Nevi
"I noticed a mole with an uneven, asymmetrical shape on my wrist, along with mild irritation.",Melanoma
"There's a waxy, scar-like area on my arm with an indistinct, difficult-to-define edge. rough and flaky. some mild discomfort.",Basal Cell Carcinoma
I'm not sure what a scaly spot that's tender when I rub it firmly on my hands is -- flaky and thickened and mild itching.,Benign Keratosis-like Lesions
"Got a pink growth with a slightly sunken, crater-like center on my neck, rough and flaky",Basal Cell Carcinoma
Between my toes: a rash that keeps expanding outward in a ring shape. it came on gradually.,Fungal Infections
There's a patch on my forearm. It looks like a reddish mark. dry and rough to the touch. it came on gradually.,Melanocytic Nevi
There's a patch near my knee. It looks like a rough patch. dry and rough to the touch. it showed up recently.,Melanocytic Nevi
"So I've got a pink bump with a sunken center on my scalp, with no discomfort, it just won't go away",Basal Cell Carcinoma
"I've noticed occasional mild itching and there's an inflamed patch on my hands. with a clearly defined, elevated border. has been slowly growing thicker over several years.",Seborrheic Keratoses
"So I've got a waxy, 'stuck-on' looking growth that appears pasted onto the skin surface on my shoulder, with no significant pain",Seborrheic Keratoses
Lately I've had a reddish mark on my arm that comes with mild itching.,Melanocytic Nevi
"When I wear synthetic fabrics, skin irritation triggered by a certain soap or fabric on my fingers gets worse.",Eczema
A scaly area on my scalp flares when the weather changes.,Melanocytic Nevi
I have a dry patch on my hands.,Eczema
"I have a dry patch on my elbows and knees with precise, punched-out looking borders.",Psoriasis Lichen Planus
Got a bump that keeps bleeding even after a very minor bump or scrape on my scalp and the scab keeps falling off and the raw area underneath comes back,Basal Cell Carcinoma
I noticed a ring-shaped rash with a raised scaly outer border and clearer skin in the middle on my back. flaky and thickened. it showed up recently.,Fungal Infections
"The skin on my hands shows raw, weeping patches that crust over as they heal, and I've been dealing with some mild discomfort.",Eczema
There's an inflamed patch on my chest -- waxy and slightly greasy to the touch -- that it's been there for a while.,Seborrheic Keratoses
I have scaly red patches on my arm and honestly it's been there for a while,Psoriasis Lichen Planus
A reddish mark appeared on my forearm a while ago. with irregular edges. flaky and thickened. it's been there for a while.,Viral Infections
I've had a mole with several colors mixed in near my knee that it's been there for a while.,Melanoma
"So I've got a small, round, evenly colored brown spot on my face, with some mild discomfort",Melanocytic Nevi
"There's a patch on my feet. It looks like a soft, dome-shaped mole that's been stable for as long as I can remember. smooth and flat against my skin. it's been there for several weeks.",Melanocytic Nevi
"I've had a waxy, scar-like flat patch with an indistinct border on my neck for a while, with some mild discomfort.",Basal Cell Carcinoma
"I have a raised bump on my arm, and flaky when I run my hand over it.",Psoriasis Lichen Planus
"I have occasional mild itching, and there's a red patch on the sole of my foot.",Fungal Infections
"An itch that triggers before any visible rash appears on my leg, mild irritation.",Atopic Dermatitis
"A shiny, pearly bump with tiny visible blood vessels running through it on my neck flares when my clothes rub against it.",Basal Cell Carcinoma
"Got a skin lesion on my hands, feels crusty and dry",Eczema
"Something showed up on my back. It's a pink growth with a slightly sunken, crater-like center with somewhat defined edges. rough-feeling in that spot. some mild discomfort.",Basal Cell Carcinoma
"I've had no significant pain for a while now. There's a raised, well-defined bump near my knee with a rough, uneven surface and irregular edges.",Viral Infections
Something doesn't look right near my knee: a pink bump with a sunken center with irregular edges. smooth and shiny on the surface.,Basal Cell Carcinoma
Lately I've had a bump that keeps bleeding even after a very minor bump or scrape on my shoulder that comes with no significant pain.,Basal Cell Carcinoma
"Something doesn't look right on my back: a flat, tan-colored mark with irregular edges. flaky and thickened.",Melanocytic Nevi
Something doesn't look right on my feet: an inflamed patch with somewhat defined edges. rough and leathery feeling.,Eczema
"A mole with an uneven, asymmetrical shape showed up on my face and it hasn't changed much",Melanoma
Something's going on on my ears. It's a scaly spot that's tender when I rub it firmly. rough and flaky. no real pain.,Benign Keratosis-like Lesions
"I've had a reddish mark on my face for a while, with no pain, just a rough texture I can feel.",Benign Keratosis-like Lesions
"I've got a flat, tan-colored mark on my neck.",Melanocytic Nevi
"Got a spot with irregular, notched borders near my knee, rough and flaky",Melanoma
I've had a discolored spot on my back that it came on gradually.,Basal Cell Carcinoma
A hard lump with visible black specks that look like seeds on my face flares when the weather changes.,Viral Infections
"Small rough bumps covering my upper arms and thighs, on my back, dry and scaly.",Atopic Dermatitis
"When my clothes rub against it, I get a reddish mark on my chest.",Melanocytic Nevi
"The skin on my forearm shows a growth that bleeds, and I've been dealing with itching and occasional soreness around it.",Melanoma
"I've noticed dry, itchy patches that have been recurring since childhood on my feet lately.",Atopic Dermatitis
I developed a raised bump on my wrist that comes with no discomfort unless I scratch it.,Seborrheic Keratoses
Plaques appearing exactly where my skin was scratched or injured on my scalp. it's been there for a while. some mild discomfort.,Psoriasis Lichen Planus
I'm not sure what thick red raised plaques on my scalp is -- flaky when I run my hand over it and itchy and irritated.,Psoriasis Lichen Planus
A raised bump showed up on my wrist a while back.,Melanoma
"So I've got a plantar wart on my heel that hurts when I walk on my neck, with mild irritation",Viral Infections
I've noticed a dry patch on my wrist lately.,Eczema
There's a discolored spot near my knee -- dry and rough to the touch -- and a burning feeling when I sweat.,Eczema
I noticed a skin lesion on my neck. flaky and thickened. it hasn't changed much.,Benign Keratosis-like Lesions
"A raised bump on my scalp. with blurry, ill-defined edges.",Eczema
"I've got a hard, rough-surfaced growth near my knee -- rough-feeling in that spot -- and no real pain",Viral Infections
There's skin irritation triggered by a certain soap or fabric on my face with fuzzy borders. dry and rough to the touch. no significant pain.,Eczema
"I have itchy and irritated, along with an itch that triggers before any visible rash appears on my cheeks with irregular edges.",Atopic Dermatitis
Scaly red patches on my neck. it came on gradually. no significant pain.,Psoriasis Lichen Planus
"I have mild discomfort when I press on it, and there's an inflamed patch on my forearm.",Viral Infections
"Something doesn't look right near my elbow: a rough, sandpaper-like patch with irregular edges. dry and scaly.",Benign Keratosis-like Lesions
"A perfectly round, evenly colored brown spot that hasn't changed at all on my face, no discomfort whatsoever, been there ages",Melanocytic Nevi
"When I sweat, I get a brown to dark brown raised patch on my face.",Seborrheic Keratoses
"There's a raised, warty growth on my armpit -- dry and rough to the touch -- that grew slowly over several months.",Viral Infections
"I have a soft, dome-shaped mole that's been stable for as long as I can remember on my shoulder with dry and rough to the touch.",Melanocytic Nevi
"Something near my knee looks like a raised, well-defined bump and showed up suddenly and multiplied into several bumps",Viral Infections
"The skin on my face shows a growth that looks like it could be lifted off with a fingernail, and I've been dealing with mild itching.",Seborrheic Keratoses
I have a scaly area on my face.,Basal Cell Carcinoma
A red patch on my back. with irregular edges.,Psoriasis Lichen Planus
"Should I be worried about a raised, well-defined bump on my forearm? dry and rough to the touch. it showed up recently.",Seborrheic Keratoses
It started as a slightly raised rough patch that bleeds lightly when I scratch it on my forearm. Now flaky and thickened. it showed up recently.,Benign Keratosis-like Lesions
"Weird a dry patch on my elbows and knees, covered in thick silvery scales, no clue what it is",Psoriasis Lichen Planus
"A waxy, scar-like flat patch with an indistinct border on my arm. it came on gradually. no real pain, just occasional bleeding after a minor bump.",Basal Cell Carcinoma
I have a raised bump on my armpit. rough-feeling in that spot. it's been there for a while. mild irritation.,Viral Infections
I've had a flat-topped warty bump that keeps multiplying on my face that showed up suddenly and multiplied into several bumps.,Viral Infections
"I've had a perfectly round, evenly colored brown spot that hasn't changed at all on my face for some time. rough-feeling in that spot. occasional mild itching.",Melanocytic Nevi
"Weird a mole with an uneven, asymmetrical shape on my shoulder, dry and scaly, no clue what it is",Melanoma
"I have an open sore that bleeds, scabs over, and then reopens a few weeks later on my arm with rough and flaky.",Basal Cell Carcinoma
"When the weather changes, painful when I put weight on it and a hard, rough-surfaced growth near my knee appear.",Viral Infections
I've noticed a growth that bleeds on my feet lately.,Basal Cell Carcinoma
It started as a discolored spot on my wrists. Now the skin there is thickened from years of scratching. spreads a bit more every time I scratch it.,Eczema
"Weird a growth that bleeds on my shoulder, waxy and scar-like, no clue what it is",Basal Cell Carcinoma
"The skin on my scalp shows a small, shiny, pearly bump, and I've been dealing with no real pain, just occasional bleeding after a minor bump.",Basal Cell Carcinoma
Should I be worried about a reddish mark on my hands? flaky and thickened. flares and then settles down.,Eczema
I've got bumps with a fine white lacy pattern on the surface on my arms -- flaky and thickened -- and some mild discomfort,Psoriasis Lichen Planus
"A slightly raised rough patch that bleeds lightly when I scratch it on my shoulder, mild irritation.",Benign Keratosis-like Lesions
I noticed a single-colored mole that looks exactly the same as it did years ago on my forearm. rough and flaky. it showed up recently.,Melanocytic Nevi
"There's raw, weeping patches that crust over as they heal on the inside of my elbows, and some mild discomfort.",Eczema
I'm noticing a mole that started bleeding on its own without any injury on my neck.,Melanoma
"Scaly, irritated skin appeared on my leg a while ago. with indistinct, gradually fading edges. rough and thickened from scratching. it showed up recently.",Atopic Dermatitis
"Got a mole with an asymmetrical, uneven shape -- one half doesn't match the other on my shoulder, flaky and thickened",Melanoma
"Something's going on on my back. It's a rough patch. flaky and thickened. no real pain, but it bleeds a little sometimes.",Melanoma
"A mole with an asymmetrical, uneven shape -- one half doesn't match the other near my knee, no significant pain.",Melanoma
I've got a ring-shaped rash with a raised scaly outer border and clearer skin in the middle near my knee -- dry and scaly -- and mild itching that worsens in humid weather,Fungal Infections
"When my clothes rub against it, a red patch on my feet gets worse.",Basal Cell Carcinoma
"Red, ring-shaped scaly patches showed up on my back and has persisted for a long time without clearing",Psoriasis Lichen Planus
I've had a discolored spot on my chest that it showed up recently.,Benign Keratosis-like Lesions
Should I be worried about a plantar wart on my heel that hurts when I walk on my feet? smooth with a central dimple. it showed up recently.,Viral Infections
"My skin on my feet is doing something weird -- a dry, crusty spot on a sun-damaged area that keeps peeling off and returning",Benign Keratosis-like Lesions
"After I had a stressful period at work, small flat-topped shiny purplish bumps on my forearm gets worse.",Psoriasis Lichen Planus
I've had a pigmented spot on my arm for some time. rough and flaky. no significant pain.,Melanoma
"So I've got a dark brown spot on my feet, with mild itching",Melanoma
My skin on my arm has been off. a raised bump. flaky and thickened. no significant pain.,Psoriasis Lichen Planus
Should I be worried about a brown to dark brown raised patch on my forearm? rough and flaky. it hasn't changed much.,Seborrheic Keratoses
"Got dry, itchy patches that have been recurring since childhood on my arm, dry and rough to the touch",Atopic Dermatitis
Got a discolored spot on my scalp and it's been there for several weeks,Melanoma
"I notice mild itching when the weather changes. There's a brown to dark brown raised plaque with a greasy, waxy feel on my chest.",Seborrheic Keratoses
"When I sweat, a burning, stinging feeling after I sweat and a discolored spot on my scalp appear.",Atopic Dermatitis
"I've had a skin lesion on my face for a while, with some mild discomfort.",Melanoma
"The skin on the sole of my foot has changed. There's a rash that keeps expanding outward in a ring shape now. dry and rough to the touch. has been getting worse in hot, humid conditions.",Fungal Infections
It started as a dry patch on the back of my hands. Now dry and scaly. keeps returning in the same spots year after year.,Atopic Dermatitis
My skin on my neck has been off. a reddish mark. rough and flaky. no real pain.,Melanoma
"I have a soft, dome-shaped mole that's been stable for as long as I can remember on my leg.",Melanocytic Nevi
I developed thick silvery-white scales that flake off in sheets on my face that comes with mild itching.,Psoriasis Lichen Planus
An inflamed patch on my scalp. with somewhat defined edges.,Basal Cell Carcinoma
Got a growth that bleeds on my face and it's been there for several weeks,Basal Cell Carcinoma
"Weird a waxy, scar-like flat patch with an indistinct border on my ear, smooth and shiny on the surface, no clue what it is",Basal Cell Carcinoma
My skin on my shoulder is doing something weird -- a raised bump,Melanocytic Nevi
I've noticed occasional mild itching and there's a red patch near my elbow. with somewhat defined edges. it's been there for several weeks.,Fungal Infections
"So I've got an inflamed patch on my arm, with occasional mild itching",Seborrheic Keratoses
"The skin near my elbow shows a dry patch, and I've been dealing with mild irritation.",Melanocytic Nevi
I've had a growth that looks like it could be lifted off with a fingernail on my scalp for some time. flaky and thickened. no real pain.,Seborrheic Keratoses
"When my clothes rub against it, occasional mild itching and a reddish mark on my feet appear.",Viral Infections
"There's a red patch near my knee, dry and scaly, not sure what it is",Fungal Infections
Got a rash that keeps expanding outward in a ring shape on my feet and it showed up recently,Fungal Infections
I'm not sure what an inflamed patch on my feet is -- rough-feeling in that spot and some mild discomfort.,Eczema
"A dry patch appeared on my leg a while ago. with clear, well-demarcated borders. rough-feeling in that spot. has lasted for months without going away.",Psoriasis Lichen Planus
"I'm worried about a thick, yellowed, crumbly nail that's lifting off the nail bed on my face because spread from one foot to the other.",Fungal Infections
There's a slightly raised rough patch that bleeds lightly when I scratch it on my forearm.,Benign Keratosis-like Lesions
Something on my shoulder looks like a reddish mark and it came on gradually,Basal Cell Carcinoma
"I have dry, scaly skin on my arms. thick and plaque-like. showed up as small dots and then grew into larger plaques. mild irritation.",Psoriasis Lichen Planus
"I've noticed dry, scaly skin on my hands lately.",Psoriasis Lichen Planus
I've got a red patch on my arm -- dry and rough to the touch -- and no real pain,Melanoma
Something on my face looks like a dark brown spot and has been there since I was a kid and never changed,Melanocytic Nevi
"I've had no real pain for a while now. There's a small, dry, crusty spot on my back with ill-defined, gradual borders.",Benign Keratosis-like Lesions
"I have no itching or pain at all, and there's a reddish mark on my face.",Melanocytic Nevi
"I have occasional mild itching, and there's a raised bump on my wrists.",Psoriasis Lichen Planus
"There's cracked, dry skin near my knee, and occasional mild itching.",Atopic Dermatitis
I'm concerned about red to brownish-gray patches on my eyelids that spreads a bit more every time I scratch it -- severe itching I can barely control.,Eczema
"I've had a raised, warty growth on my armpit that it's been there for several weeks.",Viral Infections
The skin near my elbow has changed. There's a pink bump with a sunken center now. dry and scaly. has been slowly growing over several months.,Basal Cell Carcinoma
Something on my leg looks like a mole that has been visibly growing and changing over the past few months and it's been there for several weeks,Melanoma
"Should I be worried about red, ring-shaped scaly patches on my toenail? rough around the border, softer in the center. it showed up recently.",Fungal Infections
My skin on my neck has been off. a reddish mark. flaky and thickened. no real pain.,Seborrheic Keratoses
"A waxy, scar-like flat patch with an indistinct border on my arm. with a rolled, slightly raised outer edge.",Basal Cell Carcinoma
A hard lump with visible black specks that look like seeds on my hands. with irregular edges.,Viral Infections
"I'm worried about a raised, well-defined bump on my hands because it showed up recently.",Viral Infections
"I've been watching a rough, cauliflower-like bump with tiny black dots on the surface on my forearm and grew slowly over several months. mild irritation.",Viral Infections
"My skin on my forearm is doing something weird -- a small, round, evenly colored brown spot",Melanocytic Nevi
Got a reddish-brown rash on my wrist and it showed up recently,Fungal Infections
A discolored spot showed up on my hands a while back.,Eczema
"It started as a rough, cauliflower-like bump with tiny black dots on the surface on my forearm. Now rough-feeling in that spot. it hasn't changed much.",Viral Infections
I've noticed occasional mild itching and there's a scaly area on my hands. with somewhat defined edges. it came on gradually.,Viral Infections
"Small circular bald patches on my scalp, on my groin and inner thigh, dry and rough to the touch.",Fungal Infections
"A brown to dark brown raised plaque with a greasy, waxy feel on my face, mild itching.",Seborrheic Keratoses
"There's a spot with jagged, notched, irregular borders on my shoulder, and mild irritation.",Melanoma
"The skin on my back shows blistering skin that bursts and leaves raw, wet patches, and I've been dealing with occasional mild itching.",Eczema
Something doesn't look right on my face: a skin lesion with fuzzy borders. waxy and slightly greasy to the touch.,Seborrheic Keratoses
"So inside my mouth there's dry, scaly skin, and some mild discomfort",Psoriasis Lichen Planus
The skin on my shoulder has changed. There's a slightly raised rough patch that bleeds lightly when I scratch it now. rough and gritty like sandpaper. the crust falls off and then regrows.,Benign Keratosis-like Lesions
I've had no real pain for a while now. There's a rough-surfaced growth on my ears with fuzzy borders.,Benign Keratosis-like Lesions
I've noticed mild irritation and there's a scaly area on my ear. with fuzzy borders. the scab keeps falling off and the raw area underneath comes back.,Basal Cell Carcinoma
"Scaly, irritated skin on my leg, intense itching that wakes me up at night.",Atopic Dermatitis
Something doesn't look right on the folds of my elbows and knees: an itch that triggers before any visible rash appears with somewhat defined edges. flaky and thickened.,Atopic Dermatitis
"Should I be worried about a perfectly round, evenly colored brown spot that hasn't changed at all near my knee? even and smooth to the touch. it's been there for a while.",Melanocytic Nevi
"I've noticed some mild discomfort and there's a waxy, scar-like flat patch with an indistinct border on my wrist. with somewhat defined edges. hasn't healed in over two months despite repeated scabbing.",Basal Cell Carcinoma
"I have athlete's foot causing cracked, peeling, white skin between my toes on my fingernail.",Fungal Infections
"Weird small rough bumps covering my upper arms and thighs near my knee, rough-feeling in that spot, no clue what it is",Atopic Dermatitis
I notice mild itching in hot and humid weather. There's an inflamed patch on my feet.,Fungal Infections
"A dry patch on my back, occasional mild itching, been there ages",Seborrheic Keratoses
I have a hard lump with visible black specks that look like seeds on my scalp.,Viral Infections
"My skin on my forearm has been off. athlete's foot causing cracked, peeling, white skin between my toes. dry and scaly. burning between my toes.",Fungal Infections
I have a mole that has been visibly growing and changing over the past few months on my back and honestly it came on gradually,Melanoma
I have a skin lesion on my face with rough-feeling in that spot.,Melanoma
"The skin on my wrist shows a reddish-brown patch that gets worse in hot, humid weather, and I've been dealing with some mild discomfort.",Fungal Infections
"A dry patch on my leg, no significant pain.",Psoriasis Lichen Planus
"I've had dry, scaly skin on my elbows and knees for a while, with occasional mild soreness.",Psoriasis Lichen Planus
"When my clothes rub against it, a small, round, evenly colored brown spot on my face gets worse.",Melanocytic Nevi
A discolored spot on my face flares when the weather changes.,Seborrheic Keratoses
"My skin on my chest has been off. dry, itchy patches that have been recurring since childhood. rough and flaky. mild itching.",Atopic Dermatitis
I'm concerned about a small rough bump on my finger that has stayed about the same size for weeks -- occasional mild itching.,Viral Infections
"I have occasional mild itching, and there's a ring-shaped rash with a raised border on my face.",Fungal Infections
"There's a flat, pink-red scaly patch with a gritty texture on my sun-exposed skin on my feet.",Benign Keratosis-like Lesions
I have a skin lesion on my neck with dry and rough to the touch.,Benign Keratosis-like Lesions
There's a patch on my arms. It looks like scaly red patches. flaky and thickened. it came on gradually.,Psoriasis Lichen Planus
I've had a pigmented spot on my stomach that stays exactly the same.,Melanocytic Nevi
There's patches on the extensor surface -- the outside of my elbows and knees on my arm with irregular edges. rough and flaky. no real pain.,Psoriasis Lichen Planus
"There's symmetrical red patches on both sides of my body on my feet with fuzzy borders, and rough-feeling in that spot.",Atopic Dermatitis
"Red, ring-shaped scaly patches on my feet flares when I sweat.",Fungal Infections
There's a scaly area inside my mouth -- flaky and rough -- and itchy and irritated.,Psoriasis Lichen Planus
"I have mild itching, and there's a growth that looks like it could be lifted off with a fingernail on my wrist.",Seborrheic Keratoses
A ring-shaped rash with a raised border on my torso. dry and scaly.,Fungal Infections
There's a small rough bump on my back -- rough like sandpaper on the surface -- that it's been there for several weeks.,Viral Infections
I developed patches that ooze clear fluid when I scratch on my chest that comes with constant urge to scratch.,Eczema
"I have a rough, sandpaper-like patch that feels much rougher than it looks on my neck and honestly it hasn't changed much",Benign Keratosis-like Lesions
"I have a mole with multiple colors -- brown, black, red, and even some pale areas on my face.",Melanoma
I've been watching pinpoint bleeding spots when the scale is removed on my hands and has persisted for a long time without clearing. occasional mild itching.,Psoriasis Lichen Planus
I'm concerned about a discolored spot on my neck that it's been there for several weeks -- mild itching.,Basal Cell Carcinoma
A mole with several colors mixed in on my chest. partly flat and partly raised within the same spot.,Melanoma
"I have a waxy, 'stuck-on' looking growth that appears pasted onto the skin surface on my neck, and rough and bumpy on the surface.",Seborrheic Keratoses
I have an inflamed patch near my elbow.,Melanoma
I've noticed a discolored spot on my cheek lately.,Basal Cell Carcinoma
"A rough patch, on my hands, rough and flaky.",Viral Infections
"I have a plantar wart on my heel that hurts when I walk on my shoulder, and rough and flaky.",Viral Infections
"I'm concerned about a dry, crusty spot on a sun-damaged area that keeps peeling off and returning on my leg that it came on gradually -- no significant pain.",Benign Keratosis-like Lesions
"Thickened, leathery patches near my knee. no real pain.",Atopic Dermatitis
Got a scaly area on my feet and it's been there for several weeks,Eczema
Something doesn't look right on my leg: a raised bump with fuzzy borders. peeling and flaking.,Fungal Infections
"So I've got a thin, thread-like skin tag growing on my eyelid on my shoulder, with mild discomfort when I press on it",Viral Infections
"I've noticed no real pain and there's a soft, dome-shaped mole that's been stable for as long as I can remember on my arm. with irregular edges. has been there since I was a kid and never changed.",Melanocytic Nevi
"There's dry, scaly skin on my forearm -- covered in thick silvery scales -- and occasional mild itching.",Psoriasis Lichen Planus
"There's a spot that's larger than a pencil eraser and keeps getting bigger on my chest, flaky and thickened, not sure what it is",Melanoma
"In hot and humid weather, I get a rough patch on my fingernail.",Fungal Infections
There's a red patch on my wrist.,Viral Infections
It started as an inflamed patch on my scalp. Now dry and scaly. it hasn't changed much.,Seborrheic Keratoses
"I've had a flat, slightly rough patch darker than the surrounding skin on my scalp for a while, with no significant pain.",Benign Keratosis-like Lesions
Something's going on on my arm. It's skin that breaks open and oozes when it flares. dry and scaly. mild itching.,Eczema
A scaly spot that's tender when I rub it firmly on my back. flaky and thickened.,Benign Keratosis-like Lesions
There's a raised bump inside my mouth -- dry and rough to the touch -- and some mild discomfort.,Psoriasis Lichen Planus
There's a rough patch on my feet with irregular edges. flaky and thickened. no real pain.,Melanoma
"I have no real pain, along with a flat, pink-red scaly patch with a gritty texture on my sun-exposed skin on my neck with ill-defined, gradual borders.",Benign Keratosis-like Lesions
I've got a discolored spot on my neck -- dry and rough to the touch -- and no significant pain,Melanoma
"My skin on the back of my hands has been off. a rough, sandpaper-like patch that feels much rougher than it looks. flaky and thickened. mild stinging or burning feeling.",Benign Keratosis-like Lesions
"There's small fluid-filled bumps on my hands, and no significant pain.",Eczema
